query,title,link,image_url,saved_path,width,height,status,collected_at
냉장고,캐리어 클라윈드 138L 냉장고 원룸 미니 소형 가정용 사무실 오피스텔 방문 설치,https://smartstore.naver.com/main/products/10389588760,https://shopping-phinf.pstatic.net/main_8793409/87934093619.9.jpg,data\staging\refrigerator\냉장고\stg_0000.jpg,1000,1000,skipped_duplicate,2026-05-14T14:33:19
냉장고,캐리어 캐리어CRK 냉장고 KRNC302SEI1 메탈실버,https://search.shopping.naver.com/catalog/55325346067,https://shopping-phinf.pstatic.net/main_5532534/55325346067.20251117103110.jpg,data\processed\refrigerator\naver_0232.jpg,344,344,approved,2026-05-14T14:33:20
냉장고,삼성전자 비스포크 AI 냉장고 4도어 902L (RM70F90M1) 에센셜 화이트(RM70F90M1ZD),https://search.shopping.naver.com/catalog/56424580420,https://shopping-phinf.pstatic.net/main_5642458/56424580420.20250826142123.jpg,data\staging\refrigerator\냉장고\stg_0002.jpg,2500,2500,skipped_duplicate,2026-05-14T14:33:20
냉장고,LG전자 디오스 4도어 870L (T873MEE111) 냉장고 네이처 베이지,https://search.shopping.naver.com/catalog/55746031178,https://shopping-phinf.pstatic.net/main_5574603/55746031178.20250711150843.jpg,data\staging\refrigerator\냉장고\stg_0003.jpg,1000,1000,skipped_duplicate,2026-05-14T14:33:21
냉장고,LG전자 디오스 매직스페이스 냉장고 4도어 870L (T875) 네이처 베이지(T875MEE111),https://search.shopping.naver.com/catalog/53546968608,https://shopping-phinf.pstatic.net/main_5354696/53546968608.20260416163439.jpg,data\staging\refrigerator\냉장고\stg_0004.jpg,1000,1000,skipped_duplicate,2026-05-14T14:33:21
냉장고,삼성전자 비스포크 키친핏 Max 4도어 640L 에센셜 화이트(RM70F63R2Z),https://search.shopping.naver.com/catalog/55831245805,https://shopping-phinf.pstatic.net/main_5583124/55831245805.20250717155549.jpg,data\staging\refrigerator\냉장고\stg_0005.jpg,500,383,skipped_duplicate,2026-05-14T14:33:21
냉장고,캐리어 냉장고 클라윈드 원룸 소형 미니냉장고 사무실 무료설치 138L,https://smartstore.naver.com/main/products/10566056643,https://shopping-phinf.pstatic.net/main_8811056/88110562168.13.jpg,data\staging\refrigerator\냉장고\stg_0006.jpg,1000,1000,skipped_duplicate,2026-05-14T14:33:22
냉장고,LG전자 오브제컬렉션 모던엣지 냉장고 2도어 344L (33) 네이처 크림화이트+크림화이트(Q343MHHF33),https://search.shopping.naver.com/catalog/53527922501,https://shopping-phinf.pstatic.net/main_5352792/53527922501.20260416162228.jpg,data\staging\refrigerator\냉장고\stg_0007.jpg,350,350,skipped_duplicate,2026-05-14T14:33:22
냉장고,삼성전자 비스포크 4도어 905L RM70F90R1ZD 에센셜 화이트,https://search.shopping.naver.com/catalog/58033468145,https://shopping-phinf.pstatic.net/main_5803346/58033468145.20251205145257.jpg,data\staging\refrigerator\냉장고\stg_0008.jpg,1000,1000,skipped_duplicate,2026-05-14T14:33:22
냉장고,삼성전자 비스포크 냉장고 900리터 이하 삼성냉장고 양문형 852L 코타화이트 AI인버터,https://smartstore.naver.com/main/products/11433541587,https://shopping-phinf.pstatic.net/main_8897805/88978051952.5.jpg,data\processed\refrigerator\naver_0233.jpg,1000,1000,approved,2026-05-14T14:33:23
냉장고,LG전자 디오스 2도어 832L (S836MQQ012) 네이처 에센스 화이트,https://search.shopping.naver.com/catalog/56501182282,https://shopping-phinf.pstatic.net/main_5650118/56501182282.20250829171533.jpg,data\staging\refrigerator\냉장고\stg_0010.jpg,350,350,skipped_duplicate,2026-05-14T14:33:23
냉장고,LG전자 2도어 507L 화이트(B502W33),https://search.shopping.naver.com/catalog/53547335583,https://shopping-phinf.pstatic.net/main_5354733/53547335583.20260423153015.jpg,data\staging\refrigerator\냉장고\stg_0011.jpg,350,350,skipped_duplicate,2026-05-14T14:33:24
냉장고,"LG전자 2도어 189L 화이트 (B182W13) 왼쪽(좌), 화이트",https://search.shopping.naver.com/catalog/53509488026,https://shopping-phinf.pstatic.net/main_5350948/53509488026.20250312153418.jpg,data\staging\refrigerator\냉장고\stg_0012.jpg,1000,1000,skipped_duplicate,2026-05-14T14:33:24
냉장고,"LG전자 미니 냉장고 1도어 43L 왼쪽(좌), 슈퍼 화이트(B053W14)",https://search.shopping.naver.com/catalog/53530269009,https://shopping-phinf.pstatic.net/main_5353026/53530269009.20250313153009.jpg,data\staging\refrigerator\냉장고\stg_0013.jpg,500,500,deleted,2026-05-14T14:33:24
냉장고,삼성 냉장고 300리터 1등급 소형 2도어 스마트싱스 원룸 사무실 오피스텔 298L,https://smartstore.naver.com/main/products/8162039647,https://shopping-phinf.pstatic.net/main_8570653/85706539970.14.jpg,data\staging\refrigerator\냉장고\stg_0014.jpg,1000,1000,skipped_duplicate,2026-05-14T14:33:25
냉장고,삼성전자 삼성 2도어 852L (RS84DG5002M9) 젠틀실버,https://search.shopping.naver.com/catalog/55743927988,https://shopping-phinf.pstatic.net/main_5574392/55743927988.20250711110126.jpg,data\staging\refrigerator\냉장고\stg_0015.jpg,500,500,skipped_duplicate,2026-05-14T14:33:25
냉장고,캐리어 캐리어CRK KRDT168WEM1 화이트,https://search.shopping.naver.com/catalog/56020024229,https://shopping-phinf.pstatic.net/main_5602002/56020024229.20250730184917.jpg,data\staging\refrigerator\냉장고\stg_0016.jpg,500,500,skipped_duplicate,2026-05-14T14:33:26
냉장고,삼성전자 비스포크 2도어 852L (RS84DB5002CW) 코타 PCM 화이트,https://search.shopping.naver.com/catalog/53598623443,https://shopping-phinf.pstatic.net/main_5359862/53598623443.20250703103057.jpg,data\staging\refrigerator\냉장고\stg_0017.jpg,900,900,skipped_duplicate,2026-05-14T14:33:26
냉장고,삼성전자 비스포크 BESPOKE AI 냉장고 4도어 905L 에센셜 화이트(RM70F90R2ZD),https://search.shopping.naver.com/catalog/53916543178,https://shopping-phinf.pstatic.net/main_5391654/53916543178.20250402095350.jpg,data\staging\refrigerator\냉장고\stg_0018.jpg,892,684,skipped_duplicate,2026-05-14T14:33:26
냉장고,더함 R092D1-MS0TM 메탈실버,https://search.shopping.naver.com/catalog/53940811262,https://shopping-phinf.pstatic.net/main_5394081/53940811262.20260105161633.jpg,data\staging\refrigerator\냉장고\stg_0019.jpg,750,750,deleted,2026-05-14T14:33:27
냉장고,캐리어 캐리어CRK KRDT138WEM1 화이트,https://search.shopping.naver.com/catalog/55112116249,https://shopping-phinf.pstatic.net/main_5511211/55112116249.20250721092203.jpg,data\staging\refrigerator\냉장고\stg_0020.jpg,500,500,skipped_duplicate,2026-05-14T14:33:27
냉장고,우성 업소용 냉장고 냉동고 45박스 영업용 카페용 식당용 직냉식 올냉장 메탈,https://smartstore.naver.com/main/products/4715237586,https://shopping-phinf.pstatic.net/main_8225975/82259758608.13.jpg,data\staging\refrigerator\냉장고\stg_0021.jpg,1000,1000,deleted,2026-05-14T14:33:28
냉장고,캐리어 미니 원도어 냉장고 47L 소형 원룸 사무실 오피스텔 자취 고시원 기숙사,https://smartstore.naver.com/main/products/12774863226,https://shopping-phinf.pstatic.net/main_9031937/90319374175.1.jpg,data\staging\refrigerator\냉장고\stg_0022.jpg,1000,1000,deleted,2026-05-14T14:33:28
냉장고,LG전자 오브제컬렉션 일반냉장고 2도어 612L (52) 네이처 프라임 실버(D604MPS52),https://search.shopping.naver.com/catalog/55078451347,https://shopping-phinf.pstatic.net/main_5507845/55078451347.20250602150142.jpg,data\staging\refrigerator\냉장고\stg_0023.jpg,600,600,skipped_duplicate,2026-05-14T14:33:28
냉장고,LG전자 디오스 AI 오브제컬렉션 냉장고 (매직스페이스) 2도어 832L 1등급 (111) 네이처 베이지(S834MEE111),https://search.shopping.naver.com/catalog/56421536083,https://shopping-phinf.pstatic.net/main_5642153/56421536083.20250825103945.jpg,data\staging\refrigerator\냉장고\stg_0024.jpg,1000,1000,skipped_duplicate,2026-05-14T14:33:29
냉장고,캐리어 캐리어CRK KRNT255SEM1 메탈실버,https://search.shopping.naver.com/catalog/55341604996,https://shopping-phinf.pstatic.net/main_5534160/55341604996.20250930140349.jpg,data\staging\refrigerator\냉장고\stg_0025.jpg,640,640,skipped_duplicate,2026-05-14T14:33:29
냉장고,캐리어 캐리어CRK KRDT198SEM1 메탈실버,https://search.shopping.naver.com/catalog/54258055865,https://shopping-phinf.pstatic.net/main_5425805/54258055865.20250930114509.jpg,data\staging\refrigerator\냉장고\stg_0026.jpg,900,900,skipped_duplicate,2026-05-14T14:33:29
냉장고,캐리어 캐리어CRK KRNT348WEM1 화이트,https://search.shopping.naver.com/catalog/55136680943,https://shopping-phinf.pstatic.net/main_5513668/55136680943.20250930131221.jpg,data\staging\refrigerator\냉장고\stg_0027.jpg,900,900,skipped_duplicate,2026-05-14T14:33:30
냉장고,캐리어 캐리어CRK KRDO90WLH1 화이트,https://search.shopping.naver.com/catalog/55269496610,https://shopping-phinf.pstatic.net/main_5526949/55269496610.20250612170508.jpg,data\staging\refrigerator\냉장고\stg_0028.jpg,1000,1000,deleted,2026-05-14T14:33:30
냉장고,우성 업소용 냉동고 45박스 냉장고 올냉동 메탈 디지털 1100L 영업용,https://smartstore.naver.com/main/products/6506339254,https://shopping-phinf.pstatic.net/main_8405083/84050839587.7.jpg,data\staging\refrigerator\냉장고\stg_0029.jpg,1000,1000,deleted,2026-05-14T14:33:31
스탠드형 냉장고,LG전자 디오스 김치톡톡 김치냉장고 3도어 327L (11) 네이처 베이지(Z330MEEF11),https://search.shopping.naver.com/catalog/55382224053,https://shopping-phinf.pstatic.net/main_5538222/55382224053.20260416163817.jpg,data\processed\refrigerator\naver_0263.jpg,600,600,approved,2026-05-14T14:33:32
스탠드형 냉장고,LG전자 디오스 1도어 324L (Z323MEF) 냉장고 네이처 베이지,https://search.shopping.naver.com/catalog/53547335395,https://shopping-phinf.pstatic.net/main_5354733/53547335395.20251015223616.jpg,data\processed\refrigerator\naver_0264.jpg,350,350,approved,2026-05-14T14:33:32
스탠드형 냉장고,캐리어 모드비 소형 김치냉장고 122L 스탠드형 미니냉장고 원룸 오피스텔 실버 방문설치,https://smartstore.naver.com/main/products/10928312203,https://shopping-phinf.pstatic.net/main_8847281/88472818236.5.jpg,data\staging\refrigerator\스탠드형_냉장고\stg_0002.jpg,1000,1000,deleted,2026-05-14T14:33:32
스탠드형 냉장고,삼성 비스포크 3도어 키친핏 김치냉장고 313L RQ33DB74B1AP,https://smartstore.naver.com/main/products/12925977197,https://shopping-phinf.pstatic.net/main_9047048/90470488189.jpg,data\processed\refrigerator\naver_0265.jpg,1000,1000,approved,2026-05-14T14:33:33
스탠드형 냉장고,삼성전자 김치냉장고 비스포크 328L 스탠드형 3도어 김치플러스 비스코프 삼성김치냉장고,https://smartstore.naver.com/main/products/10896812044,https://shopping-phinf.pstatic.net/main_8844131/88441318079.8.jpg,data\processed\refrigerator\naver_0266.jpg,1000,1000,approved,2026-05-14T14:33:33
스탠드형 냉장고,DH글로벌 담고 DGK-150 실버그레이,https://search.shopping.naver.com/catalog/58148177601,https://shopping-phinf.pstatic.net/main_5814817/58148177601.20251215173528.jpg,data\staging\refrigerator\스탠드형_냉장고\stg_0005.jpg,1000,1000,deleted,2026-05-14T14:33:34
스탠드형 냉장고,LG전자 디오스 AI 오브제컬렉션 김치톡톡 4도어 491L (11) 네이처 베이지(Z490MEEF11),https://search.shopping.naver.com/catalog/58061758723,https://shopping-phinf.pstatic.net/main_5806175/58061758723.20260416154443.jpg,data\processed\refrigerator\naver_0267.jpg,500,500,approved,2026-05-14T14:33:34
스탠드형 냉장고,캐리어 93L 소형 김치냉장고 과일 육류 야채 보관,https://smartstore.naver.com/main/products/12742751310,https://shopping-phinf.pstatic.net/main_9028726/90287262251.1.jpg,data\staging\refrigerator\스탠드형_냉장고\stg_0007.jpg,1000,1000,deleted,2026-05-14T14:33:34
스탠드형 냉장고,2025년 엘지 디오스 오브제 3도어 김치톡톡냉장고 327리터 세미키친핏 베이지 Z330MEEF11,https://smartstore.naver.com/main/products/11897773836,https://shopping-phinf.pstatic.net/main_8944228/89442284445.jpg,data\processed\refrigerator\naver_0268.jpg,1000,1000,approved,2026-05-14T14:33:35
스탠드형 냉장고,위니아딤채 120리터 스탠드형 가정용 컨버터블 김치냉장고 냉장냉동겸용,https://smartstore.naver.com/main/products/12356017121,https://shopping-phinf.pstatic.net/main_8990052/89900527838.jpg,data\staging\refrigerator\스탠드형_냉장고\stg_0009.jpg,1000,1000,deleted,2026-05-14T14:33:35
스탠드형 냉장고,LG전자 디오스 김치톡톡 김치냉장고 4도어 402L (23) 네이처 베이지(Z408MEEF23),https://search.shopping.naver.com/catalog/53599512753,https://shopping-phinf.pstatic.net/main_5359951/53599512753.20250317165126.jpg,data\processed\refrigerator\naver_0269.jpg,1000,1000,approved,2026-05-14T14:33:35
스탠드형 냉장고,캐리어 클라윈드 미니 소형 김치 냉장고 93L 스탠드형 1도어 실버 메탈,https://smartstore.naver.com/main/products/12759588132,https://shopping-phinf.pstatic.net/main_9030409/90304099081.jpg,data\staging\refrigerator\스탠드형_냉장고\stg_0011.jpg,1000,1000,deleted,2026-05-14T14:33:36
스탠드형 냉장고,삼성전자 비스포크 AI 김치플러스 4도어 490L 코타 화이트(RK70F49M1A),https://search.shopping.naver.com/catalog/57149613701,https://shopping-phinf.pstatic.net/main_5714961/57149613701.20251017154557.jpg,data\processed\refrigerator\naver_0270.jpg,900,900,approved,2026-05-14T14:33:36
스탠드형 냉장고,풀무원건강생활 풀무원고메 KS148EG1N2 린넨베이지,https://search.shopping.naver.com/catalog/56587168279,https://shopping-phinf.pstatic.net/main_5658716/56587168279.20250904100707.jpg,data\staging\refrigerator\스탠드형_냉장고\stg_0013.jpg,500,500,deleted,2026-05-14T14:33:37
스탠드형 냉장고,클라쎄 미니 스탠드형 김치냉장고 1도어 메탈 아이보리 KAE112TWMEV8,https://smartstore.naver.com/main/products/12553044644,https://shopping-phinf.pstatic.net/main_9009755/90097555496.5.jpg,data\staging\refrigerator\스탠드형_냉장고\stg_0014.jpg,1000,1000,deleted,2026-05-14T14:33:37
스탠드형 냉장고,삼성전자 비스포크 키친핏 김치냉장고 1도어 319L 패널 선택형(RQ32C76A2AP),https://search.shopping.naver.com/catalog/53628853127,https://shopping-phinf.pstatic.net/main_5362885/53628853127.20260416162607.jpg,data\staging\refrigerator\스탠드형_냉장고\stg_0015.jpg,1000,1000,deleted,2026-05-14T14:33:37
스탠드형 냉장고,LG전자 디오스 오브제컬렉션 김치톡톡 3도어 327L (21) 네이처 크림 그레이(Z330MRRF21),https://search.shopping.naver.com/catalog/56354354389,https://shopping-phinf.pstatic.net/main_5635435/56354354389.20250820124129.jpg,data\processed\refrigerator\naver_0271.jpg,300,300,approved,2026-05-14T14:33:38
스탠드형 냉장고,삼성전자 비스포크 김치플러스 3도어 328L 에센셜 베이지(RQ33DG71J2ET),https://search.shopping.naver.com/catalog/56368432253,https://shopping-phinf.pstatic.net/main_5636843/56368432253.20250821105022.jpg,data\staging\refrigerator\스탠드형_냉장고\stg_0017.jpg,600,600,skipped_duplicate,2026-05-14T14:33:38
스탠드형 냉장고,LG전자 4도어 505L 네이처 크림화이트 (Z509MHHF23) 크림화이트,https://search.shopping.naver.com/catalog/53510799107,https://shopping-phinf.pstatic.net/main_5351079/53510799107.20250312173914.jpg,data\processed\refrigerator\naver_0272.jpg,600,600,approved,2026-05-14T14:33:39
스탠드형 냉장고,미니 김치냉장고 소형 사무실 냉동 서랍식 딤채 가정용 화이트108 두껍게 구리관 급속 1급,https://smartstore.naver.com/main/products/12382162807,https://shopping-phinf.pstatic.net/main_8992667/89926673524.jpg,data\staging\refrigerator\스탠드형_냉장고\stg_0019.jpg,619,718,deleted,2026-05-14T14:33:39
스탠드형 냉장고,"삼성전자 비스포크 키친핏 김치냉장고 3도어 313L 색상선택 왼쪽(좌), 패널 선택형(RQ33DB74C1AP)",https://search.shopping.naver.com/catalog/53644689859,https://shopping-phinf.pstatic.net/main_5364468/53644689859.20250319094140.jpg,data\processed\refrigerator\naver_0273.jpg,1000,1000,approved,2026-05-14T14:33:39
스탠드형 냉장고,LG전자 디오스 AI 오브제컬렉션 김치톡톡 4도어 491L (261) 미스트 베이지(Z495GBB261),https://search.shopping.naver.com/catalog/58391287676,https://shopping-phinf.pstatic.net/main_5839128/58391287676.20260105141619.jpg,data\staging\refrigerator\스탠드형_냉장고\stg_0021.jpg,500,500,skipped_duplicate,2026-05-14T14:33:40
스탠드형 냉장고,LG전자 디오스 AI 오브제컬렉션 김치톡톡 김치냉장고 4도어 491L (271) 미스트 베이지+베이지(Z495GBB271),https://search.shopping.naver.com/catalog/58401004874,https://shopping-phinf.pstatic.net/main_5840100/58401004874.20260106115210.jpg,data\processed\refrigerator\naver_0274.jpg,600,600,approved,2026-05-14T14:33:40
스탠드형 냉장고,"삼성전자 김치플러스 3도어 328L (RQ33DG71J3S9) 왼쪽(좌), 리파인드 이녹스",https://search.shopping.naver.com/catalog/53547463246,https://shopping-phinf.pstatic.net/main_5354746/53547463246.20250314123021.jpg,data\staging\refrigerator\스탠드형_냉장고\stg_0023.jpg,1000,1000,skipped_duplicate,2026-05-14T14:33:41
스탠드형 냉장고,"쿠쿠홈시스 CUCKOO CKR-ANLD1410MS 왼쪽(좌), 실버",https://search.shopping.naver.com/catalog/53626542851,https://shopping-phinf.pstatic.net/main_5362654/53626542851.20250318143308.jpg,data\staging\refrigerator\스탠드형_냉장고\stg_0024.jpg,1000,1000,deleted,2026-05-14T14:33:41
스탠드형 냉장고,삼성전자 비스포크 4도어 586L (RK70F58M1ZG) 에센셜 화이트+에센셜 베이지,https://search.shopping.naver.com/catalog/57853002268,https://shopping-phinf.pstatic.net/main_5785300/57853002268.20251121103519.jpg,data\processed\refrigerator\naver_0275.jpg,900,900,approved,2026-05-14T14:33:41
스탠드형 냉장고,풀무원건강생활 KS166EG1W1 루미 화이트,https://search.shopping.naver.com/catalog/58681796510,https://shopping-phinf.pstatic.net/main_5868179/58681796510.20260127101833.jpg,data\staging\refrigerator\스탠드형_냉장고\stg_0026.jpg,500,500,deleted,2026-05-14T14:33:42
스탠드형 냉장고,삼성전자 비스포크 김치플러스 키친핏 3도어 313L (7411) 새틴 화이트(RQ33DB7411W6),https://search.shopping.naver.com/catalog/57195786113,https://shopping-phinf.pstatic.net/main_5719578/57195786113.20260205101157.jpg,data\processed\refrigerator\naver_0276.jpg,700,700,approved,2026-05-14T14:33:42
스탠드형 냉장고,삼성전자 비스포크AI 김치플러스 4도어 키친핏 Max 418L (맞춤숙성실) 클린 화이트(RK80F42C2W),https://search.shopping.naver.com/catalog/56353356093,https://shopping-phinf.pstatic.net/main_5635335/56353356093.20251201093641.jpg,data\processed\refrigerator\naver_0277.jpg,1000,1000,approved,2026-05-14T14:33:42
스탠드형 냉장고,김치 냉동 골드 와인 미니 뚜껑형 위니아딤채 실버 냉장고 소형,https://smartstore.naver.com/main/products/13091720097,https://shopping-phinf.pstatic.net/main_9063623/90636231189.1.jpg,data\staging\refrigerator\스탠드형_냉장고\stg_0029.jpg,1000,1000,deleted,2026-05-14T14:33:43
양문형 냉장고,삼성전자 비스포크 냉장고 900리터 이하 삼성냉장고 양문형 852L 코타화이트 AI인버터,https://smartstore.naver.com/main/products/11433541587,https://shopping-phinf.pstatic.net/main_8897805/88978051952.5.jpg,data\staging\refrigerator\양문형_냉장고\stg_0000.jpg,1000,1000,deleted,2026-05-14T14:33:44
양문형 냉장고,삼성전자 비스포크 AI 냉장고 4도어 902L (RM70F90M1) 에센셜 화이트(RM70F90M1ZD),https://search.shopping.naver.com/catalog/56424580420,https://shopping-phinf.pstatic.net/main_5642458/56424580420.20250826142123.jpg,data\staging\refrigerator\양문형_냉장고\stg_0001.jpg,2500,2500,skipped_duplicate,2026-05-14T14:33:44
양문형 냉장고,LG전자 디오스 매직스페이스 냉장고 4도어 870L (T875) 네이처 베이지(T875MEE111),https://search.shopping.naver.com/catalog/53546968608,https://shopping-phinf.pstatic.net/main_5354696/53546968608.20260416163439.jpg,data\staging\refrigerator\양문형_냉장고\stg_0002.jpg,1000,1000,skipped_duplicate,2026-05-14T14:33:45
양문형 냉장고,삼성전자 비스포크 키친핏 Max 4도어 640L 에센셜 화이트(RM70F63R2Z),https://search.shopping.naver.com/catalog/55831245805,https://shopping-phinf.pstatic.net/main_5583124/55831245805.20250717155549.jpg,data\staging\refrigerator\양문형_냉장고\stg_0003.jpg,500,383,skipped_duplicate,2026-05-14T14:33:45
양문형 냉장고,LG전자 디오스 4도어 870L (T873MEE111) 냉장고 네이처 베이지,https://search.shopping.naver.com/catalog/55746031178,https://shopping-phinf.pstatic.net/main_5574603/55746031178.20250711150843.jpg,data\staging\refrigerator\양문형_냉장고\stg_0004.jpg,1000,1000,skipped_duplicate,2026-05-14T14:33:45
양문형 냉장고,삼성전자 비스포크 4도어 905L RM70F90R1ZD 에센셜 화이트,https://search.shopping.naver.com/catalog/58033468145,https://shopping-phinf.pstatic.net/main_5803346/58033468145.20251205145257.jpg,data\staging\refrigerator\양문형_냉장고\stg_0005.jpg,1000,1000,skipped_duplicate,2026-05-14T14:33:46
양문형 냉장고,엘지 25년형 신모델 오브제냉장고 900리터 급 오브제컬렉션 크림그레이+화이트 (832L),https://smartstore.naver.com/main/products/9425801047,https://shopping-phinf.pstatic.net/main_8697030/86970301370.1.jpg,data\staging\refrigerator\양문형_냉장고\stg_0006.jpg,1000,1000,skipped_duplicate,2026-05-14T14:33:46
양문형 냉장고,25년 신형 엘지전자 빠른방문설치 오브제컬렉션AI 900리터급 탈취 양문냉장고 832리터 네이처 베이지(S836MEE022),https://smartstore.naver.com/main/products/13186057381,https://shopping-phinf.pstatic.net/main_9073056/90730568478.jpg,data\staging\refrigerator\양문형_냉장고\stg_0007.jpg,1000,1000,skipped_duplicate,2026-05-14T14:33:47
양문형 냉장고,LG전자 디오스 2도어 832L (S836MQQ012) 네이처 에센스 화이트,https://search.shopping.naver.com/catalog/56501182282,https://shopping-phinf.pstatic.net/main_5650118/56501182282.20250829171533.jpg,data\staging\refrigerator\양문형_냉장고\stg_0008.jpg,350,350,skipped_duplicate,2026-05-14T14:33:47
양문형 냉장고,삼성전자 삼성 2도어 852L (RS84DG5002M9) 젠틀실버,https://search.shopping.naver.com/catalog/55743927988,https://shopping-phinf.pstatic.net/main_5574392/55743927988.20250711110126.jpg,data\staging\refrigerator\양문형_냉장고\stg_0009.jpg,500,500,skipped_duplicate,2026-05-14T14:33:47
양문형 냉장고,삼성전자 비스포크 2도어 852L (RS84DB5002CW) 코타 PCM 화이트,https://search.shopping.naver.com/catalog/53598623443,https://shopping-phinf.pstatic.net/main_5359862/53598623443.20250703103057.jpg,data\staging\refrigerator\양문형_냉장고\stg_0010.jpg,900,900,skipped_duplicate,2026-05-14T14:33:48
양문형 냉장고,삼성전자 2도어 852L 양문형냉장고 800리터대 코타화이트(RS84DB5002CW),https://smartstore.naver.com/main/products/11326729732,https://shopping-phinf.pstatic.net/main_8887124/88871240063.jpg,data\staging\refrigerator\양문형_냉장고\stg_0011.jpg,1000,1000,skipped_duplicate,2026-05-14T14:33:48
양문형 냉장고,LG 오브제컬렉션 매직스페이스 냉장고 1등급 크림화이트/크림그레이,https://smartstore.naver.com/main/products/11514398751,https://shopping-phinf.pstatic.net/main_8905890/89058909124.2.jpg,data\staging\refrigerator\양문형_냉장고\stg_0012.jpg,1000,1000,skipped_duplicate,2026-05-14T14:33:49
양문형 냉장고,LG 컨버터블 키친핏냉장고 빌트인 엘지냉장고 냉동고 비스포크 색상 페어키트 신형 포함,https://smartstore.naver.com/main/products/12172329193,https://shopping-phinf.pstatic.net/main_8971683/89716839898.jpg,data\staging\refrigerator\양문형_냉장고\stg_0013.jpg,600,600,skipped_duplicate,2026-05-14T14:33:49
양문형 냉장고,LG전자 디오스 AI 오브제컬렉션 냉장고 (매직스페이스) 2도어 832L 1등급 (111) 네이처 베이지(S834MEE111),https://search.shopping.naver.com/catalog/56421536083,https://shopping-phinf.pstatic.net/main_5642153/56421536083.20250825103945.jpg,data\staging\refrigerator\양문형_냉장고\stg_0014.jpg,1000,1000,skipped_duplicate,2026-05-14T14:33:49
양문형 냉장고,LG디오스 오브제 키친핏 4도어 냉장고 600리터급 실609L 미스트 베이지,https://smartstore.naver.com/main/products/13295468831,https://shopping-phinf.pstatic.net/main_9083997/90839979163.jpg,data\staging\refrigerator\양문형_냉장고\stg_0015.jpg,1024,1024,skipped_duplicate,2026-05-14T14:33:50
양문형 냉장고,LG 디오스 오브제 냉장고600리터 급 25년 신형 612L 엘지냉장고 2도어 저소음,https://smartstore.naver.com/main/products/12172497089,https://shopping-phinf.pstatic.net/main_8971700/89717007794.jpg,data\staging\refrigerator\양문형_냉장고\stg_0016.jpg,600,600,skipped_duplicate,2026-05-14T14:33:50
양문형 냉장고,삼성전자 냉장고 얼음정수기 양문형 25년 AI 인버터 신혼 삼성냉장고 600리터 이상,https://smartstore.naver.com/main/products/11721684828,https://shopping-phinf.pstatic.net/main_8926619/89266195327.jpg,data\staging\refrigerator\양문형_냉장고\stg_0017.jpg,1000,1000,deleted,2026-05-14T14:33:51
양문형 냉장고,LG전자 디오스 AI 오브제컬렉션 냉장고 Fit &amp; Max 4도어 609L (0M1) 미스트 베이지(M616GBB0M1),https://search.shopping.naver.com/catalog/56560497805,https://shopping-phinf.pstatic.net/main_5656049/56560497805.20250902181424.jpg,data\staging\refrigerator\양문형_냉장고\stg_0018.jpg,600,600,skipped_duplicate,2026-05-14T14:33:51
양문형 냉장고,삼성전자 비스포크 BESPOKE AI 냉장고 4도어 905L 에센셜 화이트(RM70F90R2ZD),https://search.shopping.naver.com/catalog/53916543178,https://shopping-phinf.pstatic.net/main_5391654/53916543178.20250402095350.jpg,data\staging\refrigerator\양문형_냉장고\stg_0019.jpg,892,684,skipped_duplicate,2026-05-14T14:33:51
양문형 냉장고,삼성전자 비스포크AI 키친핏 Max 4도어 636L 코타 화이트(RM70F63M2A),https://search.shopping.naver.com/catalog/57608059616,https://shopping-phinf.pstatic.net/main_5760805/57608059616.20251106093923.jpg,data\staging\refrigerator\양문형_냉장고\stg_0020.jpg,500,500,skipped_duplicate,2026-05-14T14:33:52
양문형 냉장고,삼성비스포크 키친핏 냉장고 900리터 이상 빌트인 3도어 비스코프,https://smartstore.naver.com/main/products/12101369477,https://shopping-phinf.pstatic.net/main_8964588/89645880182.1.jpg,data\staging\refrigerator\양문형_냉장고\stg_0021.jpg,1000,1000,skipped_duplicate,2026-05-14T14:33:52
양문형 냉장고,LG전자 디오스 AI 오브제컬렉션 베이직 냉장고 4도어 870L 네이처 베이지(T875MEE011),https://search.shopping.naver.com/catalog/56500831532,https://shopping-phinf.pstatic.net/main_5650083/56500831532.20250829170354.jpg,data\staging\refrigerator\양문형_냉장고\stg_0022.jpg,500,500,skipped_duplicate,2026-05-14T14:33:52
양문형 냉장고,삼성 키친핏냉장고 4도어 비스포크키친핏 맥스 빌트인 냉장고 600리터 비스코프 1등급 냉장고,https://smartstore.naver.com/main/products/11574120314,https://shopping-phinf.pstatic.net/main_8911863/89118630720.6.jpg,data\staging\refrigerator\양문형_냉장고\stg_0023.jpg,1000,1000,skipped_duplicate,2026-05-14T14:33:53
양문형 냉장고,LG 디오스 오브제 2도어 세미키친핏 냉장고 600리터 급 실652L 화이트 매직스페이스,https://smartstore.naver.com/main/products/11754645660,https://shopping-phinf.pstatic.net/main_8929915/89299156247.1.jpg,data\staging\refrigerator\양문형_냉장고\stg_0024.jpg,600,600,skipped_duplicate,2026-05-14T14:33:53
양문형 냉장고,LG디오스 오브제 652리터 매직스페이스냉장고 홈바 세미키친핏,https://smartstore.naver.com/main/products/10987659297,https://shopping-phinf.pstatic.net/main_8853216/88532165350.1.jpg,data\staging\refrigerator\양문형_냉장고\stg_0025.jpg,1024,1024,skipped_duplicate,2026-05-14T14:33:54
양문형 냉장고,LG전자 디오스 4도어 870L (T873MHH111) 네이처 크림 화이트,https://search.shopping.naver.com/catalog/55500136845,https://shopping-phinf.pstatic.net/main_5550013/55500136845.20250626153054.jpg,data\staging\refrigerator\양문형_냉장고\stg_0026.jpg,1000,1000,skipped_duplicate,2026-05-14T14:33:54
양문형 냉장고,(삼성설치포함)852리터 양문형냉장고 대용량 젠틀실버 RS84DG5002M9,https://smartstore.naver.com/main/products/11013985236,https://shopping-phinf.pstatic.net/main_8855849/88558491373.jpg,data\staging\refrigerator\양문형_냉장고\stg_0027.jpg,1080,1080,skipped_duplicate,2026-05-14T14:33:55
양문형 냉장고,삼성전자 비스포크 2도어 651L (RS70F65Q2Y) 코타 화이트,https://search.shopping.naver.com/catalog/56465067157,https://shopping-phinf.pstatic.net/main_5646506/56465067157.20250828093714.jpg,data\staging\refrigerator\양문형_냉장고\stg_0028.jpg,1000,1000,skipped_duplicate,2026-05-14T14:33:55
양문형 냉장고,LG 디오스AI 세미키친핏 양문형 냉장고 600리터 실용량 661L 실버 (25년형),https://smartstore.naver.com/main/products/12237844787,https://shopping-phinf.pstatic.net/main_8978235/89782355503.jpg,data\processed\refrigerator\naver_0278.jpg,600,600,approved,2026-05-14T14:33:55
4도어 냉장고,삼성전자 비스포크 AI 냉장고 4도어 902L (RM70F90M1) 에센셜 화이트(RM70F90M1ZD),https://search.shopping.naver.com/catalog/56424580420,https://shopping-phinf.pstatic.net/main_5642458/56424580420.20250826142123.jpg,data\staging\refrigerator\4도어_냉장고\stg_0000.jpg,2500,2500,skipped_duplicate,2026-05-14T14:33:56
4도어 냉장고,LG전자 디오스 4도어 870L (T873MEE111) 냉장고 네이처 베이지,https://search.shopping.naver.com/catalog/55746031178,https://shopping-phinf.pstatic.net/main_5574603/55746031178.20250711150843.jpg,data\staging\refrigerator\4도어_냉장고\stg_0001.jpg,1000,1000,skipped_duplicate,2026-05-14T14:33:57
4도어 냉장고,LG전자 디오스 매직스페이스 냉장고 4도어 870L (T875) 네이처 베이지(T875MEE111),https://search.shopping.naver.com/catalog/53546968608,https://shopping-phinf.pstatic.net/main_5354696/53546968608.20260416163439.jpg,data\staging\refrigerator\4도어_냉장고\stg_0002.jpg,1000,1000,skipped_duplicate,2026-05-14T14:33:57
4도어 냉장고,삼성전자 비스포크 키친핏 Max 4도어 640L 에센셜 화이트(RM70F63R2Z),https://search.shopping.naver.com/catalog/55831245805,https://shopping-phinf.pstatic.net/main_5583124/55831245805.20250717155549.jpg,data\staging\refrigerator\4도어_냉장고\stg_0003.jpg,500,383,skipped_duplicate,2026-05-14T14:33:57
4도어 냉장고,삼성전자 비스포크 BESPOKE AI 냉장고 4도어 905L 에센셜 화이트(RM70F90R2ZD),https://search.shopping.naver.com/catalog/53916543178,https://shopping-phinf.pstatic.net/main_5391654/53916543178.20250402095350.jpg,data\processed\refrigerator\naver_0200.jpg,892,684,approved,2026-05-14T14:33:58
4도어 냉장고,삼성전자 비스포크 4도어 905L RM70F90R1ZD 에센셜 화이트,https://search.shopping.naver.com/catalog/58033468145,https://shopping-phinf.pstatic.net/main_5803346/58033468145.20251205145257.jpg,data\staging\refrigerator\4도어_냉장고\stg_0005.jpg,1000,1000,skipped_duplicate,2026-05-14T14:33:58
4도어 냉장고,LG디오스 오브제 키친핏 4도어 냉장고 600리터급 실609L 미스트 베이지,https://smartstore.naver.com/main/products/13295468831,https://shopping-phinf.pstatic.net/main_9083997/90839979163.jpg,data\staging\refrigerator\4도어_냉장고\stg_0006.jpg,1024,1024,skipped_duplicate,2026-05-14T14:33:59
4도어 냉장고,삼성전자 비스포크AI 키친핏 Max 4도어 636L 코타 화이트(RM70F63M2A),https://search.shopping.naver.com/catalog/57608059616,https://shopping-phinf.pstatic.net/main_5760805/57608059616.20251106093923.jpg,data\staging\refrigerator\4도어_냉장고\stg_0007.jpg,500,500,skipped_duplicate,2026-05-14T14:33:59
4도어 냉장고,삼성 키친핏냉장고 4도어 비스포크키친핏 맥스 빌트인 냉장고 600리터 비스코프 1등급 냉장고,https://smartstore.naver.com/main/products/11574120314,https://shopping-phinf.pstatic.net/main_8911863/89118630720.6.jpg,data\staging\refrigerator\4도어_냉장고\stg_0008.jpg,1000,1000,skipped_duplicate,2026-05-14T14:34:00
4도어 냉장고,LG 오브제컬렉션 매직스페이스 냉장고 1등급 크림화이트/크림그레이,https://smartstore.naver.com/main/products/11514398751,https://shopping-phinf.pstatic.net/main_8905890/89058909124.2.jpg,data\staging\refrigerator\4도어_냉장고\stg_0009.jpg,1000,1000,skipped_duplicate,2026-05-14T14:34:00
4도어 냉장고,LG전자 디오스 AI 오브제컬렉션 베이직 냉장고 4도어 870L 네이처 베이지(T875MEE011),https://search.shopping.naver.com/catalog/56500831532,https://shopping-phinf.pstatic.net/main_5650083/56500831532.20250829170354.jpg,data\processed\refrigerator\naver_0201.jpg,500,500,approved,2026-05-14T14:34:00
4도어 냉장고,LG전자 디오스 AI 오브제컬렉션 냉장고 Fit &amp; Max 4도어 609L (0M1) 미스트 베이지(M616GBB0M1),https://search.shopping.naver.com/catalog/56560497805,https://shopping-phinf.pstatic.net/main_5656049/56560497805.20250902181424.jpg,data\processed\refrigerator\naver_0202.jpg,600,600,approved,2026-05-14T14:34:01
4도어 냉장고,삼성 2025년 NEW 비스포크 4도어 냉장고 905L 에센셜 베이지 비스코프 900리터급,https://smartstore.naver.com/main/products/10258873040,https://shopping-phinf.pstatic.net/main_8780337/87803376807.1.jpg,data\processed\refrigerator\naver_0203.jpg,650,650,approved,2026-05-14T14:34:01
4도어 냉장고,엘지 직영설치 오브제컬렉션 4도어냉장고 870리터 오토클로징도어 900리터급 색상선택 베이지 T875MEE012,https://smartstore.naver.com/main/products/11864542429,https://shopping-phinf.pstatic.net/main_8940905/89409053023.jpg,data\processed\refrigerator\naver_0204.jpg,1000,1000,approved,2026-05-14T14:34:01
4도어 냉장고,LG 냉장고렌탈 오브제 4도어 H875GBB012 방문관리 6년약정,https://bestrentalshop.co.kr/product.php?no=6450,https://shopping-phinf.pstatic.net/main_5134506/51345069889.1.jpg,data\processed\refrigerator\naver_0205.jpg,500,500,approved,2026-05-14T14:34:02
4도어 냉장고,LG 디오스 AI 냉장고 렌탈 4도어 H875GBB031 베이지 870L 72개월의무,https://lg-biz.co.kr/product/lg-%eb%94%94%ec%98%a4%ec%8a%a4-ai-%eb%83%89%ec%9e%a5%ea%b3%a0-%eb%a0%8c%ed%83%88-4%eb%8f%84%ec%96%b4-h875gbb031-%eb%b2%a0%ec%9d%b4%ec%a7%80-870l-72%ea%b0%9c%ec%9b%94%ec%9d%98%eb%ac%b4/,https://shopping-phinf.pstatic.net/main_5886471/58864718532.jpg,data\processed\refrigerator\naver_0206.jpg,740,740,approved,2026-05-14T14:34:02
4도어 냉장고,LG전자 디오스 4도어 870L (T873MHH111) 네이처 크림 화이트,https://search.shopping.naver.com/catalog/55500136845,https://shopping-phinf.pstatic.net/main_5550013/55500136845.20250626153054.jpg,data\processed\refrigerator\naver_0207.jpg,1000,1000,approved,2026-05-14T14:34:03
4도어 냉장고,LG전자 노크온 매직스페이스 냉장고 4도어 865L 네이처 베이지(T875MEE412),https://search.shopping.naver.com/catalog/53922063491,https://shopping-phinf.pstatic.net/main_5392206/53922063491.20250402183317.jpg,data\staging\refrigerator\4도어_냉장고\stg_0017.jpg,500,500,skipped_duplicate,2026-05-14T14:34:03
4도어 냉장고,LG전자 디오스 AI 오브제컬렉션 냉장고 더블매직스페이스 4도어 M876GBB231,https://smartstore.naver.com/main/products/12428124862,https://shopping-phinf.pstatic.net/main_8997263/89972635609.jpg,data\processed\refrigerator\naver_0208.jpg,1000,1000,approved,2026-05-14T14:34:03
4도어 냉장고,삼성전자 비스포크 AI 냉장고 4도어 884L (빅아이스/큐브) 코타 화이트(RM70F90Q2A),https://search.shopping.naver.com/catalog/56466054792,https://shopping-phinf.pstatic.net/main_5646605/56466054792.20251202093404.jpg,data\processed\refrigerator\naver_0209.jpg,500,500,approved,2026-05-14T14:34:04
4도어 냉장고,삼성전자 비스포크AI 4도어 874L (RM80F91H1) 새틴 화이트(RM80F91H1X),https://search.shopping.naver.com/catalog/59417807168,https://shopping-phinf.pstatic.net/main_5941780/59417807168.20260327140956.jpg,data\staging\refrigerator\4도어_냉장고\stg_0020.jpg,500,500,skipped_duplicate,2026-05-14T14:34:04
4도어 냉장고,삼성 비스포크 키친핏 1등급 냉장고 김치냉장고 세트 MAX 빌트인 화이트,https://smartstore.naver.com/main/products/12274449002,https://shopping-phinf.pstatic.net/main_8981895/89818959719.2.jpg,data\processed\refrigerator\naver_0210.jpg,1000,1000,approved,2026-05-14T14:34:05
4도어 냉장고,냉장고 렌탈 삼성 비스포크 오브제 RT31CG5024S/약정 60개월/등록비 렌탈,https://first-rental.kr/products/view/4188,https://shopping-phinf.pstatic.net/main_5153561/51535618637.1.jpg,data\processed\refrigerator\naver_0211.jpg,850,850,approved,2026-05-14T14:34:05
4도어 냉장고,LG전자 디오스 노크온 냉장고 4도어 870L 네이처 베이지(T875MEE312),https://search.shopping.naver.com/catalog/53627742152,https://shopping-phinf.pstatic.net/main_5362774/53627742152.20250318170727.jpg,data\staging\refrigerator\4도어_냉장고\stg_0023.jpg,1000,1000,skipped_duplicate,2026-05-14T14:34:05
4도어 냉장고,삼성전자 비스포크AI 4도어 키친핏 Max 602L (RM90F64E2W) 클린 화이트,https://search.shopping.naver.com/catalog/59400794669,https://shopping-phinf.pstatic.net/main_5940079/59400794669.20260326145305.jpg,data\staging\refrigerator\4도어_냉장고\stg_0024.jpg,500,500,skipped_duplicate,2026-05-14T14:34:06
4도어 냉장고,LG전자 디오스 4도어 870L (T873MTE111) 네이처 클레이 민트+베이지,https://search.shopping.naver.com/catalog/56426065642,https://shopping-phinf.pstatic.net/main_5642606/56426065642.20250825182603.jpg,data\staging\refrigerator\4도어_냉장고\stg_0025.jpg,500,500,skipped_duplicate,2026-05-14T14:34:06
4도어 냉장고,LG전자 디오스 오브제컬렉션 STEM 얼음정수 냉장고 4도어 820L 네이처 베이지(J825MEE042),https://search.shopping.naver.com/catalog/56454730439,https://shopping-phinf.pstatic.net/main_5645473/56454730439.20250827120800.jpg,data\staging\refrigerator\4도어_냉장고\stg_0026.jpg,1000,1000,skipped_duplicate,2026-05-14T14:34:07
4도어 냉장고,AI 하이브리드 4도어 889L (오토오픈도어) 코타 화이트(RM80F91K1A),https://search.shopping.naver.com/catalog/56469262515,https://shopping-phinf.pstatic.net/main_5646926/56469262515.20250828180115.jpg,data\staging\refrigerator\4도어_냉장고\stg_0027.jpg,1206,1303,skipped_duplicate,2026-05-14T14:34:07
4도어 냉장고,삼성전자 비스포크 키친핏 Max 4도어 623L 코타 화이트(RM70F64Q1A),https://search.shopping.naver.com/catalog/53411128538,https://shopping-phinf.pstatic.net/main_5341112/53411128538.20251202093013.jpg,data\staging\refrigerator\4도어_냉장고\stg_0028.jpg,1000,1000,skipped_duplicate,2026-05-14T14:34:07
4도어 냉장고,삼성전자 비스포크 AI 하이브리드 키친핏 Max 4도어 633L (푸드 쇼케이스) 새틴 화이트(RM70F64M2X),https://search.shopping.naver.com/catalog/56571472237,https://shopping-phinf.pstatic.net/main_5657147/56571472237.20251226095532.jpg,data\processed\refrigerator\naver_0212.jpg,1080,1080,approved,2026-05-14T14:34:08
삼성 냉장고,삼성 냉장고 300리터 1등급 소형 2도어 스마트싱스 원룸 사무실 오피스텔 298L,https://smartstore.naver.com/main/products/8162039647,https://shopping-phinf.pstatic.net/main_8570653/85706539970.14.jpg,data\staging\refrigerator\삼성_냉장고\stg_0000.jpg,1000,1000,skipped_duplicate,2026-05-14T14:34:09
삼성 냉장고,삼성전자 비스포크 냉장고 900리터 이하 삼성냉장고 양문형 852L 코타화이트 AI인버터,https://smartstore.naver.com/main/products/11433541587,https://shopping-phinf.pstatic.net/main_8897805/88978051952.5.jpg,data\staging\refrigerator\삼성_냉장고\stg_0001.jpg,1000,1000,deleted,2026-05-14T14:34:09
삼성 냉장고,삼성 냉장고 500리터 525L 원룸 모텔 사무실 오피스텔 소형 삼성냉장고 2도어 냉장,https://smartstore.naver.com/main/products/7509788675,https://shopping-phinf.pstatic.net/main_8505428/85054288997.15.jpg,data\staging\refrigerator\삼성_냉장고\stg_0002.jpg,1000,1000,skipped_duplicate,2026-05-14T14:34:10
삼성 냉장고,삼성전자 비스포크 AI 냉장고 4도어 902L (RM70F90M1) 에센셜 화이트(RM70F90M1ZD),https://search.shopping.naver.com/catalog/56424580420,https://shopping-phinf.pstatic.net/main_5642458/56424580420.20250826142123.jpg,data\staging\refrigerator\삼성_냉장고\stg_0003.jpg,2500,2500,skipped_duplicate,2026-05-14T14:34:10
삼성 냉장고,삼성 250리터급 냉장고 255리터 실버 2등급 원룸 RT25FARA2S9 2025신모델,https://smartstore.naver.com/main/products/11259488124,https://shopping-phinf.pstatic.net/main_8880399/88803998455.jpg,data\staging\refrigerator\삼성_냉장고\stg_0004.jpg,600,600,skipped_duplicate,2026-05-14T14:34:10
삼성 냉장고,삼성전자 삼성 2도어 852L (RS84DG5002M9) 젠틀실버,https://search.shopping.naver.com/catalog/55743927988,https://shopping-phinf.pstatic.net/main_5574392/55743927988.20250711110126.jpg,data\staging\refrigerator\삼성_냉장고\stg_0005.jpg,500,500,skipped_duplicate,2026-05-14T14:34:11
삼성 냉장고,삼성 미니냉장고 89L 화이트 예쁜 작은 소형 모텔 원룸 음료수 사무실 1인 삼성냉장고,https://smartstore.naver.com/main/products/8966827678,https://shopping-phinf.pstatic.net/main_8651132/86511328001.5.jpg,data\staging\refrigerator\삼성_냉장고\stg_0006.jpg,1000,1000,skipped_duplicate,2026-05-14T14:34:11
삼성 냉장고,삼성전자 비스포크 키친핏 Max 4도어 640L 에센셜 화이트(RM70F63R2Z),https://search.shopping.naver.com/catalog/55831245805,https://shopping-phinf.pstatic.net/main_5583124/55831245805.20250717155549.jpg,data\staging\refrigerator\삼성_냉장고\stg_0007.jpg,500,383,skipped_duplicate,2026-05-14T14:34:12
삼성 냉장고,삼성전자 비스포크 4도어 905L RM70F90R1ZD 에센셜 화이트,https://search.shopping.naver.com/catalog/58033468145,https://shopping-phinf.pstatic.net/main_5803346/58033468145.20251205145257.jpg,data\staging\refrigerator\삼성_냉장고\stg_0008.jpg,1000,1000,skipped_duplicate,2026-05-14T14:34:12
삼성 냉장고,삼성전자 냉장고 얼음정수기 양문형 25년 AI 인버터 신혼 삼성냉장고 600리터 이상,https://smartstore.naver.com/main/products/11721684828,https://shopping-phinf.pstatic.net/main_8926619/89266195327.jpg,data\staging\refrigerator\삼성_냉장고\stg_0009.jpg,1000,1000,deleted,2026-05-14T14:34:12
삼성 냉장고,"삼성전자 삼성 2도어 615L (RT62A7049S9) 왼쪽(좌), 리파인드 이녹스",https://search.shopping.naver.com/catalog/53596421311,https://shopping-phinf.pstatic.net/main_5359642/53596421311.20250317105047.jpg,data\staging\refrigerator\삼성_냉장고\stg_0010.jpg,640,640,skipped_duplicate,2026-05-14T14:34:13
삼성 냉장고,삼성전자 2도어 852L 양문형냉장고 800리터대 코타화이트(RS84DB5002CW),https://smartstore.naver.com/main/products/11326729732,https://shopping-phinf.pstatic.net/main_8887124/88871240063.jpg,data\staging\refrigerator\삼성_냉장고\stg_0011.jpg,1000,1000,skipped_duplicate,2026-05-14T14:34:13
삼성 냉장고,"삼성전자 삼성 2도어 306L (RB30D4051S9) 왼쪽(좌), 리파인드 이녹스",https://search.shopping.naver.com/catalog/53648134051,https://shopping-phinf.pstatic.net/main_5364813/53648134051.20250319172906.jpg,data\staging\refrigerator\삼성_냉장고\stg_0012.jpg,1000,1000,skipped_duplicate,2026-05-14T14:34:14
삼성 냉장고,삼성전자 냉장고 2도어 RT20FARL3S9 203리터 실버 2등급 200리터급 원룸 오피스텔 소형 사무실 (도서지역 전화),https://smartstore.naver.com/main/products/11755697414,https://shopping-phinf.pstatic.net/main_8930020/89300208001.jpg,data\staging\refrigerator\삼성_냉장고\stg_0013.jpg,500,544,skipped_duplicate,2026-05-14T14:34:14
삼성 냉장고,삼성비스포크 키친핏 냉장고 900리터 이상 빌트인 3도어 비스코프,https://smartstore.naver.com/main/products/12101369477,https://shopping-phinf.pstatic.net/main_8964588/89645880182.1.jpg,data\staging\refrigerator\삼성_냉장고\stg_0014.jpg,1000,1000,skipped_duplicate,2026-05-14T14:34:14
삼성 냉장고,삼성전자 비스포크 2도어 852L (RS84DB5002CW) 코타 PCM 화이트,https://search.shopping.naver.com/catalog/53598623443,https://shopping-phinf.pstatic.net/main_5359862/53598623443.20250703103057.jpg,data\staging\refrigerator\삼성_냉장고\stg_0015.jpg,900,900,skipped_duplicate,2026-05-14T14:34:15
삼성 냉장고,삼성전자 삼성 일반냉장고 2도어 203L (RT20FARL3S9) 리파인드 이녹스,https://search.shopping.naver.com/catalog/55077905748,https://shopping-phinf.pstatic.net/main_5507790/55077905748.20250602142521.jpg,data\staging\refrigerator\삼성_냉장고\stg_0016.jpg,600,600,skipped_duplicate,2026-05-14T14:34:15
삼성 냉장고,삼성 냉장고400리터 RT42CG6024S9 (410L) 실버,https://smartstore.naver.com/main/products/8821442324,https://shopping-phinf.pstatic.net/main_8636594/86365942647.jpg,data\staging\refrigerator\삼성_냉장고\stg_0017.jpg,1080,1080,skipped_duplicate,2026-05-14T14:34:16
삼성 냉장고,삼성 키친핏냉장고 4도어 비스포크키친핏 맥스 빌트인 냉장고 600리터 비스코프 1등급 냉장고,https://smartstore.naver.com/main/products/11574120314,https://shopping-phinf.pstatic.net/main_8911863/89118630720.6.jpg,data\staging\refrigerator\삼성_냉장고\stg_0018.jpg,1000,1000,skipped_duplicate,2026-05-14T14:34:16
삼성 냉장고,삼성전자 냉장고 500리터 일반 2도어 소형 원룸 중형 비스포크 사무실 가정용 삼성냉장고,https://smartstore.naver.com/main/products/6969385181,https://shopping-phinf.pstatic.net/main_8451388/84513885503.10.jpg,data\processed\refrigerator\naver_0246.jpg,1000,1000,approved,2026-05-14T14:34:16
삼성 냉장고,삼성 250리터급 냉장고 255리터 실버 2등급 원룸 RT25NARAHS8 200리터급,https://smartstore.naver.com/main/products/6449264500,https://shopping-phinf.pstatic.net/main_8399376/83993764833.1.jpg,data\staging\refrigerator\삼성_냉장고\stg_0020.jpg,1080,1080,skipped_duplicate,2026-05-14T14:34:17
삼성 냉장고,삼성 냉장고 200리터 소형 원룸 2도어 냉장고 미니 일반 사무실 오피스텔 255L,https://smartstore.naver.com/main/products/8482220048,https://shopping-phinf.pstatic.net/main_8602672/86026720371.4.jpg,data\staging\refrigerator\삼성_냉장고\stg_0021.jpg,1000,1000,skipped_duplicate,2026-05-14T14:34:17
삼성 냉장고,삼성전자 비스포크 BESPOKE AI 냉장고 4도어 905L 에센셜 화이트(RM70F90R2ZD),https://search.shopping.naver.com/catalog/53916543178,https://shopping-phinf.pstatic.net/main_5391654/53916543178.20250402095350.jpg,data\staging\refrigerator\삼성_냉장고\stg_0022.jpg,892,684,skipped_duplicate,2026-05-14T14:34:18
삼성 냉장고,삼성전자 비스포크AI 키친핏 Max 4도어 636L 코타 화이트(RM70F63M2A),https://search.shopping.naver.com/catalog/57608059616,https://shopping-phinf.pstatic.net/main_5760805/57608059616.20251106093923.jpg,data\staging\refrigerator\삼성_냉장고\stg_0023.jpg,500,500,skipped_duplicate,2026-05-14T14:34:18
삼성 냉장고,26년형 삼성 냉장고 300리터 소형 2도어 1등급 원룸 오피스텔 사무실 306L,https://smartstore.naver.com/main/products/12999057040,https://shopping-phinf.pstatic.net/main_9054356/90543568132.jpg,data\processed\refrigerator\naver_0247.jpg,1000,1000,approved,2026-05-14T14:34:18
삼성 냉장고,삼성전자 삼성 2도어 410L (RT42CG6024S9) 리파인드 이녹스,https://search.shopping.naver.com/catalog/55340962825,https://shopping-phinf.pstatic.net/main_5534096/55340962825.20250617122456.jpg,data\staging\refrigerator\삼성_냉장고\stg_0025.jpg,600,600,skipped_duplicate,2026-05-14T14:34:19
삼성 냉장고,삼성전자 삼성 2도어 852L (RS84DG5002WW) 스노우 화이트,https://search.shopping.naver.com/catalog/53645047589,https://shopping-phinf.pstatic.net/main_5364504/53645047589.20250319105330.jpg,data\staging\refrigerator\삼성_냉장고\stg_0026.jpg,1000,1000,skipped_duplicate,2026-05-14T14:34:19
삼성 냉장고,삼성전자 삼성 2도어 525L (RT53DG7A1CWW) 스노우 화이트,https://search.shopping.naver.com/catalog/55153695727,https://shopping-phinf.pstatic.net/main_5515369/55153695727.20250606165812.jpg,data\staging\refrigerator\삼성_냉장고\stg_0027.jpg,1000,1000,skipped_duplicate,2026-05-14T14:34:20
삼성 냉장고,삼성 빌트인 냉장고 RL2640ZBBEC 오피스텔 콤비 2도어 좌경첩,https://smartstore.naver.com/main/products/6957302517,https://shopping-phinf.pstatic.net/main_8450180/84501802839.1.jpg,data\staging\refrigerator\삼성_냉장고\stg_0028.jpg,600,600,deleted,2026-05-14T14:34:20
삼성 냉장고,삼성냉장고 306L RB30D4051S9 소형 1등급 상냉장하냉동 일반 300리터 원룸,https://smartstore.naver.com/main/products/10871622420,https://shopping-phinf.pstatic.net/main_8841612/88416128433.2.jpg,data\processed\refrigerator\naver_0248.jpg,1024,1024,approved,2026-05-14T14:34:20
LG 냉장고,LG전자 디오스 매직스페이스 냉장고 4도어 870L (T875) 네이처 베이지(T875MEE111),https://search.shopping.naver.com/catalog/53546968608,https://shopping-phinf.pstatic.net/main_5354696/53546968608.20260416163439.jpg,data\staging\refrigerator\LG_냉장고\stg_0000.jpg,1000,1000,skipped_duplicate,2026-05-14T14:34:21
LG 냉장고,LG전자 디오스 4도어 870L (T873MEE111) 냉장고 네이처 베이지,https://search.shopping.naver.com/catalog/55746031178,https://shopping-phinf.pstatic.net/main_5574603/55746031178.20250711150843.jpg,data\staging\refrigerator\LG_냉장고\stg_0001.jpg,1000,1000,skipped_duplicate,2026-05-14T14:34:22
LG 냉장고,LG전자 오브제컬렉션 모던엣지 냉장고 2도어 344L (33) 네이처 크림화이트+크림화이트(Q343MHHF33),https://search.shopping.naver.com/catalog/53527922501,https://shopping-phinf.pstatic.net/main_5352792/53527922501.20260416162228.jpg,data\processed\refrigerator\naver_0213.jpg,350,350,approved,2026-05-14T14:34:22
LG 냉장고,엘지 25년형 신모델 오브제냉장고 900리터 급 오브제컬렉션 크림그레이+화이트 (832L),https://smartstore.naver.com/main/products/9425801047,https://shopping-phinf.pstatic.net/main_8697030/86970301370.1.jpg,data\staging\refrigerator\LG_냉장고\stg_0003.jpg,1000,1000,skipped_duplicate,2026-05-14T14:34:22
LG 냉장고,LG 미니 2도어 소형냉장고 B124S14 121L 원룸냉장고 오피스텔 사무실 사업자,https://smartstore.naver.com/main/products/11056717222,https://shopping-phinf.pstatic.net/main_8860122/88601223433.1.jpg,data\staging\refrigerator\LG_냉장고\stg_0004.jpg,1000,1000,skipped_duplicate,2026-05-14T14:34:23
LG 냉장고,LG 일반냉장고 500리터 이상 실용량507L 샤인 사무실 원룸 소형 엘지 600리터이하 오피스텔,https://smartstore.naver.com/main/products/7049653779,https://shopping-phinf.pstatic.net/main_8459415/84594154101.3.jpg,data\staging\refrigerator\LG_냉장고\stg_0005.jpg,1024,1024,skipped_duplicate,2026-05-14T14:34:23
LG 냉장고,LG 오브제컬렉션 매직스페이스 냉장고 1등급 크림화이트/크림그레이,https://smartstore.naver.com/main/products/11514398751,https://shopping-phinf.pstatic.net/main_8905890/89058909124.2.jpg,data\staging\refrigerator\LG_냉장고\stg_0006.jpg,1000,1000,skipped_duplicate,2026-05-14T14:34:24
LG 냉장고,LG 컨버터블 키친핏냉장고 빌트인 엘지냉장고 냉동고 비스포크 색상 페어키트 신형 포함,https://smartstore.naver.com/main/products/12172329193,https://shopping-phinf.pstatic.net/main_8971683/89716839898.jpg,data\staging\refrigerator\LG_냉장고\stg_0007.jpg,600,600,skipped_duplicate,2026-05-14T14:34:24
LG 냉장고,LG전자 디오스 2도어 832L (S836MQQ012) 네이처 에센스 화이트,https://search.shopping.naver.com/catalog/56501182282,https://shopping-phinf.pstatic.net/main_5650118/56501182282.20250829171533.jpg,data\processed\refrigerator\naver_0214.jpg,350,350,approved,2026-05-14T14:34:24
LG 냉장고,2세대 스타리온 업소용 냉장고 45박스 LG A/S 영업용 카페 대형 올냉장 E45BAR,https://smartstore.naver.com/main/products/4334045104,https://shopping-phinf.pstatic.net/main_8187856/81878567037.4.jpg,data\staging\refrigerator\LG_냉장고\stg_0009.jpg,2000,2000,deleted,2026-05-14T14:34:25
LG 냉장고,LG 디오스 오브제 냉장고600리터 급 25년 신형 612L 엘지냉장고 2도어 저소음,https://smartstore.naver.com/main/products/12172497089,https://shopping-phinf.pstatic.net/main_8971700/89717007794.jpg,data\staging\refrigerator\LG_냉장고\stg_0010.jpg,600,600,skipped_duplicate,2026-05-14T14:34:25
LG 냉장고,"LG전자 2도어 189L 화이트 (B182W13) 왼쪽(좌), 화이트",https://search.shopping.naver.com/catalog/53509488026,https://shopping-phinf.pstatic.net/main_5350948/53509488026.20250312153418.jpg,data\staging\refrigerator\LG_냉장고\stg_0011.jpg,1000,1000,skipped_duplicate,2026-05-14T14:34:26
LG 냉장고,"LG전자 미니 냉장고 1도어 43L 왼쪽(좌), 슈퍼 화이트(B053W14)",https://search.shopping.naver.com/catalog/53530269009,https://shopping-phinf.pstatic.net/main_5353026/53530269009.20250313153009.jpg,data\staging\refrigerator\LG_냉장고\stg_0012.jpg,500,500,deleted,2026-05-14T14:34:26
LG 냉장고,[전국설치]LG소형냉장고 121L B124W14 원룸 사무실 자취방 사업장전용 폐가전수거,https://smartstore.naver.com/main/products/11113636478,https://shopping-phinf.pstatic.net/main_8865814/88658146800.2.jpg,data\staging\refrigerator\LG_냉장고\stg_0013.jpg,1000,1000,skipped_duplicate,2026-05-14T14:34:26
LG 냉장고,LG디오스 오브제 키친핏 4도어 냉장고 600리터급 실609L 미스트 베이지,https://smartstore.naver.com/main/products/13295468831,https://shopping-phinf.pstatic.net/main_9083997/90839979163.jpg,data\staging\refrigerator\LG_냉장고\stg_0014.jpg,1024,1024,skipped_duplicate,2026-05-14T14:34:27
LG 냉장고,LG전자 2도어 507L 화이트(B502W33),https://search.shopping.naver.com/catalog/53547335583,https://shopping-phinf.pstatic.net/main_5354733/53547335583.20260423153015.jpg,data\processed\refrigerator\naver_0215.jpg,350,350,approved,2026-05-14T14:34:27
LG 냉장고,25년 신형 엘지전자 빠른방문설치 오브제컬렉션AI 900리터급 탈취 양문냉장고 832리터 네이처 베이지(S836MEE022),https://smartstore.naver.com/main/products/13186057381,https://shopping-phinf.pstatic.net/main_9073056/90730568478.jpg,data\staging\refrigerator\LG_냉장고\stg_0016.jpg,1000,1000,skipped_duplicate,2026-05-14T14:34:28
LG 냉장고,LG전자 오브제컬렉션 일반냉장고 2도어 612L (52) 네이처 프라임 실버(D604MPS52),https://search.shopping.naver.com/catalog/55078451347,https://shopping-phinf.pstatic.net/main_5507845/55078451347.20250602150142.jpg,data\staging\refrigerator\LG_냉장고\stg_0017.jpg,600,600,skipped_duplicate,2026-05-14T14:34:28
LG 냉장고,LG 미니 소형 2도어 냉장고 B124W14 121L 원룸 오피스텔 사무실 사업자용,https://smartstore.naver.com/main/products/11056729970,https://shopping-phinf.pstatic.net/main_8860123/88601236181.3.jpg,data\staging\refrigerator\LG_냉장고\stg_0018.jpg,1000,1000,skipped_duplicate,2026-05-14T14:34:28
LG 냉장고,LG 냉장고렌탈 오브제 4도어 H875GBB012 방문관리 6년약정,https://bestrentalshop.co.kr/product.php?no=6450,https://shopping-phinf.pstatic.net/main_5134506/51345069889.1.jpg,data\staging\refrigerator\LG_냉장고\stg_0019.jpg,500,500,skipped_duplicate,2026-05-14T14:34:29
LG 냉장고,LG 컨버터블패키지 냉장고900리터이상 엘지냉장고 키친핏 1029L페어키트미포함,https://smartstore.naver.com/main/products/11974897002,https://shopping-phinf.pstatic.net/main_8951940/89519407690.5.jpg,data\processed\refrigerator\naver_0216.jpg,600,600,approved,2026-05-14T14:34:29
LG 냉장고,LG 오브제 냉장고500리터 이하 실용량 461L 2도어 사무실 오피스텔,https://smartstore.naver.com/main/products/11534037889,https://shopping-phinf.pstatic.net/main_8907854/89078548295.jpg,data\staging\refrigerator\LG_냉장고\stg_0021.jpg,1000,1000,skipped_duplicate,2026-05-14T14:34:29
LG 냉장고,LG 디오스 AI 냉장고 렌탈 4도어 H875GBB031 베이지 870L 72개월의무,https://lg-biz.co.kr/product/lg-%eb%94%94%ec%98%a4%ec%8a%a4-ai-%eb%83%89%ec%9e%a5%ea%b3%a0-%eb%a0%8c%ed%83%88-4%eb%8f%84%ec%96%b4-h875gbb031-%eb%b2%a0%ec%9d%b4%ec%a7%80-870l-72%ea%b0%9c%ec%9b%94%ec%9d%98%eb%ac%b4/,https://shopping-phinf.pstatic.net/main_5886471/58864718532.jpg,data\staging\refrigerator\LG_냉장고\stg_0022.jpg,740,740,skipped_duplicate,2026-05-14T14:34:30
LG 냉장고,소상공인지원 LG A/S 업소용 대형 1등급 냉장고 45박스 올냉장 올메탈 E45BAR,https://smartstore.naver.com/main/products/13100344769,https://shopping-phinf.pstatic.net/main_9064485/90644855861.1.jpg,data\staging\refrigerator\LG_냉장고\stg_0023.jpg,1000,1000,deleted,2026-05-14T14:34:30
LG 냉장고,LG전자 디오스 AI 오브제컬렉션 냉장고 (매직스페이스) 2도어 832L 1등급 (111) 네이처 베이지(S834MEE111),https://search.shopping.naver.com/catalog/56421536083,https://shopping-phinf.pstatic.net/main_5642153/56421536083.20250825103945.jpg,data\staging\refrigerator\LG_냉장고\stg_0024.jpg,1000,1000,skipped_duplicate,2026-05-14T14:34:31
LG 냉장고,LG전자 디오스 AI 오브제컬렉션 냉장고 Fit &amp; Max 4도어 609L (0M1) 미스트 베이지(M616GBB0M1),https://search.shopping.naver.com/catalog/56560497805,https://shopping-phinf.pstatic.net/main_5656049/56560497805.20250902181424.jpg,data\staging\refrigerator\LG_냉장고\stg_0025.jpg,600,600,skipped_duplicate,2026-05-14T14:34:31
LG 냉장고,LG전자 일반냉장고 1도어 90L 슈퍼 화이트(B103W14),https://search.shopping.naver.com/catalog/56545612331,https://shopping-phinf.pstatic.net/main_5654561/56545612331.20260423220745.jpg,data\staging\refrigerator\LG_냉장고\stg_0026.jpg,600,600,skipped_duplicate,2026-05-14T14:34:31
LG 냉장고,LG 스타리온 업소용 냉장고 냉동고 25박스 올냉장 올메탈 영업용 식당용 카페용,https://smartstore.naver.com/main/products/6411386957,https://shopping-phinf.pstatic.net/main_8395588/83955887290.4.jpg,data\staging\refrigerator\LG_냉장고\stg_0027.jpg,1000,1000,skipped_duplicate,2026-05-14T14:34:32
LG 냉장고,LG 냉장고 렌탈 오브제컬렉션 72개월의무 30개월주기 방문관리 B182DS13,https://rentalstores.cafe24.com/product/detail.html?product_no=10495,https://shopping-phinf.pstatic.net/main_5867077/58670776610.jpg,data\staging\refrigerator\LG_냉장고\stg_0028.jpg,1890,1890,skipped_duplicate,2026-05-14T14:34:32
LG 냉장고,LG디오스 오브제 652리터 매직스페이스냉장고 홈바 세미키친핏,https://smartstore.naver.com/main/products/10987659297,https://shopping-phinf.pstatic.net/main_8853216/88532165350.1.jpg,data\staging\refrigerator\LG_냉장고\stg_0029.jpg,1024,1024,skipped_duplicate,2026-05-14T14:34:33
단문냉장고,소형 가정용 레트로 미니 냉장고 단문 양문 절전,https://smartstore.naver.com/main/products/13200429471,https://shopping-phinf.pstatic.net/main_9074494/90744940568.jpg,data\staging\refrigerator\단문냉장고\stg_0000.jpg,790,790,deleted,2026-05-14T14:34:34
단문냉장고,소형 가정용 레트로 미니 냉장고 단문 양문 절전,https://smartstore.naver.com/main/products/12706179337,https://shopping-phinf.pstatic.net/main_9025069/90250690261.jpg,data\staging\refrigerator\단문냉장고\stg_0001.jpg,790,790,deleted,2026-05-14T14:34:34
단문냉장고,냉장고 원룸 투도어 소형 사무실 오텔 소형냉장고 (실버 18D 단문 냉장고),https://smartstore.naver.com/main/products/13519849975,https://shopping-phinf.pstatic.net/main_9106436/91064360327.jpg,data\staging\refrigerator\단문냉장고\stg_0002.jpg,1000,1000,deleted,2026-05-14T14:34:35
단문냉장고,사무실 냉장고 기숙사 소형 탕비실 저전력 투도어 (48L 화이트 사무실 임대 단문냉장고),https://smartstore.naver.com/main/products/13519850818,https://shopping-phinf.pstatic.net/main_9106436/91064361170.jpg,data\staging\refrigerator\단문냉장고\stg_0003.jpg,1000,1000,deleted,2026-05-14T14:34:36
단문냉장고,원룸냉장고 오텔 사무실 투도어 작은 술장고 (28L 화이트 사무실 임대 단문냉장고),https://smartstore.naver.com/main/products/13519850288,https://shopping-phinf.pstatic.net/main_9106436/91064360640.jpg,data\staging\refrigerator\단문냉장고\stg_0004.jpg,1000,1000,deleted,2026-05-14T14:34:36
단문냉장고,초박형 초슬림 세로형 단문 냉장고,https://www.11st.co.kr/connect/Gateway.tmall?method=Xsite&prdNo=9284615611&tid=1000000061,https://shopping-phinf.pstatic.net/main_5971795/59717952116.jpg,data\staging\refrigerator\단문냉장고\stg_0005.jpg,900,900,deleted,2026-05-14T14:34:37
단문냉장고,갈란츠 4.3피트 컴팩트 단문 냉장고 (스테인리스 스틸),https://link.gmarket.co.kr/gate/pcs?item-no=4699549971&sub-id=1003&service-code=10000003&lcd=100000008,https://shopping-phinf.pstatic.net/main_5925441/59254416081.jpg,data\staging\refrigerator\단문냉장고\stg_0006.jpg,1000,1000,deleted,2026-05-14T14:34:37
단문냉장고,갈란츠 4.3피트 컴팩트 단문 냉장고 (스테인리스 스틸),https://link.auction.co.kr/gate/pcs?item-no=F499895053&sub-id=1&service-code=10000003,https://shopping-phinf.pstatic.net/main_5918480/59184807591.jpg,data\staging\refrigerator\단문냉장고\stg_0007.jpg,1000,1000,deleted,2026-05-14T14:34:38
단문냉장고,초소형 1등급 단문 냉장고 원룸 기숙사 펜션 부동산 은색 18 단냉장,https://smartstore.naver.com/main/products/13319827142,https://shopping-phinf.pstatic.net/main_9086433/90864337474.jpg,data\staging\refrigerator\단문냉장고\stg_0008.jpg,600,600,deleted,2026-05-14T14:34:38
단문냉장고,"갈란츠 4.3피트 컴팩트 단문 냉장고, (스테인리스 스틸)",https://smartstore.naver.com/main/products/13004874750,https://shopping-phinf.pstatic.net/main_9054938/90549385842.jpg,data\staging\refrigerator\단문냉장고\stg_0009.jpg,1000,1000,deleted,2026-05-14T14:34:39
단문냉장고,"갈란츠 4.3피트 컴팩트 단문 냉장고, (스테인리스 스틸)",https://smartstore.naver.com/main/products/12323369163,https://shopping-phinf.pstatic.net/main_8986787/89867879880.jpg,data\staging\refrigerator\단문냉장고\stg_0010.jpg,1000,1000,deleted,2026-05-14T14:34:39
단문냉장고,"갈란츠 4.3피트 컴팩트 단문 냉장고, (스테인리스 스틸)",https://smartstore.naver.com/main/products/12574425830,https://shopping-phinf.pstatic.net/main_9011893/90118936683.jpg,data\staging\refrigerator\단문냉장고\stg_0011.jpg,1000,1000,deleted,2026-05-14T14:34:40
단문냉장고,갈란츠 4.3피트 컴팩트 단문 냉장고 (스테인리스 스틸),https://link.gmarket.co.kr/gate/pcs?item-no=4561969420&sub-id=1003&service-code=10000003&lcd=100000008,https://shopping-phinf.pstatic.net/main_5719019/57190199469.1.jpg,data\staging\refrigerator\단문냉장고\stg_0012.jpg,1000,1000,deleted,2026-05-14T14:34:40
단문냉장고,복고풍 레트로 냉장고 원룸 미니 냉장 음료 미니바 카페 38L 단문 냉장고 백색,https://smartstore.naver.com/main/products/12187953637,https://shopping-phinf.pstatic.net/main_8973246/89732464342.jpg,data\processed\refrigerator\naver_0234.jpg,1000,1000,approved,2026-05-14T14:34:41
단문냉장고,초소형 1등급 단문 냉장고 원룸 기숙사 펜션 부동산 은색 18 단냉장,https://smartstore.naver.com/main/products/12126643424,https://shopping-phinf.pstatic.net/main_8967115/89671154129.jpg,data\processed\refrigerator\naver_0235.jpg,600,600,approved,2026-05-14T14:34:41
단문냉장고,소형냉장고 1등급 일반 투 기숙사 오피스텔 원룸 도어 단문 냉장고 60L 은색,https://smartstore.naver.com/main/products/10799434603,https://shopping-phinf.pstatic.net/main_8834394/88343940593.jpg,data\processed\refrigerator\naver_0236.jpg,800,800,approved,2026-05-14T14:34:42
단문냉장고,미니냉장고 쇼케이스 소형 투명 음료 와인 보관 진열대 72L 복고풍 화이트 단문 냉장고,https://smartstore.naver.com/main/products/13449069669,https://shopping-phinf.pstatic.net/main_9099358/90993580021.jpg,data\staging\refrigerator\단문냉장고\stg_0016.jpg,796,767,deleted,2026-05-14T14:34:42
단문냉장고,갈란츠 4.3피트 컴팩트 단문 냉장고 (스테인리스 스틸),https://link.coupang.com/re/PCSNAVERPCSDP?pageKey=8997217772&ctag=8997217772&lptag=I26361733412&itemId=26361733412&vendorItemId=93797467862&spec=10305199,https://shopping-phinf.pstatic.net/main_5651103/56511037478.jpg,data\staging\refrigerator\단문냉장고\stg_0017.jpg,1000,1000,deleted,2026-05-14T14:34:43
단문냉장고,갈란츠 4.3피트 컴팩트 단문 냉장고 (스테인리스 스틸),https://link.coupang.com/re/PCSNAVERPCSDP?pageKey=8997217772&ctag=8997217772&lptag=V93338552779&itemId=26361733412&vendorItemId=93338552779&spec=10305199,https://shopping-phinf.pstatic.net/main_5724284/57242843046.jpg,data\staging\refrigerator\단문냉장고\stg_0018.jpg,1000,1000,deleted,2026-05-14T14:34:43
단문냉장고,갈란츠 4.3피트 컴팩트 단문 냉장고 (스테인리스 스틸),https://link.coupang.com/re/PCSNAVERPCSDP?pageKey=8997217772&ctag=8997217772&lptag=V93456051653&itemId=26361733412&vendorItemId=93456051653&spec=10305199,https://shopping-phinf.pstatic.net/main_5653574/56535741687.jpg,data\staging\refrigerator\단문냉장고\stg_0019.jpg,1000,1000,deleted,2026-05-14T14:34:44
단문냉장고,유니소 원룸냉장고 저소음 가성 자취 1인가구 일반 28L 단문 냉장고,https://smartstore.naver.com/main/products/11426104532,https://shopping-phinf.pstatic.net/main_8897061/88970614897.jpg,data\processed\refrigerator\naver_0237.jpg,1000,1000,approved,2026-05-14T14:34:44
단문냉장고,레트로 미니 냉장고 단문냉장고 레드 에너지 절약 패션 빈티지 스킨케어 미니 차량용 가정용,https://smartstore.naver.com/main/products/6178115042,https://shopping-phinf.pstatic.net/main_8372261/83722614618.jpg,data\staging\refrigerator\단문냉장고\stg_0021.jpg,400,400,deleted,2026-05-14T14:34:45
단문냉장고,사무실소형냉장고 원룸냉장고 가정용 소주냉장고 단문 실버 50 (에너지 효율 3등급) 냉장형,https://smartstore.naver.com/main/products/13488922168,https://shopping-phinf.pstatic.net/main_9103343/91033432520.jpg,data\processed\refrigerator\naver_0238.jpg,1000,1000,approved,2026-05-14T14:34:45
단문냉장고,[무료배송]미니냉장고 지고냉장냉동모유전용단문냉장고 홈미니미니미니클렌징 대용량50L,https://smartstore.naver.com/main/products/4933226064,https://shopping-phinf.pstatic.net/main_8247775/82477750152.jpg,data\staging\refrigerator\단문냉장고\stg_0023.jpg,430,430,deleted,2026-05-14T14:34:46
단문냉장고,사무실 미니냉장고 냉동 자취방 단문 소형냉장고 디자인 기숙사 주방용 술장고 절전형,https://smartstore.naver.com/main/products/13508074648,https://shopping-phinf.pstatic.net/main_9105258/91052585000.jpg,data\staging\refrigerator\단문냉장고\stg_0024.jpg,800,600,deleted,2026-05-14T14:34:46
단문냉장고,원룸형냉장고 1등급 냉장고 단문 원룸형 자취방냉장고 절약형 이중문 사무실용,https://smartstore.naver.com/main/products/12932048083,https://shopping-phinf.pstatic.net/main_9047655/90476559093.jpg,data\processed\refrigerator\naver_0239.jpg,800,800,approved,2026-05-14T14:34:47
단문냉장고,작은냉장고 원룸냉장고 미니 냉장고 단문 술장고 구리관 레트로,https://smartstore.naver.com/main/products/12439542663,https://shopping-phinf.pstatic.net/main_8998405/89984053410.jpg,data\processed\refrigerator\naver_0240.jpg,1000,1000,approved,2026-05-14T14:34:47
단문냉장고,호텔형 냉장고 단문 홈바 술냉장고 미니 개인 사무실,https://smartstore.naver.com/main/products/9280073970,https://shopping-phinf.pstatic.net/main_8682457/86824574293.jpg,data\staging\refrigerator\단문냉장고\stg_0027.jpg,1000,1000,deleted,2026-05-14T14:34:48
단문냉장고,시약캐비닛 약국용 260 상부냉동 SP 냉장고 단문 보관 병 백신냉장고 제약,https://smartstore.naver.com/main/products/12977885946,https://shopping-phinf.pstatic.net/main_9052239/90522396956.jpg,data\staging\refrigerator\단문냉장고\stg_0028.jpg,1000,1000,deleted,2026-05-14T14:34:48
단문냉장고,초미니 냉장고 사무실 작은 글라스 개인 맥주 개인냉장고 단문 골드 미니 기숙사,https://smartstore.naver.com/main/products/12764571317,https://shopping-phinf.pstatic.net/main_9030908/90309082266.jpg,data\staging\refrigerator\단문냉장고\stg_0029.jpg,800,800,deleted,2026-05-14T14:34:49
소형냉장고,"LG전자 2도어 189L 화이트 (B182W13) 왼쪽(좌), 화이트",https://search.shopping.naver.com/catalog/53509488026,https://shopping-phinf.pstatic.net/main_5350948/53509488026.20250312153418.jpg,data\staging\refrigerator\소형냉장고\stg_0000.jpg,1000,1000,skipped_duplicate,2026-05-14T14:34:50
소형냉장고,"LG전자 미니 냉장고 1도어 43L 왼쪽(좌), 슈퍼 화이트(B053W14)",https://search.shopping.naver.com/catalog/53530269009,https://shopping-phinf.pstatic.net/main_5353026/53530269009.20250313153009.jpg,data\staging\refrigerator\소형냉장고\stg_0001.jpg,500,500,deleted,2026-05-14T14:34:50
소형냉장고,LG전자 2도어 344L (M344MB14) 몽블랑 네이처,https://search.shopping.naver.com/catalog/53627059835,https://shopping-phinf.pstatic.net/main_5362705/53627059835.20250318152822.jpg,data\processed\refrigerator\naver_0255.jpg,350,350,approved,2026-05-14T14:34:50
소형냉장고,"위니아 WRT087BW(A) 왼쪽(좌), 화이트",https://search.shopping.naver.com/catalog/53645276291,https://shopping-phinf.pstatic.net/main_5364527/53645276291.20250319111340.jpg,data\staging\refrigerator\소형냉장고\stg_0003.jpg,640,640,skipped_duplicate,2026-05-14T14:34:51
소형냉장고,"씨엔컴퍼니 쿠잉 REF-D121 왼쪽(좌), 크림",https://search.shopping.naver.com/catalog/53527787282,https://shopping-phinf.pstatic.net/main_5352778/53527787282.20250313104230.jpg,data\staging\refrigerator\소형냉장고\stg_0004.jpg,1000,1000,skipped_duplicate,2026-05-14T14:34:51
소형냉장고,"씨엔컴퍼니 쿠잉 REF-D85 왼쪽(좌), 크림",https://search.shopping.naver.com/catalog/53666771473,https://shopping-phinf.pstatic.net/main_5366677/53666771473.20250320155604.jpg,data\staging\refrigerator\소형냉장고\stg_0005.jpg,1000,1000,skipped_duplicate,2026-05-14T14:34:52
소형냉장고,"씨엔컴퍼니 쿠잉 REF-C153 왼쪽(좌), 크림",https://search.shopping.naver.com/catalog/53599636759,https://shopping-phinf.pstatic.net/main_5359963/53599636759.20250317172513.jpg,data\staging\refrigerator\소형냉장고\stg_0006.jpg,2000,2000,skipped_duplicate,2026-05-14T14:34:52
소형냉장고,더함 R092D1-MS0TM 메탈실버,https://search.shopping.naver.com/catalog/53940811262,https://shopping-phinf.pstatic.net/main_5394081/53940811262.20260105161633.jpg,data\staging\refrigerator\소형냉장고\stg_0007.jpg,750,750,deleted,2026-05-14T14:34:52
소형냉장고,캐리어 캐리어CRK KRDT168WEM1 화이트,https://search.shopping.naver.com/catalog/56020024229,https://shopping-phinf.pstatic.net/main_5602002/56020024229.20250730184917.jpg,data\staging\refrigerator\소형냉장고\stg_0008.jpg,500,500,skipped_duplicate,2026-05-14T14:34:53
소형냉장고,씨엔컴퍼니 쿠잉 REF-S92 퓨어옐로우,https://search.shopping.naver.com/catalog/53527787013,https://shopping-phinf.pstatic.net/main_5352778/53527787013.20250319131916.jpg,data\staging\refrigerator\소형냉장고\stg_0009.jpg,1000,1000,deleted,2026-05-14T14:34:53
소형냉장고,캐리어 캐리어CRK KRDT138WEM1 화이트,https://search.shopping.naver.com/catalog/55112116249,https://shopping-phinf.pstatic.net/main_5511211/55112116249.20250721092203.jpg,data\staging\refrigerator\소형냉장고\stg_0010.jpg,500,500,skipped_duplicate,2026-05-14T14:34:53
소형냉장고,"LG전자 2도어 189L (B182DS13) 왼쪽(좌), 다크 그라파이트",https://search.shopping.naver.com/catalog/53647987091,https://shopping-phinf.pstatic.net/main_5364798/53647987091.20250319165536.jpg,data\staging\refrigerator\소형냉장고\stg_0011.jpg,600,600,skipped_duplicate,2026-05-14T14:34:54
소형냉장고,씨엔컴퍼니 쿠잉 REF-S50 크림,https://search.shopping.naver.com/catalog/55343235668,https://shopping-phinf.pstatic.net/main_5534323/55343235668.20250618112514.jpg,data\staging\refrigerator\소형냉장고\stg_0012.jpg,1000,1000,deleted,2026-05-14T14:34:54
소형냉장고,캐리어 캐리어CRK KRDO90WLH1 화이트,https://search.shopping.naver.com/catalog/55269496610,https://shopping-phinf.pstatic.net/main_5526949/55269496610.20250612170508.jpg,data\staging\refrigerator\소형냉장고\stg_0013.jpg,1000,1000,deleted,2026-05-14T14:34:55
소형냉장고,캐리어 캐리어CRK KRNT255SEM1 메탈실버,https://search.shopping.naver.com/catalog/55341604996,https://shopping-phinf.pstatic.net/main_5534160/55341604996.20250930140349.jpg,data\staging\refrigerator\소형냉장고\stg_0014.jpg,640,640,skipped_duplicate,2026-05-14T14:34:55
소형냉장고,캐리어 캐리어CRK KRNT348WEM1 화이트,https://search.shopping.naver.com/catalog/55136680943,https://shopping-phinf.pstatic.net/main_5513668/55136680943.20250930131221.jpg,data\staging\refrigerator\소형냉장고\stg_0015.jpg,900,900,skipped_duplicate,2026-05-14T14:34:55
소형냉장고,"더함 R112D1-MS1TM 왼쪽(좌), 메탈실버",https://search.shopping.naver.com/catalog/53645587371,https://shopping-phinf.pstatic.net/main_5364558/53645587371.20251229165102.jpg,data\staging\refrigerator\소형냉장고\stg_0016.jpg,1000,1000,skipped_duplicate,2026-05-14T14:34:56
소형냉장고,"캐리어 클라윈드 KRD-T155WEH1 왼쪽(좌), 화이트",https://search.shopping.naver.com/catalog/53597137145,https://shopping-phinf.pstatic.net/main_5359713/53597137145.20250317115103.jpg,data\processed\refrigerator\naver_0256.jpg,500,500,approved,2026-05-14T14:34:56
소형냉장고,캐리어 캐리어CRK CRF-TD046SSA 메탈실버(CRF-TD046SSA),https://search.shopping.naver.com/catalog/56425107685,https://shopping-phinf.pstatic.net/main_5642510/56425107685.20250825170634.jpg,data\staging\refrigerator\소형냉장고\stg_0018.jpg,1000,1000,deleted,2026-05-14T14:34:57
소형냉장고,캐리어 캐리어CRK KRDO47WLH1 화이트,https://search.shopping.naver.com/catalog/55137040052,https://shopping-phinf.pstatic.net/main_5513704/55137040052.20250930150159.jpg,data\staging\refrigerator\소형냉장고\stg_0019.jpg,640,640,deleted,2026-05-14T14:34:57
소형냉장고,LG전자 디오스 2도어 189L (B180WM) 화이트,https://search.shopping.naver.com/catalog/55379311875,https://shopping-phinf.pstatic.net/main_5537931/55379311875.20250619105720.jpg,data\processed\refrigerator\naver_0257.jpg,1000,1000,approved,2026-05-14T14:34:57
소형냉장고,"캐리어 클라윈드 KRFO-047ABPWO 왼쪽(좌), 화이트",https://search.shopping.naver.com/catalog/53666406391,https://shopping-phinf.pstatic.net/main_5366640/53666406391.20250320152507.jpg,data\staging\refrigerator\소형냉장고\stg_0021.jpg,750,750,deleted,2026-05-14T14:34:58
소형냉장고,"캐리어 클라윈드 콤비 냉장고 2도어 157L 왼쪽(좌), 화이트",https://search.shopping.naver.com/catalog/53664078770,https://shopping-phinf.pstatic.net/main_5366407/53664078770.20250320111443.jpg,data\processed\refrigerator\naver_0258.jpg,1000,1000,approved,2026-05-14T14:34:58
소형냉장고,더함 R157D1-MS1BM 메탈실버,https://search.shopping.naver.com/catalog/55342804542,https://shopping-phinf.pstatic.net/main_5534280/55342804542.20250617155435.jpg,data\processed\refrigerator\naver_0259.jpg,1000,1000,approved,2026-05-14T14:34:59
소형냉장고,캐리어 캐리어CRK KRDO90SLH1 메탈실버,https://search.shopping.naver.com/catalog/53940816198,https://shopping-phinf.pstatic.net/main_5394081/53940816198.20250403165251.jpg,data\staging\refrigerator\소형냉장고\stg_0024.jpg,500,500,deleted,2026-05-14T14:34:59
소형냉장고,위니아 WRT09DS(A) 실버,https://search.shopping.naver.com/catalog/53940595168,https://shopping-phinf.pstatic.net/main_5394059/53940595168.20250403163259.jpg,data\processed\refrigerator\naver_0260.jpg,600,600,approved,2026-05-14T14:34:59
소형냉장고,캐리어 캐리어CRK KRDT138BEM1 메탈블랙,https://search.shopping.naver.com/catalog/55342473530,https://shopping-phinf.pstatic.net/main_5534247/55342473530.20250617152749.jpg,data\processed\refrigerator\naver_0261.jpg,500,500,approved,2026-05-14T14:35:00
소형냉장고,더함 R165D1-MS1TM 메탈실버,https://search.shopping.naver.com/catalog/55111797937,https://shopping-phinf.pstatic.net/main_5511179/55111797937.20251230100948.jpg,data\staging\refrigerator\소형냉장고\stg_0027.jpg,640,640,skipped_duplicate,2026-05-14T14:35:00
소형냉장고,"LG전자 2도어 189L (B187WM) 왼쪽(좌), 화이트",https://search.shopping.naver.com/catalog/53666406307,https://shopping-phinf.pstatic.net/main_5366640/53666406307.20250320152057.jpg,data\staging\refrigerator\소형냉장고\stg_0028.jpg,300,300,skipped_duplicate,2026-05-14T14:35:00
소형냉장고,캐리어 클라윈드 KRD-T182WEH1 화이트,https://search.shopping.naver.com/catalog/55360707171,https://shopping-phinf.pstatic.net/main_5536070/55360707171.20250618121346.jpg,data\processed\refrigerator\naver_0262.jpg,700,700,approved,2026-05-14T14:35:01
원룸냉장고,캐리어 냉장고 클라윈드 원룸 소형 미니냉장고 사무실 무료설치 138L,https://smartstore.naver.com/main/products/10566056643,https://shopping-phinf.pstatic.net/main_8811056/88110562168.13.jpg,data\staging\refrigerator\원룸냉장고\stg_0000.jpg,1000,1000,skipped_duplicate,2026-05-14T14:35:02
원룸냉장고,캐리어 클라윈드 138L 냉장고 원룸 미니 소형 가정용 사무실 오피스텔 방문 설치,https://smartstore.naver.com/main/products/10389588760,https://shopping-phinf.pstatic.net/main_8793409/87934093619.9.jpg,data\staging\refrigerator\원룸냉장고\stg_0001.jpg,1000,1000,skipped_duplicate,2026-05-14T14:35:02
원룸냉장고,캐리어 미니 원도어 냉장고 47L 소형 원룸 사무실 오피스텔 자취 고시원 기숙사,https://smartstore.naver.com/main/products/12774863226,https://shopping-phinf.pstatic.net/main_9031937/90319374175.1.jpg,data\staging\refrigerator\원룸냉장고\stg_0002.jpg,1000,1000,deleted,2026-05-14T14:35:02
원룸냉장고,삼성 냉장고 300리터 1등급 소형 2도어 스마트싱스 원룸 사무실 오피스텔 298L,https://smartstore.naver.com/main/products/8162039647,https://shopping-phinf.pstatic.net/main_8570653/85706539970.14.jpg,data\staging\refrigerator\원룸냉장고\stg_0003.jpg,1000,1000,skipped_duplicate,2026-05-14T14:35:03
원룸냉장고,LG 미니 2도어 소형냉장고 B124S14 121L 원룸냉장고 오피스텔 사무실 사업자,https://smartstore.naver.com/main/products/11056717222,https://shopping-phinf.pstatic.net/main_8860122/88601223433.1.jpg,data\staging\refrigerator\원룸냉장고\stg_0004.jpg,1000,1000,skipped_duplicate,2026-05-14T14:35:03
원룸냉장고,157리터 캐리어 콤비 냉장고 2도어 소형 원룸 투룸 실버 화이트 방문설치,https://smartstore.naver.com/main/products/13238083429,https://shopping-phinf.pstatic.net/main_9078259/90782593761.2.jpg,data\staging\refrigerator\원룸냉장고\stg_0005.jpg,1000,1000,skipped_duplicate,2026-05-14T14:35:04
원룸냉장고,LG 일반냉장고 500리터 이상 실용량507L 샤인 사무실 원룸 소형 엘지 600리터이하 오피스텔,https://smartstore.naver.com/main/products/7049653779,https://shopping-phinf.pstatic.net/main_8459415/84594154101.3.jpg,data\staging\refrigerator\원룸냉장고\stg_0006.jpg,1024,1024,skipped_duplicate,2026-05-14T14:35:04
원룸냉장고,캐리어 캐리어CRK KRDT168WEM1 화이트,https://search.shopping.naver.com/catalog/56020024229,https://shopping-phinf.pstatic.net/main_5602002/56020024229.20250730184917.jpg,data\staging\refrigerator\원룸냉장고\stg_0007.jpg,500,500,skipped_duplicate,2026-05-14T14:35:04
원룸냉장고,삼성 250리터급 냉장고 255리터 실버 2등급 원룸 RT25FARA2S9 2025신모델,https://smartstore.naver.com/main/products/11259488124,https://shopping-phinf.pstatic.net/main_8880399/88803998455.jpg,data\staging\refrigerator\원룸냉장고\stg_0008.jpg,600,600,skipped_duplicate,2026-05-14T14:35:05
원룸냉장고,LG전자 오브제컬렉션 모던엣지 냉장고 2도어 344L (33) 네이처 클레이 민트+베이지(Q343MTEF33),https://search.shopping.naver.com/catalog/53527922502,https://shopping-phinf.pstatic.net/main_5352792/53527922502.20260416122612.jpg,data\processed\refrigerator\naver_0279.jpg,1000,1000,approved,2026-05-14T14:35:05
원룸냉장고,캐리어 캐리어CRK KRDO90WLH1 화이트,https://search.shopping.naver.com/catalog/55269496610,https://shopping-phinf.pstatic.net/main_5526949/55269496610.20250612170508.jpg,data\staging\refrigerator\원룸냉장고\stg_0010.jpg,1000,1000,deleted,2026-05-14T14:35:06
원룸냉장고,캐리어 캐리어CRK KRDT138WEM1 화이트,https://search.shopping.naver.com/catalog/55112116249,https://shopping-phinf.pstatic.net/main_5511211/55112116249.20250721092203.jpg,data\staging\refrigerator\원룸냉장고\stg_0011.jpg,500,500,skipped_duplicate,2026-05-14T14:35:06
원룸냉장고,더함 R092D1-MS0TM 메탈실버,https://search.shopping.naver.com/catalog/53940811262,https://shopping-phinf.pstatic.net/main_5394081/53940811262.20260105161633.jpg,data\staging\refrigerator\원룸냉장고\stg_0012.jpg,750,750,deleted,2026-05-14T14:35:06
원룸냉장고,캐리어 캐리어CRK KRNT255SEM1 메탈실버,https://search.shopping.naver.com/catalog/55341604996,https://shopping-phinf.pstatic.net/main_5534160/55341604996.20250930140349.jpg,data\staging\refrigerator\원룸냉장고\stg_0013.jpg,640,640,skipped_duplicate,2026-05-14T14:35:07
원룸냉장고,"LG전자 2도어 189L 화이트 (B182W13) 왼쪽(좌), 화이트",https://search.shopping.naver.com/catalog/53509488026,https://shopping-phinf.pstatic.net/main_5350948/53509488026.20250312153418.jpg,data\staging\refrigerator\원룸냉장고\stg_0014.jpg,1000,1000,skipped_duplicate,2026-05-14T14:35:07
원룸냉장고,삼성 냉장고 500리터 525L 원룸 모텔 사무실 오피스텔 소형 삼성냉장고 2도어 냉장,https://smartstore.naver.com/main/products/7509788675,https://shopping-phinf.pstatic.net/main_8505428/85054288997.15.jpg,data\staging\refrigerator\원룸냉장고\stg_0015.jpg,1000,1000,skipped_duplicate,2026-05-14T14:35:08
원룸냉장고,[전국설치]LG소형냉장고 121L B124W14 원룸 사무실 자취방 사업장전용 폐가전수거,https://smartstore.naver.com/main/products/11113636478,https://shopping-phinf.pstatic.net/main_8865814/88658146800.2.jpg,data\staging\refrigerator\원룸냉장고\stg_0016.jpg,1000,1000,skipped_duplicate,2026-05-14T14:35:08
원룸냉장고,메디하임 소형 냉장고 85L 원룸 사무실 미니 화이트,https://smartstore.naver.com/main/products/5961717350,https://shopping-phinf.pstatic.net/main_8350621/83506216838.7.jpg,data\staging\refrigerator\원룸냉장고\stg_0017.jpg,1000,1000,skipped_duplicate,2026-05-14T14:35:08
원룸냉장고,LG 모던엣지 AI 오브제컬렉션 Fit &amp; Max 333L Q336MQQ133 2도어 소형 미니 원룸 냉장고 (메탈/에센스화이트),https://smartstore.naver.com/main/products/13292777763,https://shopping-phinf.pstatic.net/main_9083728/90837288095.jpg,data\staging\refrigerator\원룸냉장고\stg_0018.jpg,1000,1000,skipped_duplicate,2026-05-14T14:35:09
원룸냉장고,"LG전자 미니 냉장고 1도어 43L 왼쪽(좌), 슈퍼 화이트(B053W14)",https://search.shopping.naver.com/catalog/53530269009,https://shopping-phinf.pstatic.net/main_5353026/53530269009.20250313153009.jpg,data\staging\refrigerator\원룸냉장고\stg_0019.jpg,500,500,deleted,2026-05-14T14:35:09
원룸냉장고,캐리어 2도어 슬림 냉장고 255L 서브용 가정용 사무실 오피스텔 원룸 자취 방문 설치,https://smartstore.naver.com/main/products/12775216487,https://shopping-phinf.pstatic.net/main_9031972/90319727436.2.jpg,data\staging\refrigerator\원룸냉장고\stg_0020.jpg,1000,1000,skipped_duplicate,2026-05-14T14:35:09
원룸냉장고,창홍 초소형 미니냉장고 46L 메탈실버 1도어 원룸 사무실 음료수,https://smartstore.naver.com/main/products/12936403238,https://shopping-phinf.pstatic.net/main_9048091/90480914248.jpg,data\staging\refrigerator\원룸냉장고\stg_0021.jpg,1000,1000,deleted,2026-05-14T14:35:10
원룸냉장고,창홍 소형 미니 냉장고 2도어 원룸 가정용 메탈실버 139L,https://smartstore.naver.com/main/products/12465586431,https://shopping-phinf.pstatic.net/main_9001009/90010097178.2.jpg,data\staging\refrigerator\원룸냉장고\stg_0022.jpg,1000,1000,skipped_duplicate,2026-05-14T14:35:10
원룸냉장고,LG 미니 소형 2도어 냉장고 B124W14 121L 원룸 오피스텔 사무실 사업자용,https://smartstore.naver.com/main/products/11056729970,https://shopping-phinf.pstatic.net/main_8860123/88601236181.3.jpg,data\staging\refrigerator\원룸냉장고\stg_0023.jpg,1000,1000,skipped_duplicate,2026-05-14T14:35:11
원룸냉장고,삼성 미니냉장고 89L 화이트 예쁜 작은 소형 모텔 원룸 음료수 사무실 1인 삼성냉장고,https://smartstore.naver.com/main/products/8966827678,https://shopping-phinf.pstatic.net/main_8651132/86511328001.5.jpg,data\staging\refrigerator\원룸냉장고\stg_0024.jpg,1000,1000,deleted,2026-05-14T14:35:11
원룸냉장고,삼성전자 냉장고 2도어 RT20FARL3S9 203리터 실버 2등급 200리터급 원룸 오피스텔 소형 사무실 (도서지역 전화),https://smartstore.naver.com/main/products/11755697414,https://shopping-phinf.pstatic.net/main_8930020/89300208001.jpg,data\staging\refrigerator\원룸냉장고\stg_0025.jpg,500,544,skipped_duplicate,2026-05-14T14:35:11
원룸냉장고,"루컴즈 소형 원룸 사무실 냉장고 2도어 오른쪽(우), 메탈실버 157L R160M2-G",https://smartstore.naver.com/main/products/6069952991,https://shopping-phinf.pstatic.net/main_8361445/83614452479.2.jpg,data\staging\refrigerator\원룸냉장고\stg_0026.jpg,1000,1000,skipped_duplicate,2026-05-14T14:35:12
원룸냉장고,LG전자 일반냉장고 1도어 90L 슈퍼 화이트(B103W14),https://search.shopping.naver.com/catalog/56545612331,https://shopping-phinf.pstatic.net/main_5654561/56545612331.20260423220745.jpg,data\staging\refrigerator\원룸냉장고\stg_0027.jpg,600,600,deleted,2026-05-14T14:35:12
원룸냉장고,"씨엔컴퍼니 쿠잉 REF-D121 왼쪽(좌), 크림",https://search.shopping.naver.com/catalog/53527787282,https://shopping-phinf.pstatic.net/main_5352778/53527787282.20250313104230.jpg,data\staging\refrigerator\원룸냉장고\stg_0028.jpg,1000,1000,skipped_duplicate,2026-05-14T14:35:13
원룸냉장고,"씨엔컴퍼니 쿠잉 REF-D85 왼쪽(좌), 크림",https://search.shopping.naver.com/catalog/53666771473,https://shopping-phinf.pstatic.net/main_5366677/53666771473.20250320155604.jpg,data\staging\refrigerator\원룸냉장고\stg_0029.jpg,1000,1000,skipped_duplicate,2026-05-14T14:35:13
미니냉장고,"LG전자 미니 냉장고 1도어 43L 왼쪽(좌), 슈퍼 화이트(B053W14)",https://search.shopping.naver.com/catalog/53530269009,https://shopping-phinf.pstatic.net/main_5353026/53530269009.20250313153009.jpg,data\staging\refrigerator\미니냉장고\stg_0000.jpg,500,500,deleted,2026-05-14T14:35:14
미니냉장고,LG전자 일반냉장고 1도어 90L,https://search.shopping.naver.com/catalog/37440010623,https://shopping-phinf.pstatic.net/main_3744001/37440010623.20250901171150.jpg,data\staging\refrigerator\미니냉장고\stg_0001.jpg,500,500,deleted,2026-05-14T14:35:14
미니냉장고,"씨엔컴퍼니 쿠잉 REF-D121 왼쪽(좌), 블랙",https://search.shopping.naver.com/catalog/53527787279,https://shopping-phinf.pstatic.net/main_5352778/53527787279.20250313103950.jpg,data\processed\refrigerator\naver_0241.jpg,1000,1000,approved,2026-05-14T14:35:15
미니냉장고,"씨엔컴퍼니 쿠잉 REF-C153 왼쪽(좌), 레드",https://search.shopping.naver.com/catalog/53599636758,https://shopping-phinf.pstatic.net/main_5359963/53599636758.20250317172332.jpg,data\processed\refrigerator\naver_0242.jpg,1000,1000,approved,2026-05-14T14:35:15
미니냉장고,캐리어 캐리어CRK KRDT168WEM1 화이트,https://search.shopping.naver.com/catalog/56020024229,https://shopping-phinf.pstatic.net/main_5602002/56020024229.20250730184917.jpg,data\staging\refrigerator\미니냉장고\stg_0004.jpg,500,500,skipped_duplicate,2026-05-14T14:35:16
미니냉장고,씨엔컴퍼니 쿠잉 REF-S50 크림,https://search.shopping.naver.com/catalog/55343235668,https://shopping-phinf.pstatic.net/main_5534323/55343235668.20250618112514.jpg,data\staging\refrigerator\미니냉장고\stg_0005.jpg,1000,1000,deleted,2026-05-14T14:35:16
미니냉장고,씨엔컴퍼니 쿠잉 REF-N30 크림,https://search.shopping.naver.com/catalog/55342047065,https://shopping-phinf.pstatic.net/main_5534204/55342047065.20250618125959.jpg,data\staging\refrigerator\미니냉장고\stg_0006.jpg,640,640,deleted,2026-05-14T14:35:16
미니냉장고,"더함 R046D1-MS0TM 왼쪽(좌), 메탈실버",https://search.shopping.naver.com/catalog/53599526262,https://shopping-phinf.pstatic.net/main_5359952/53599526262.20250317170556.jpg,data\staging\refrigerator\미니냉장고\stg_0007.jpg,1000,1000,deleted,2026-05-14T14:35:17
미니냉장고,위니아 WWRC051EEMWWO(A) 화이트,https://search.shopping.naver.com/catalog/53788663864,https://shopping-phinf.pstatic.net/main_5378866/53788663864.20250326163417.jpg,data\staging\refrigerator\미니냉장고\stg_0008.jpg,1000,1000,deleted,2026-05-14T14:35:17
미니냉장고,하이얼 HRT48MD 화이트,https://search.shopping.naver.com/catalog/55446039338,https://shopping-phinf.pstatic.net/main_5544603/55446039338.20250825145131.jpg,data\staging\refrigerator\미니냉장고\stg_0009.jpg,2000,2000,deleted,2026-05-14T14:35:17
미니냉장고,캐리어 캐리어CRK CRF-TD046SSA 메탈실버(CRF-TD046SSA),https://search.shopping.naver.com/catalog/56425107685,https://shopping-phinf.pstatic.net/main_5642510/56425107685.20250825170634.jpg,data\staging\refrigerator\미니냉장고\stg_0010.jpg,1000,1000,deleted,2026-05-14T14:35:18
미니냉장고,캐리어 캐리어CRK KRDO47WLH1 화이트,https://search.shopping.naver.com/catalog/55137040052,https://shopping-phinf.pstatic.net/main_5513704/55137040052.20250930150159.jpg,data\staging\refrigerator\미니냉장고\stg_0011.jpg,640,640,deleted,2026-05-14T14:35:18
미니냉장고,씨엔컴퍼니 쿠잉 BSR-C192 핑크 화이트(BSR-C192PW),https://search.shopping.naver.com/catalog/56335028940,https://shopping-phinf.pstatic.net/main_5633502/56335028940.20250819172919.jpg,data\processed\refrigerator\naver_0243.jpg,510,510,approved,2026-05-14T14:35:19
미니냉장고,"캐리어 클라윈드 KRFO-047ABPWO 왼쪽(좌), 화이트",https://search.shopping.naver.com/catalog/53666406391,https://shopping-phinf.pstatic.net/main_5366640/53666406391.20250320152507.jpg,data\staging\refrigerator\미니냉장고\stg_0013.jpg,750,750,deleted,2026-05-14T14:35:19
미니냉장고,캐리어 캐리어CRK KRDO90SLH1 메탈실버,https://search.shopping.naver.com/catalog/53940816198,https://shopping-phinf.pstatic.net/main_5394081/53940816198.20250403165251.jpg,data\staging\refrigerator\미니냉장고\stg_0014.jpg,500,500,deleted,2026-05-14T14:35:19
미니냉장고,윈텍 윈세프 WC-32C 라벤더,https://search.shopping.naver.com/catalog/56017875537,https://shopping-phinf.pstatic.net/main_5601787/56017875537.20251217094509.jpg,data\staging\refrigerator\미니냉장고\stg_0015.jpg,1000,1000,deleted,2026-05-14T14:35:20
미니냉장고,씨엔컴퍼니 쿠잉 BSR-C138 핑크 화이트(BSR-C138PW),https://search.shopping.naver.com/catalog/56334650495,https://shopping-phinf.pstatic.net/main_5633465/56334650495.20250819171423.jpg,data\processed\refrigerator\naver_0244.jpg,600,600,approved,2026-05-14T14:35:20
미니냉장고,LG전자 1도어 46L (B057S) 샤인,https://search.shopping.naver.com/catalog/54191499232,https://shopping-phinf.pstatic.net/main_5419149/54191499232.20250414181053.jpg,data\staging\refrigerator\미니냉장고\stg_0017.jpg,500,500,deleted,2026-05-14T14:35:21
미니냉장고,LG전자 1도어 46L (B057W) 슈퍼 화이트,https://search.shopping.naver.com/catalog/55445952150,https://shopping-phinf.pstatic.net/main_5544595/55445952150.20250623100024.jpg,data\staging\refrigerator\미니냉장고\stg_0018.jpg,600,600,deleted,2026-05-14T14:35:21
미니냉장고,코카콜라 미니 냉장고,https://search.shopping.naver.com/catalog/18488855973,https://shopping-phinf.pstatic.net/main_1848885/18488855973.20200831124102.jpg,data\staging\refrigerator\미니냉장고\stg_0019.jpg,620,620,deleted,2026-05-14T14:35:21
미니냉장고,삼성전자 삼성 1도어 42L (RR05BG005WW) 화이트,https://search.shopping.naver.com/catalog/55343946011,https://shopping-phinf.pstatic.net/main_5534394/55343946011.20250617174911.jpg,data\staging\refrigerator\미니냉장고\stg_0020.jpg,1000,1000,deleted,2026-05-14T14:35:22
미니냉장고,LG전자 1도어 43L (B052W15) 슈퍼 화이트,https://search.shopping.naver.com/catalog/54258081796,https://shopping-phinf.pstatic.net/main_5425808/54258081796.20250417175709.jpg,data\staging\refrigerator\미니냉장고\stg_0021.jpg,600,600,deleted,2026-05-14T14:35:22
미니냉장고,라인프렌즈 꼬모 브라운 (C031BU) 브라운,https://search.shopping.naver.com/catalog/55379788251,https://shopping-phinf.pstatic.net/main_5537978/55379788251.20250619120521.jpg,data\staging\refrigerator\미니냉장고\stg_0022.jpg,1500,1500,deleted,2026-05-14T14:35:23
미니냉장고,윈텍 윈세프 WC-40 화이트,https://search.shopping.naver.com/catalog/55397887223,https://shopping-phinf.pstatic.net/main_5539788/55397887223.20250620141949.jpg,data\staging\refrigerator\미니냉장고\stg_0023.jpg,1000,1000,deleted,2026-05-14T14:35:23
미니냉장고,LG전자 1도어 46L (B051S15) 퓨어,https://search.shopping.naver.com/catalog/55361021228,https://shopping-phinf.pstatic.net/main_5536102/55361021228.20250618124504.jpg,data\staging\refrigerator\미니냉장고\stg_0024.jpg,1000,1000,deleted,2026-05-14T14:35:23
미니냉장고,라인프렌즈 꼬모 샐리 (C031CU) 옐로우,https://search.shopping.naver.com/catalog/55379286761,https://shopping-phinf.pstatic.net/main_5537928/55379286761.20250619104919.jpg,data\staging\refrigerator\미니냉장고\stg_0025.jpg,500,500,deleted,2026-05-14T14:35:24
미니냉장고,LG전자 1도어 43L (B052S15) 퓨어,https://search.shopping.naver.com/catalog/55360381346,https://shopping-phinf.pstatic.net/main_5536038/55360381346.20250618104704.jpg,data\staging\refrigerator\미니냉장고\stg_0026.jpg,1080,1000,deleted,2026-05-14T14:35:24
미니냉장고,캐리어 캐리어CRK CRF-TD155BDE 메탈블랙,https://search.shopping.naver.com/catalog/55397026295,https://shopping-phinf.pstatic.net/main_5539702/55397026295.20250620120020.jpg,data\processed\refrigerator\naver_0245.jpg,500,500,approved,2026-05-14T14:35:25
미니냉장고,삼성전자 삼성 1도어 42L (RR05FARAEWW) 화이트,https://search.shopping.naver.com/catalog/55447756080,https://shopping-phinf.pstatic.net/main_5544775/55447756080.20250623141040.jpg,data\staging\refrigerator\미니냉장고\stg_0028.jpg,1000,1000,deleted,2026-05-14T14:35:25
미니냉장고,윈텍 윈세프 WC-50B 블랙,https://search.shopping.naver.com/catalog/55153695917,https://shopping-phinf.pstatic.net/main_5515369/55153695917.20250606171408.jpg,data\staging\refrigerator\미니냉장고\stg_0029.jpg,1000,1000,deleted,2026-05-14T14:35:25
냉동고,씽씽 미니 냉동고 100L 소형 업소용 가정용 카페 보존식 원룸 화이트,https://smartstore.naver.com/main/products/4602806651,https://shopping-phinf.pstatic.net/main_8214732/82147326946.24.jpg,data\staging\refrigerator\냉동고\stg_0000.jpg,1000,1000,deleted,2026-05-14T14:35:26
냉동고,삼성 냉동고 1도어 227L 슬림 냉동실 간접냉각 RZ22CG4000WW (소상공인제품),https://smartstore.naver.com/main/products/9881698210,https://shopping-phinf.pstatic.net/main_8742620/87426200483.6.jpg,data\staging\refrigerator\냉동고\stg_0001.jpg,1000,1000,deleted,2026-05-14T14:35:27
냉동고,캐리어 냉동고 99L 냉동 냉장 미니 소형 가정용 업소용 사무실 카페 음식점 아이스크림 냉동식품,https://smartstore.naver.com/main/products/11214167079,https://shopping-phinf.pstatic.net/main_8875867/88758677410.4.jpg,data\staging\refrigerator\냉동고\stg_0002.jpg,1024,1024,deleted,2026-05-14T14:35:27
냉동고,포쿨 소형 냉동고 미니 가정용 급속 원룸 업소용 낚시 보존식 화이트 60L,https://smartstore.naver.com/main/products/10480615604,https://shopping-phinf.pstatic.net/main_8802512/88025120905.7.jpg,data\staging\refrigerator\냉동고\stg_0003.jpg,1000,1000,deleted,2026-05-14T14:35:27
냉동고,소형 냉동고 미니 가정용 급속 원룸 업소용 원룸 보존식 카페 낚시 화이트 100L,https://smartstore.naver.com/main/products/10477073843,https://shopping-phinf.pstatic.net/main_8802157/88021579144.10.jpg,data\staging\refrigerator\냉동고\stg_0004.jpg,1000,1000,deleted,2026-05-14T14:35:28
냉동고,LG전자 A320S 샤인,https://search.shopping.naver.com/catalog/53510799180,https://shopping-phinf.pstatic.net/main_5351079/53510799180.20250312174637.jpg,data\staging\refrigerator\냉동고\stg_0005.jpg,500,500,deleted,2026-05-14T14:35:28
냉동고,캐리어 캐리어CRK CSC-100FDBH 블랙,https://search.shopping.naver.com/catalog/53211494202,https://shopping-phinf.pstatic.net/main_5321149/53211494202.20250930151300.jpg,data\staging\refrigerator\냉동고\stg_0006.jpg,640,640,deleted,2026-05-14T14:35:29
냉동고,캐리어 캐리어CRK CCDF99BEM1 블랙,https://search.shopping.naver.com/catalog/55006790535,https://shopping-phinf.pstatic.net/main_5500679/55006790535.20250528182701.jpg,data\staging\refrigerator\냉동고\stg_0007.jpg,4480,6720,deleted,2026-05-14T14:35:29
냉동고,삼성 냉동고 1도어 슬림 스탠드 소형 가정용 화이트 서랍형 200리터대 227L,https://smartstore.naver.com/main/products/10528818514,https://shopping-phinf.pstatic.net/main_8807332/88073323874.4.jpg,data\staging\refrigerator\냉동고\stg_0008.jpg,1000,1000,deleted,2026-05-14T14:35:30
냉동고,[전국설치] LG 냉동고 급속 200L A202S 서랍형 대용량 소형 미니 사업자 인증점,https://smartstore.naver.com/main/products/7872466884,https://shopping-phinf.pstatic.net/main_8541696/85416967207.3.jpg,data\staging\refrigerator\냉동고\stg_0009.jpg,1000,1000,deleted,2026-05-14T14:35:30
냉동고,캐리어 캐리어CRK CCDF299GEM1 그레이,https://search.shopping.naver.com/catalog/55006939954,https://shopping-phinf.pstatic.net/main_5500693/55006939954.20250528182907.jpg,data\staging\refrigerator\냉동고\stg_0010.jpg,6720,4480,deleted,2026-05-14T14:35:31
냉동고,더함 소형 미니 냉동고 스탠드 서랍형 빵동고 CHIQ 냉동고 화이트 65L,https://smartstore.naver.com/main/products/12746558587,https://shopping-phinf.pstatic.net/main_9029106/90291069528.1.jpg,data\staging\refrigerator\냉동고\stg_0011.jpg,1000,1000,deleted,2026-05-14T14:35:31
냉동고,"더함 31L 글라스 원도어 미니 소형 서랍형 다용도 보존식 냉동고 왼쪽(좌), 화이트",https://search.shopping.naver.com/catalog/53211766037,https://shopping-phinf.pstatic.net/main_5321176/53211766037.20251230101543.jpg,data\staging\refrigerator\냉동고\stg_0012.jpg,640,640,deleted,2026-05-14T14:35:32
냉동고,가정용 미니 소형 스탠드 냉동고 보존식 작은 서브 얼음 원룸 다목적 화이트 KFHF-101DW,https://smartstore.naver.com/main/products/9285641067,https://shopping-phinf.pstatic.net/main_8683014/86830141390.5.jpg,data\staging\refrigerator\냉동고\stg_0013.jpg,1000,1000,deleted,2026-05-14T14:35:32
냉동고,LG전자 오브제컬렉션 Y323MEF 베이지,https://search.shopping.naver.com/catalog/53249649456,https://shopping-phinf.pstatic.net/main_5324964/53249649456.20250227171631.jpg,data\staging\refrigerator\냉동고\stg_0014.jpg,1000,1000,deleted,2026-05-14T14:35:33
냉동고,LG 냉동고 서랍형 소형 A202S 가정용 미니 냉동고 실버 200L,https://smartstore.naver.com/main/products/10659622568,https://shopping-phinf.pstatic.net/main_8820412/88204128482.1.jpg,data\staging\refrigerator\냉동고\stg_0015.jpg,1000,1000,deleted,2026-05-14T14:35:33
냉동고,"쿠쿠홈시스 CUCKOO CFZ-AF1610MS 왼쪽(좌), 실버",https://search.shopping.naver.com/catalog/53248672402,https://shopping-phinf.pstatic.net/main_5324867/53248672402.20250227152052.jpg,data\staging\refrigerator\냉동고\stg_0016.jpg,500,500,deleted,2026-05-14T14:35:33
냉동고,포쿨 미니 냉동고 소형 슬림핏 가정용 급속 업소용 70L,https://smartstore.naver.com/main/products/10496595800,https://shopping-phinf.pstatic.net/main_8804110/88041101152.9.jpg,data\staging\refrigerator\냉동고\stg_0017.jpg,1000,1000,deleted,2026-05-14T14:35:34
냉동고,삼성전자 비스포크 RZ22CG4000WW 1도어 227L 변온 슬림 냉동고 방문설치,https://smartstore.naver.com/main/products/11862745899,https://shopping-phinf.pstatic.net/main_8940725/89407256493.4.jpg,data\staging\refrigerator\냉동고\stg_0018.jpg,1000,1000,deleted,2026-05-14T14:35:34
냉동고,"더함 F146S1-FD1M 왼쪽(좌), 메탈실버",https://search.shopping.naver.com/catalog/53211770802,https://shopping-phinf.pstatic.net/main_5321177/53211770802.20251229171338.jpg,data\staging\refrigerator\냉동고\stg_0019.jpg,640,640,deleted,2026-05-14T14:35:35
냉동고,"씨엔컴퍼니 쿠잉 FR-S70W 왼쪽(좌), 화이트",https://search.shopping.naver.com/catalog/53227180741,https://shopping-phinf.pstatic.net/main_5322718/53227180741.20250226104242.jpg,data\staging\refrigerator\냉동고\stg_0020.jpg,1000,1000,deleted,2026-05-14T14:35:35
냉동고,더함 소형 미니 냉동고 서랍형 스탠드 글래스화이트 31L,https://smartstore.naver.com/main/products/11146237048,https://shopping-phinf.pstatic.net/main_8869074/88690747370.3.jpg,data\staging\refrigerator\냉동고\stg_0021.jpg,1000,1000,deleted,2026-05-14T14:35:35
냉동고,"씨엔컴퍼니 쿠잉 FR-191SS 왼쪽(좌), 메탈실버",https://search.shopping.naver.com/catalog/53227437522,https://shopping-phinf.pstatic.net/main_5322743/53227437522.20250226105643.jpg,data\staging\refrigerator\냉동고\stg_0022.jpg,1000,1000,deleted,2026-05-14T14:35:36
냉동고,"삼성전자 삼성 RZ22CG4000WW 왼쪽(좌), 화이트",https://search.shopping.naver.com/catalog/53249077214,https://shopping-phinf.pstatic.net/main_5324907/53249077214.20250227154220.jpg,data\staging\refrigerator\냉동고\stg_0023.jpg,500,500,deleted,2026-05-14T14:35:36
냉동고,씨엔컴퍼니 쿠잉 FR-C070W 화이트,https://search.shopping.naver.com/catalog/53229487924,https://shopping-phinf.pstatic.net/main_5322948/53229487924.20250226145030.jpg,data\staging\refrigerator\냉동고\stg_0024.jpg,500,500,deleted,2026-05-14T14:35:37
냉동고,"더함 F085S1-FD1M 왼쪽(좌), 메탈실버",https://search.shopping.naver.com/catalog/53211768855,https://shopping-phinf.pstatic.net/main_5321176/53211768855.20251229170102.jpg,data\staging\refrigerator\냉동고\stg_0025.jpg,640,640,deleted,2026-05-14T14:35:37
냉동고,LG전자 A202S 퓨어,https://search.shopping.naver.com/catalog/55035211829,https://shopping-phinf.pstatic.net/main_5503521/55035211829.20250530155038.jpg,data\staging\refrigerator\냉동고\stg_0026.jpg,1000,1000,deleted,2026-05-14T14:35:37
냉동고,100L 캐리어 냉동고 미니 소형 가정용 사무용 냉동 7단계 조절 블랙,https://smartstore.naver.com/main/products/13242590375,https://shopping-phinf.pstatic.net/main_9078710/90787100707.1.jpg,data\staging\refrigerator\냉동고\stg_0027.jpg,1000,1000,deleted,2026-05-14T14:35:38
냉동고,LG 냉동고 서랍형 소형 A320S 가정용 미니 냉동고 실버 300L,https://smartstore.naver.com/main/products/10659613833,https://shopping-phinf.pstatic.net/main_8820411/88204119747.1.jpg,data\staging\refrigerator\냉동고\stg_0028.jpg,1000,1000,deleted,2026-05-14T14:35:38
냉동고,삼성 1도어 서랍형 냉동고 화이트 소형 RZ22CG4000WW 미니,https://smartstore.naver.com/main/products/13036133956,https://shopping-phinf.pstatic.net/main_9058064/90580645048.jpg,data\staging\refrigerator\냉동고\stg_0029.jpg,1080,1080,deleted,2026-05-14T14:35:39
스탠드형냉동고,창홍 소형 미니 냉동고 스탠드형 가정용 주방용 메탈실버 177L,https://smartstore.naver.com/main/products/12465244543,https://shopping-phinf.pstatic.net/main_9000975/90009755290.2.jpg,data\staging\refrigerator\스탠드형냉동고\stg_0000.jpg,1000,1000,deleted,2026-05-14T14:35:40
스탠드형냉동고,하이얼 AQUA 스탠드형 소형 냉동고 173L 퓨어 화이트(HUF195MDW),https://search.shopping.naver.com/catalog/56772941824,https://shopping-phinf.pstatic.net/main_5677294/56772941824.20250917161729.jpg,data\staging\refrigerator\스탠드형냉동고\stg_0001.jpg,500,501,deleted,2026-05-14T14:35:40
스탠드형냉동고,쿠쿠 가정용 스탠드형 소형 냉동고 155L 간접냉각,https://smartstore.naver.com/main/products/11300170551,https://shopping-phinf.pstatic.net/main_8884468/88844680882.1.jpg,data\staging\refrigerator\스탠드형냉동고\stg_0002.jpg,1000,1000,deleted,2026-05-14T14:35:40
스탠드형냉동고,[매직쉐프] 157L 스탠드형 냉동고 MUFM-H1570W 2024년 신제품,https://smartstore.naver.com/main/products/11051893163,https://shopping-phinf.pstatic.net/main_8859639/88596399374.jpg,data\staging\refrigerator\스탠드형냉동고\stg_0003.jpg,644,579,deleted,2026-05-14T14:35:41
스탠드형냉동고,엘지 냉동고 가정용냉동고 1도어 스탠드형 200L 직접 냉각 코스트코,https://smartstore.naver.com/main/products/11954253859,https://shopping-phinf.pstatic.net/main_8949876/89498764547.jpg,data\staging\refrigerator\스탠드형냉동고\stg_0004.jpg,1000,1000,deleted,2026-05-14T14:35:41
스탠드형냉동고,쿠쿠 미식 컬렉션 스탠드형 냉동고 CFZ-CF2310MS 간접 냉각 시스템 227L 실버,https://smartstore.naver.com/main/products/13057840553,https://shopping-phinf.pstatic.net/main_9060235/90602351645.jpg,data\staging\refrigerator\스탠드형냉동고\stg_0005.jpg,1024,1024,deleted,2026-05-14T14:35:42
스탠드형냉동고,위니아 딤채 스탠드형 냉동고 236L 업소용 서랍식 가정용 냉동고,https://smartstore.naver.com/main/products/7230649631,https://shopping-phinf.pstatic.net/main_8477514/84775149953.2.jpg,data\staging\refrigerator\스탠드형냉동고\stg_0006.jpg,640,640,deleted,2026-05-14T14:35:42
스탠드형냉동고,쿠쿠 미식 컬렉션 스탠드형 냉동고 CFZ-CF2310MS 간접 냉각 시스템 227L 실버,https://link.coupang.com/re/PCSNAVERPCSDP?pageKey=9522122634&ctag=9522122634&lptag=I28387104268&itemId=28387104268&vendorItemId=95338635681&spec=10305199,https://shopping-phinf.pstatic.net/main_5989099/59890996329.jpg,data\staging\refrigerator\스탠드형냉동고\stg_0007.jpg,1024,1024,deleted,2026-05-14T14:35:43
스탠드형냉동고,하이얼 아쿠아 슈퍼슬림 스탠드형 냉동고 123L 방문설치,https://link.coupang.com/re/PCSNAVERPCSDP?pageKey=7187706095&ctag=7187706095&lptag=l551529392855&itemId=51255959583&vendorItemId=92507489356&spec=10305197,https://shopping-phinf.pstatic.net/main_5968243/59682436851.jpg,data\staging\refrigerator\스탠드형냉동고\stg_0008.jpg,1000,1000,deleted,2026-05-14T14:35:43
스탠드형냉동고,하이얼 스탠드형 다용도 대용량 냉동고 523L 방문설치,https://link.coupang.com/re/PCSNAVERPCSDP?pageKey=5172054142&ctag=5172054142&lptag=l972772306157&itemId=93106777527&vendorItemId=86743346018&spec=10305197,https://shopping-phinf.pstatic.net/main_5529464/55294645032.7.jpg,data\staging\refrigerator\스탠드형냉동고\stg_0009.jpg,1000,1000,deleted,2026-05-14T14:35:43
스탠드형냉동고,쿠쿠 192L 스탠드형 냉동고 CFZ-BF2010MS,https://smartstore.naver.com/main/products/11182823590,https://shopping-phinf.pstatic.net/main_8872733/88727333912.jpg,data\staging\refrigerator\스탠드형냉동고\stg_0010.jpg,433,661,deleted,2026-05-14T14:35:44
스탠드형냉동고,소형 냉장고 가정용 미니 스탠드형 냉동고 업소용 음료 서랍식 에너지,https://www.11st.co.kr/connect/Gateway.tmall?method=Xsite&prdNo=9063551079&tid=1000000061,https://shopping-phinf.pstatic.net/main_5871078/58710787937.jpg,data\staging\refrigerator\스탠드형냉동고\stg_0011.jpg,900,900,deleted,2026-05-14T14:35:44
스탠드형냉동고,소형 냉장고 가정용 미니 스탠드형 냉동고 업소용 음료 서랍식 에너지,https://smartstore.naver.com/main/products/13030298443,https://shopping-phinf.pstatic.net/main_9057480/90574809535.jpg,data\staging\refrigerator\스탠드형냉동고\stg_0012.jpg,800,800,deleted,2026-05-14T14:35:45
스탠드형냉동고,스탠드형 냉동고 아이스 베어 수직 급속냉각 실버 티타늄블랙,https://smartstore.naver.com/main/products/12268036296,https://shopping-phinf.pstatic.net/main_8981254/89812547012.jpg,data\staging\refrigerator\스탠드형냉동고\stg_0013.jpg,1000,1000,deleted,2026-05-14T14:35:45
스탠드형냉동고,스탠드형 냉동고 서랍형 소형 가정용 업소용 급속냉동 96L 전냉동 3단 손잡이,https://smartstore.naver.com/main/products/11568350642,https://shopping-phinf.pstatic.net/main_8911286/89112861048.jpg,data\staging\refrigerator\스탠드형냉동고\stg_0014.jpg,1000,1000,deleted,2026-05-14T14:35:46
스탠드형냉동고,뚜껑형 스탠드형 냉동고 소형 원룸 냉동식품 냉동기 업소용 화이트 118L 1등급,https://smartstore.naver.com/main/products/12760510730,https://shopping-phinf.pstatic.net/main_9030502/90305021678.jpg,data\staging\refrigerator\스탠드형냉동고\stg_0015.jpg,1000,1000,deleted,2026-05-14T14:35:47
스탠드형냉동고,뚜껑형 스탠드형 냉동고 소형 원룸 냉동식품 냉동기 업소용 화이트 118L 1등급,https://smartstore.naver.com/main/products/11524143579,https://shopping-phinf.pstatic.net/main_8906865/89068653985.jpg,data\staging\refrigerator\스탠드형냉동고\stg_0016.jpg,1000,1000,deleted,2026-05-14T14:35:47
스탠드형냉동고,쿠쿠 192L 스탠드형 냉동고 CFZ-BF2010MS 간접 냉각 시스템 / 실버,https://link.coupang.com/re/PCSNAVERPCSDP?pageKey=9522122971&ctag=9522122971&lptag=I28387105617&itemId=28387105617&vendorItemId=95338636872&spec=10305199,https://shopping-phinf.pstatic.net/main_5988957/59889571311.jpg,data\staging\refrigerator\스탠드형냉동고\stg_0017.jpg,1536,1536,deleted,2026-05-14T14:35:48
스탠드형냉동고,쿠쿠 192L 스탠드형 냉동고 CFZ-BF2010MS 간접 냉각 / 실버 (HMN),https://link.auction.co.kr/gate/pcs?item-no=F458873456&sub-id=1&service-code=10000003,https://shopping-phinf.pstatic.net/main_5983237/59832377955.3.jpg,data\staging\refrigerator\스탠드형냉동고\stg_0018.jpg,600,900,deleted,2026-05-14T14:35:48
스탠드형냉동고,하이얼 소형 스탠드형 냉동고 173L (퓨어 화이트) HUF195MDW 60개월약정,https://billyeodream.co.kr/model/compare.php?model_idx=32726,https://shopping-phinf.pstatic.net/main_5959146/59591465067.jpg,data\staging\refrigerator\스탠드형냉동고\stg_0019.jpg,600,600,deleted,2026-05-14T14:35:48
스탠드형냉동고,스탠드형 냉동고 소형 다목적 냉동고 상품 서랍형 소형,https://smartstore.naver.com/main/products/11687521950,https://shopping-phinf.pstatic.net/main_8923203/89232032417.jpg,data\staging\refrigerator\스탠드형냉동고\stg_0020.jpg,1000,1000,deleted,2026-05-14T14:35:49
스탠드형냉동고,김치냉장고 미니 스탠드형 냉동고 화이트 뚜껑 자취방,https://smartstore.naver.com/main/products/11077003188,https://shopping-phinf.pstatic.net/main_8862151/88621513510.jpg,data\staging\refrigerator\스탠드형냉동고\stg_0021.jpg,1000,1000,deleted,2026-05-14T14:35:49
스탠드형냉동고,가정용 미니 냉동고 소형 급속 스탠드형 냉동고,https://www.11st.co.kr/connect/Gateway.tmall?method=Xsite&prdNo=9322529438&tid=1000000061,https://shopping-phinf.pstatic.net/main_5988128/59881287090.1.jpg,data\staging\refrigerator\스탠드형냉동고\stg_0022.jpg,900,900,deleted,2026-05-14T14:35:50
스탠드형냉동고,가정용 미니 냉동고 소형 급속 스탠드형 냉동고,https://smartstore.naver.com/main/products/13478336479,https://shopping-phinf.pstatic.net/main_9102284/91022846831.jpg,data\staging\refrigerator\스탠드형냉동고\stg_0023.jpg,800,800,deleted,2026-05-14T14:35:50
스탠드형냉동고,소형 미니 냉동고 가정용 급속 스탠드형 냉동고,https://smartstore.naver.com/main/products/13470439247,https://shopping-phinf.pstatic.net/main_9101494/91014949599.jpg,data\staging\refrigerator\스탠드형냉동고\stg_0024.jpg,800,800,deleted,2026-05-14T14:35:51
스탠드형냉동고,(현대Hmall) 쿠쿠 스탠드형 냉동고 CFZ-BF2010MS 실버,https://www.lotteon.com/p/product/LO2652147912?sitmNo=LO2652147912_2652147913&ch_no=100065&ch_dtl_no=1000030&entryPoint=pcs&dp_infw_cd=CHT,https://shopping-phinf.pstatic.net/main_5958185/59581855709.jpg,data\staging\refrigerator\스탠드형냉동고\stg_0025.jpg,650,650,deleted,2026-05-14T14:35:52
스탠드형냉동고,쿠쿠 스탠드형 냉동고 CFZ-BF2010MS 실버,https://www.hmall.com/md/pda/itemPtc?ReferCode=429&slitmCd=2249523694&utm_source=naver&utm_medium=cps_pcs&utm_campaign=sale,https://shopping-phinf.pstatic.net/main_5957602/59576028820.jpg,data\staging\refrigerator\스탠드형냉동고\stg_0026.jpg,650,650,deleted,2026-05-14T14:35:52
스탠드형냉동고,쿠쿠 (현대Hmall)쿠쿠 스탠드형 냉동고 CFZ-BF2010MS 실버,https://link.gmarket.co.kr/gate/pcs?item-no=4721364067&sub-id=1003&service-code=10000003&lcd=100000008,https://shopping-phinf.pstatic.net/main_5957561/59575618471.jpg,data\staging\refrigerator\스탠드형냉동고\stg_0027.jpg,600,600,deleted,2026-05-14T14:35:53
스탠드형냉동고,쿠쿠 (현대Hmall)쿠쿠 스탠드형 냉동고 CFZ-BF2010MS 실버,https://link.auction.co.kr/gate/pcs?item-no=F528419792&sub-id=1&service-code=10000003,https://shopping-phinf.pstatic.net/main_5957541/59575413708.jpg,data\staging\refrigerator\스탠드형냉동고\stg_0028.jpg,600,600,deleted,2026-05-14T14:35:53
스탠드형냉동고,쿠쿠 스탠드형 냉동고 CFZ-BF2010MS 실버,https://www.11st.co.kr/connect/Gateway.tmall?method=Xsite&prdNo=9256977696&tid=1000000061,https://shopping-phinf.pstatic.net/main_5957513/59575138786.jpg,data\staging\refrigerator\스탠드형냉동고\stg_0029.jpg,900,900,deleted,2026-05-14T14:35:54
냉장고 정면,소형 자물쇠 냉장고 정면키 미니 보안 상자 테이블 20L,https://smartstore.naver.com/main/products/11274418130,https://shopping-phinf.pstatic.net/main_8881892/88818928461.jpg,data\staging\refrigerator\냉장고_정면\stg_0000.jpg,750,619,deleted,2026-05-14T14:35:55
냉장고 정면,슬림 냉장고 음료 초슬림 좁은 냉장고 쇼케이스 105L 정면너비36cm B,https://smartstore.naver.com/main/products/12337833213,https://shopping-phinf.pstatic.net/main_8988234/89882343930.jpg,data\staging\refrigerator\냉장고_정면\stg_0001.jpg,750,1000,deleted,2026-05-14T14:35:55
냉장고 정면,음료 초슬림 냉장고 쇼케이스 슬림 105L 정면너비36cm B,https://smartstore.naver.com/main/products/12532779843,https://shopping-phinf.pstatic.net/main_9007729/90077290696.jpg,data\staging\refrigerator\냉장고_정면\stg_0002.jpg,600,600,deleted,2026-05-14T14:35:56
냉장고 정면,초슬림 냉장고 쇼케이스 음료 좁은 슬림 정면너비36cm B 105L,https://smartstore.naver.com/main/products/12820484444,https://shopping-phinf.pstatic.net/main_9036499/90364995393.jpg,data\staging\refrigerator\냉장고_정면\stg_0003.jpg,600,600,deleted,2026-05-14T14:35:56
냉장고 정면,초슬림 음료수 냉장고 틈새 공간 절약 캐비닛 스탠드형 105L 정면너비36cm A,https://www.11st.co.kr/connect/Gateway.tmall?method=Xsite&prdNo=9339553821&tid=1000000061,https://shopping-phinf.pstatic.net/main_5997671/59976713434.1.jpg,data\staging\refrigerator\냉장고_정면\stg_0004.jpg,900,900,deleted,2026-05-14T14:35:57
냉장고 정면,슬림 화이트 초슬림 좁은 냉장고 105L 360x385 105L(정면 36cm),https://smartstore.naver.com/main/products/12312420680,https://shopping-phinf.pstatic.net/main_8985693/89856931397.jpg,data\staging\refrigerator\냉장고_정면\stg_0005.jpg,1000,1000,deleted,2026-05-14T14:35:57
냉장고 정면,슬림 화이트 초슬림 좁은 냉장고 105L 360x385 105L(정면 36cm),https://smartstore.naver.com/main/products/12312580945,https://shopping-phinf.pstatic.net/main_8985709/89857091662.jpg,data\staging\refrigerator\냉장고_정면\stg_0006.jpg,1000,1000,deleted,2026-05-14T14:35:58
냉장고 정면,슬림 화이트 초슬림 좁은 냉장고 105L 360x385 105L(정면 36cm),https://smartstore.naver.com/main/products/12310395379,https://shopping-phinf.pstatic.net/main_8985490/89854906096.jpg,data\staging\refrigerator\냉장고_정면\stg_0007.jpg,1000,1000,deleted,2026-05-14T14:35:58
냉장고 정면,업소용 젤라또 냉장고 냉동 캐비닛 전면 판매 흰색 정면,https://smartstore.naver.com/main/products/13464852392,https://shopping-phinf.pstatic.net/main_9100936/91009362744.jpg,data\staging\refrigerator\냉장고_정면\stg_0008.jpg,1000,1000,deleted,2026-05-14T14:35:59
냉장고 정면,슬림 냉장고 100L 105L 좁은 쇼케이스 음료 화이트 360x385x1880mm 냉장고 초슬림 105L 정면너비36cm A,https://smartstore.naver.com/main/products/12950143835,https://shopping-phinf.pstatic.net/main_9049465/90494654845.jpg,data\staging\refrigerator\냉장고_정면\stg_0009.jpg,750,1000,deleted,2026-05-14T14:36:00
냉장고 정면,업소용 젤라또 냉장고 냉동 전면 판매 캐비닛 흰색 정면,https://smartstore.naver.com/main/products/12257735822,https://shopping-phinf.pstatic.net/main_8980224/89802246538.jpg,data\staging\refrigerator\냉장고_정면\stg_0010.jpg,1000,1000,deleted,2026-05-14T14:36:00
냉장고 정면,슬림 냉장고 화이트 초슬림 좁은 360x385 105L 1. 105L 정면 36cm,https://link.gmarket.co.kr/gate/pcs?item-no=4515398568&sub-id=1003&service-code=10000003&lcd=100000008,https://shopping-phinf.pstatic.net/main_5642970/56429704651.1.jpg,data\staging\refrigerator\냉장고_정면\stg_0011.jpg,800,800,deleted,2026-05-14T14:36:01
냉장고 정면,타올온장고 수건 보온고 대형 스팀 전기 살균 업소용 280L 수건장+정면 버튼+UV 5단,https://smartstore.naver.com/main/products/12216594752,https://shopping-phinf.pstatic.net/main_8976110/89761105457.jpg,data\staging\refrigerator\냉장고_정면\stg_0012.jpg,1000,1000,deleted,2026-05-14T14:36:01
냉장고 정면,샌드위치 냉장 평대 공냉식 진열대 마트 신선 업소용  D타입-0.9m 직각 정면 도어,https://link.coupang.com/re/PCSNAVERPCSDP?pageKey=9509048027&ctag=9509048027&lptag=V95288324269&itemId=28336025862&vendorItemId=95288324269&spec=10305199,https://shopping-phinf.pstatic.net/main_5985088/59850885168.jpg,data\staging\refrigerator\냉장고_정면\stg_0013.jpg,800,800,deleted,2026-05-14T14:36:02
냉장고 정면,샌드위치 냉장 평대 공냉식 진열대 마트 신선 업소용  C타입-0.9m 곡선 정면 도어,https://link.coupang.com/re/PCSNAVERPCSDP?pageKey=9509048027&ctag=9509048027&lptag=V95288324263&itemId=28336025857&vendorItemId=95288324263&spec=10305199,https://shopping-phinf.pstatic.net/main_5983637/59836377261.jpg,data\staging\refrigerator\냉장고_정면\stg_0014.jpg,800,800,deleted,2026-05-14T14:36:03
냉장고 정면,초밥진열대 케이크 스시 과일 냉장고 쇼케이스 횟집  1000x800x720MM 정면미닫이,https://link.coupang.com/re/PCSNAVERPCSDP?pageKey=8085553831&ctag=8085553831&lptag=I22815955266&itemId=22815955266&vendorItemId=89850788247&spec=10305199,https://shopping-phinf.pstatic.net/main_4773321/47733213003.jpg,data\staging\refrigerator\냉장고_정면\stg_0015.jpg,1000,1000,deleted,2026-05-14T14:36:04
냉장고 정면,타올온장고 수건 보온고 대형 스팀 전기 살균 업소용  380L 수건장+정면 회전+UV 6단,https://link.coupang.com/re/PCSNAVERPCSDP?pageKey=8981396568&ctag=8981396568&lptag=I26295397714&itemId=26295397714&vendorItemId=93248826886&spec=10305199,https://shopping-phinf.pstatic.net/main_5636509/56365095673.jpg,data\staging\refrigerator\냉장고_정면\stg_0016.jpg,1000,1000,deleted,2026-05-14T14:36:04
냉장고 정면,타올온장고 수건 보온고 대형 스팀 전기 살균 업소용  280L 수건장+정면 버튼+UV 5단,https://link.coupang.com/re/PCSNAVERPCSDP?pageKey=8981396568&ctag=8981396568&lptag=I26295397708&itemId=26295397708&vendorItemId=93248826882&spec=10305199,https://shopping-phinf.pstatic.net/main_5631230/56312309914.jpg,data\staging\refrigerator\냉장고_정면\stg_0017.jpg,1000,1000,deleted,2026-05-14T14:36:05
냉장고 정면,스텐 쌀냉장고 쌀통 보관함 슬림 스테인리스 전면 벌레 가정용 틈새 밀폐  20L 정사각형 정면 출구 19.5mm  기본 색상,https://link.coupang.com/re/PCSNAVERPCSDP?pageKey=9336924082&ctag=9336924082&lptag=I27687231814&itemId=27687231814&vendorItemId=94649146187&spec=10305199,https://shopping-phinf.pstatic.net/main_5948236/59482361694.jpg,data\staging\refrigerator\냉장고_정면\stg_0018.jpg,613,613,deleted,2026-05-14T14:36:05
냉장고 정면,타올 스팀기 수건 워머 가열/ 기 타월온장고 미니타올스팀기 라이프 스팀 열살균  타월장 280L 정면 버튼 양문 5단  자외선,https://link.coupang.com/re/PCSNAVERPCSDP?pageKey=9108240357&ctag=9108240357&lptag=I25497510248&itemId=25497510248&vendorItemId=93015112825&spec=10305199,https://shopping-phinf.pstatic.net/main_5863523/58635232089.jpg,data\staging\refrigerator\냉장고_정면\stg_0019.jpg,1000,1000,deleted,2026-05-14T14:36:06
냉장고 정면,슬림 냉장고 화이트 초슬림 좁은 360x385 105L  1. 105L 정면 36cm,https://link.coupang.com/re/PCSNAVERPCSDP?pageKey=9017248943&ctag=9017248943&lptag=I26437323305&itemId=26437323305&vendorItemId=93412995379&spec=10305199,https://shopping-phinf.pstatic.net/main_5655166/56551664951.jpg,data\staging\refrigerator\냉장고_정면\stg_0020.jpg,800,800,deleted,2026-05-14T14:36:07
냉장고 정면,초협소 105L 미니 미니냉장고 반찬냉장고 테이블냉장고 냉동고 초슬림형 화이트 105L 정면 너비 36cm,https://smartstore.naver.com/main/products/11735191249,https://shopping-phinf.pstatic.net/main_8927970/89279701748.jpg,data\staging\refrigerator\냉장고_정면\stg_0021.jpg,750,1000,deleted,2026-05-14T14:36:07
냉장고 정면,타올 온장고 행주 스팀 피부삽 타월 네일샵 수건 380L 이중 도어 5단+오존 380L 이문형 6층 정면 다이얼 이중,https://smartstore.naver.com/main/products/11882251154,https://shopping-phinf.pstatic.net/main_8942676/89426761756.jpg,data\staging\refrigerator\냉장고_정면\stg_0022.jpg,800,800,deleted,2026-05-14T14:36:07
냉장고 정면,온장고 쇼케이스 따뜻한 음식 치킨 진열대 보관 진열 60x42x54 정면 도어,https://smartstore.naver.com/main/products/11788551218,https://shopping-phinf.pstatic.net/main_8933306/89333061805.jpg,data\staging\refrigerator\냉장고_정면\stg_0023.jpg,705,705,deleted,2026-05-14T14:36:08
냉장고 정면,디저트 쇼케이스 베이커리 카페 에그타르트 쿠키 진열장 60x42x54cm 경제형(정면),https://smartstore.naver.com/main/products/11638882640,https://shopping-phinf.pstatic.net/main_8918339/89183393096.jpg,data\staging\refrigerator\냉장고_정면\stg_0024.jpg,800,800,deleted,2026-05-14T14:36:08
냉장고 정면,냉장고 쌀장고 전용 진공 정면 주방 대용량 사각 냉장 진공쌀통 20KG 기능성 용량 방충,https://www.11st.co.kr/connect/Gateway.tmall?method=Xsite&prdNo=9109211426&tid=1000000061,https://shopping-phinf.pstatic.net/main_5891266/58912667368.jpg,data\staging\refrigerator\냉장고_정면\stg_0025.jpg,900,900,deleted,2026-05-14T14:36:09
냉장고 정면,젤라또 쇼케이스 냉장고 탁상용 매대 진열장 냉동고 블랙 정면 열림,https://smartstore.naver.com/main/products/12586636943,https://shopping-phinf.pstatic.net/main_9013114/90131147799.jpg,data\staging\refrigerator\냉장고_정면\stg_0026.jpg,1000,1000,deleted,2026-05-14T14:36:09
냉장고 정면,초슬림 음료수 냉장고 틈새 공간 절약 캐비닛 스탠드형 105L 정면너비36cm A,https://smartstore.naver.com/main/products/12768846049,https://shopping-phinf.pstatic.net/main_9031335/90313356998.jpg,data\staging\refrigerator\냉장고_정면\stg_0027.jpg,600,600,deleted,2026-05-14T14:36:10
냉장고 정면,슬림 음료수 쇼케이스 술장고 냉장고 틈새 주류 날씬한 105L 정면너비36cm A,https://smartstore.naver.com/main/products/12717278001,https://shopping-phinf.pstatic.net/main_9026178/90261788925.jpg,data\staging\refrigerator\냉장고_정면\stg_0028.jpg,600,600,deleted,2026-05-14T14:36:11
냉장고 정면,초슬림 음료수 틈새 스탠드형 냉장고 캐비닛 절약 공간 105L 정면너비36cm A,https://smartstore.naver.com/main/products/12710197053,https://shopping-phinf.pstatic.net/main_9025470/90254707977.jpg,data\staging\refrigerator\냉장고_정면\stg_0029.jpg,600,600,deleted,2026-05-14T14:36:11
냉장고 제품사진,레트로 소형 원룸 실버 냉장고 1급 118 원룸냉장고 사진참조 냉동냉장고 컴팩트,https://www.11st.co.kr/connect/Gateway.tmall?method=Xsite&prdNo=9193057425&tid=1000000061,https://shopping-phinf.pstatic.net/main_5926818/59268189149.jpg,data\staging\refrigerator\냉장고_제품사진\stg_0000.jpg,900,900,deleted,2026-05-14T14:36:12
냉장고 제품사진,100세트 50 50mm DIY 사각형 사진 냉장고 재료 사진 냉장고 스티커 만들기,https://smartstore.naver.com/main/products/12165256020,https://shopping-phinf.pstatic.net/main_8970976/89709766725.jpg,data\staging\refrigerator\냉장고_제품사진\stg_0001.jpg,1000,1000,deleted,2026-05-14T14:36:13
냉장고 제품사진,6pcs 귀여운 곰 냉장고 사진 스티커 벽 메시지 보드 장식 자기 DIY 홈 장식품,https://smartstore.naver.com/main/products/13173134599,https://shopping-phinf.pstatic.net/main_9071764/90717645696.jpg,data\staging\refrigerator\냉장고_제품사진\stg_0002.jpg,1000,1000,deleted,2026-05-14T14:36:13
냉장고 제품사진,A4 시트 냉장고 사진 및 그림 절단 다이 공예 용 0 5mm 검정색 매트 한쪽에 자기적,https://smartstore.naver.com/main/products/13173633670,https://shopping-phinf.pstatic.net/main_9071814/90718144767.jpg,data\staging\refrigerator\냉장고_제품사진\stg_0003.jpg,1000,1000,deleted,2026-05-14T14:36:14
냉장고 제품사진,9 6cm 사진 프레임 냉장고 미니 사진 프레임 폴라 필름에 한 양면 지갑 3Pa,https://smartstore.naver.com/main/products/12086422838,https://shopping-phinf.pstatic.net/main_8963093/89630933543.jpg,data\staging\refrigerator\냉장고_제품사진\stg_0004.jpg,1000,1000,deleted,2026-05-14T14:36:14
냉장고 제품사진,레트로냉장고 그리스 고전인면 조각상 베토벤 냉장고 빈티지 액자 천사 냉장고 사진 장식 사진,https://smartstore.naver.com/main/products/5433692751,https://shopping-phinf.pstatic.net/main_8297818/82978186828.jpg,data\staging\refrigerator\냉장고_제품사진\stg_0005.jpg,400,400,deleted,2026-05-14T14:36:15
냉장고 제품사진,코카콜라 레트로 냉장고 인테리어 기숙사 보관 소형 미니냉장고 레트로냉장고 - (사진참조),https://smartstore.naver.com/main/products/11192793647,https://shopping-phinf.pstatic.net/main_8873730/88737303969.jpg,data\staging\refrigerator\냉장고_제품사진\stg_0006.jpg,1000,1000,deleted,2026-05-14T14:36:16
냉장고 제품사진,승화 음악 냉장고 공백 맞춤 원하는 사진 출력 홈 데코 선물로 커플과 를 위한 가능,https://smartstore.naver.com/main/products/13457765049,https://shopping-phinf.pstatic.net/main_9100227/91002275401.jpg,data\staging\refrigerator\냉장고_제품사진\stg_0007.jpg,1000,1000,deleted,2026-05-14T14:36:16
냉장고 제품사진,레트로 소형 원룸 컴팩트 38B118LS 원룸냉장고 사진참조 냉장고 118 실버 냉동냉장고 1급,https://www.11st.co.kr/connect/Gateway.tmall?method=Xsite&prdNo=9313530811&tid=1000000061,https://shopping-phinf.pstatic.net/main_5982983/59829832921.jpg,data\staging\refrigerator\냉장고_제품사진\stg_0008.jpg,900,900,deleted,2026-05-14T14:36:16
냉장고 제품사진,8피스 빈티지 미니 냉장고 자석 5인치 DIY 사진 골드 그림 붙어있는 작은 브론즈 클래,https://smartstore.naver.com/main/products/13500843680,https://shopping-phinf.pstatic.net/main_9104535/91045354032.jpg,data\staging\refrigerator\냉장고_제품사진\stg_0009.jpg,1000,1000,deleted,2026-05-14T14:36:17
냉장고 제품사진,10 조각 믹스 색상 곰 냉장고 자석 사진 메시지 보드 스티커 홈 오피스 장식,https://smartstore.naver.com/main/products/13222334010,https://shopping-phinf.pstatic.net/main_9076684/90766844341.jpg,data\staging\refrigerator\냉장고_제품사진\stg_0010.jpg,600,600,deleted,2026-05-14T14:36:17
냉장고 제품사진,10pcs 과일 냉장고 여름 사진 메시지 보드 홈 오피스 장식 장식품,https://smartstore.naver.com/main/products/13173653502,https://shopping-phinf.pstatic.net/main_9071816/90718164599.jpg,data\staging\refrigerator\냉장고_제품사진\stg_0011.jpg,1000,1000,deleted,2026-05-14T14:36:18
냉장고 제품사진,개인화 된 사용자 정의 사진 냉장고 자석 크리스탈 유리 50mm 라운드 장식 선물 결혼식,https://smartstore.naver.com/main/products/12397005123,https://shopping-phinf.pstatic.net/main_8994151/89941515848.jpg,data\staging\refrigerator\냉장고_제품사진\stg_0012.jpg,600,600,deleted,2026-05-14T14:36:19
냉장고 제품사진,캔디 컬러 버튼 냉장고 자석 사진 메시지 보드 홈 인테리어,https://smartstore.naver.com/main/products/12396862696,https://shopping-phinf.pstatic.net/main_8994137/89941373421.jpg,data\staging\refrigerator\냉장고_제품사진\stg_0013.jpg,600,600,deleted,2026-05-14T14:36:19
냉장고 제품사진,귀여운 컬러 클립 냉장고 자석 사진 벽 메시지 스티커 사무실 파일 빌,https://smartstore.naver.com/main/products/12397021650,https://shopping-phinf.pstatic.net/main_8994153/89941532375.jpg,data\staging\refrigerator\냉장고_제품사진\stg_0014.jpg,600,600,deleted,2026-05-14T14:36:20
냉장고 제품사진,5pcs 투명 꽃 자석 사쿠라 스티커 냉장고 칠판 사진 메시지 보드 장식 선물,https://smartstore.naver.com/main/products/12396701038,https://shopping-phinf.pstatic.net/main_8994121/89941211763.jpg,data\staging\refrigerator\냉장고_제품사진\stg_0015.jpg,600,600,deleted,2026-05-14T14:36:20
냉장고 제품사진,10개 색상 냉장고 메시지 노트 사진 선물 귀여운 홈 원형 스티커 문구류 장식,https://smartstore.naver.com/main/products/13171750758,https://shopping-phinf.pstatic.net/main_9071626/90716261855.jpg,data\staging\refrigerator\냉장고_제품사진\stg_0016.jpg,1000,1000,deleted,2026-05-14T14:36:21
냉장고 제품사진,레트로냉장고 빈티지 테이프 스티커 패턴 냉장고 자성 스티커 사진 바나나 자석 스티커,https://smartstore.naver.com/main/products/5433692773,https://shopping-phinf.pstatic.net/main_8297818/82978186850.jpg,data\staging\refrigerator\냉장고_제품사진\stg_0017.jpg,400,400,deleted,2026-05-14T14:36:21
냉장고 제품사진,레트로 미니 냉장고 1인치 사진액자 미니소테 스티커 메탈 빈티지 브론즈 냉장고 스티커 전시,https://smartstore.naver.com/main/products/6178140317,https://shopping-phinf.pstatic.net/main_8372263/83722639889.jpg,data\staging\refrigerator\냉장고_제품사진\stg_0018.jpg,400,400,deleted,2026-05-14T14:36:22
냉장고 제품사진,레트로 원룸 냉장고 부동산 자취 사진참조 사이즈 은색 냉동냉장고 작은 3도 등급,https://smartstore.naver.com/main/products/12240488670,https://shopping-phinf.pstatic.net/main_8978499/89784999386.jpg,data\staging\refrigerator\냉장고_제품사진\stg_0019.jpg,1000,1000,deleted,2026-05-14T14:36:22
냉장고 제품사진,냉장고 화이트보드 사진 벽 사무실에 적합한 다양한 사양의 5x5x5mm/10x10mm 자석,https://smartstore.naver.com/main/products/12397020744,https://shopping-phinf.pstatic.net/main_8994153/89941531469.jpg,data\staging\refrigerator\냉장고_제품사진\stg_0020.jpg,600,600,deleted,2026-05-14T14:36:23
냉장고 제품사진,미니냉장고 호텔 숙박업소 음료 냉장 오피스텔 사무실 맥주 옵션 1 (상세 사진 참고),https://smartstore.naver.com/main/products/11874740074,https://shopping-phinf.pstatic.net/main_8941925/89419250676.1.jpg,data\staging\refrigerator\냉장고_제품사진\stg_0021.jpg,1000,1000,deleted,2026-05-14T14:36:23
냉장고 제품사진,5인치 다채로운 자기 사진 프레임 냉장고 가족 및 추억에 적합,https://smartstore.naver.com/main/products/12397021916,https://shopping-phinf.pstatic.net/main_8994153/89941532642.jpg,data\staging\refrigerator\냉장고_제품사진\stg_0022.jpg,600,600,deleted,2026-05-14T14:36:24
냉장고 제품사진,호텔 냉장고 모델 기숙사 미니바 침실 하부장 모텔 사무실 옵션사진참조 업소용,https://smartstore.naver.com/main/products/11870196243,https://shopping-phinf.pstatic.net/main_8941470/89414706837.jpg,data\staging\refrigerator\냉장고_제품사진\stg_0023.jpg,1000,1000,deleted,2026-05-14T14:36:24
냉장고 제품사진,작은냉장고 소형냉장고 기숙사 신혼 오피스텔 맥주 A 모델 (실측 사진참조),https://smartstore.naver.com/main/products/13512940042,https://shopping-phinf.pstatic.net/main_9105745/91057450394.jpg,data\staging\refrigerator\냉장고_제품사진\stg_0024.jpg,1000,1000,deleted,2026-05-14T14:36:25
냉장고 제품사진,미니냉장고 호텔 숙박업소 냉장 오피스텔 사무실 맥주 음료 옵션 1 (상세 사진 참고),https://smartstore.naver.com/main/products/13506209935,https://shopping-phinf.pstatic.net/main_9105072/91050720287.jpg,data\staging\refrigerator\냉장고_제품사진\stg_0025.jpg,1000,1000,deleted,2026-05-14T14:36:26
냉장고 제품사진,캐릭터 콜라보 사진기 캐릭터카메라 즉석카메라 제품 600 촬영 감성카메라,https://smartstore.naver.com/main/products/13526200160,https://shopping-phinf.pstatic.net/main_9107071/91070710513.jpg,data\staging\refrigerator\냉장고_제품사진\stg_0026.jpg,800,800,deleted,2026-05-14T14:36:26
냉장고 제품사진,0 5/1/1 5mm A4 자기 접착 시트 스티커 냉장고 용 흰색 매트 사진 그림 절단 4A,https://smartstore.naver.com/main/products/13170997735,https://shopping-phinf.pstatic.net/main_9071550/90715508832.jpg,data\staging\refrigerator\냉장고_제품사진\stg_0027.jpg,1000,1000,deleted,2026-05-14T14:36:27
냉장고 제품사진,미니냉장고 호텔 숙박업소 사무실 냉장 상세 옵션 사진 텔,https://smartstore.naver.com/main/products/13381444988,https://shopping-phinf.pstatic.net/main_9092595/90925955324.jpg,data\staging\refrigerator\냉장고_제품사진\stg_0028.jpg,1000,1000,deleted,2026-05-14T14:36:27
냉장고 제품사진,미니 화이트 냉장고 효율적인 가구 아이템 사진 촬영용 주방 액세서리,https://www.11st.co.kr/connect/Gateway.tmall?method=Xsite&prdNo=9303699953&tid=1000000061,https://shopping-phinf.pstatic.net/main_5978873/59788737481.2.jpg,data\staging\refrigerator\냉장고_제품사진\stg_0029.jpg,900,900,deleted,2026-05-14T14:36:28
삼성 비스포크 냉장고,삼성전자 비스포크 냉장고 900리터 이하 삼성냉장고 양문형 852L 코타화이트 AI인버터,https://smartstore.naver.com/main/products/11433541587,https://shopping-phinf.pstatic.net/main_8897805/88978051952.5.jpg,data\staging\refrigerator\삼성_비스포크_냉장고\stg_0000.jpg,1000,1000,deleted,2026-05-14T14:36:28
삼성 비스포크 냉장고,삼성전자 비스포크 AI 냉장고 4도어 902L (RM70F90M1) 에센셜 화이트(RM70F90M1ZD),https://search.shopping.naver.com/catalog/56424580420,https://shopping-phinf.pstatic.net/main_5642458/56424580420.20250826142123.jpg,data\staging\refrigerator\삼성_비스포크_냉장고\stg_0001.jpg,2500,2500,skipped_duplicate,2026-05-14T14:36:29
삼성 비스포크 냉장고,삼성전자 비스포크 키친핏 Max 4도어 640L 에센셜 화이트(RM70F63R2Z),https://search.shopping.naver.com/catalog/55831245805,https://shopping-phinf.pstatic.net/main_5583124/55831245805.20250717155549.jpg,data\staging\refrigerator\삼성_비스포크_냉장고\stg_0002.jpg,500,383,skipped_duplicate,2026-05-14T14:36:29
삼성 비스포크 냉장고,삼성전자 비스포크 4도어 905L RM70F90R1ZD 에센셜 화이트,https://search.shopping.naver.com/catalog/58033468145,https://shopping-phinf.pstatic.net/main_5803346/58033468145.20251205145257.jpg,data\staging\refrigerator\삼성_비스포크_냉장고\stg_0003.jpg,1000,1000,skipped_duplicate,2026-05-14T14:36:30
삼성 비스포크 냉장고,삼성전자 비스포크 2도어 852L (RS84DB5002CW) 코타 PCM 화이트,https://search.shopping.naver.com/catalog/53598623443,https://shopping-phinf.pstatic.net/main_5359862/53598623443.20250703103057.jpg,data\staging\refrigerator\삼성_비스포크_냉장고\stg_0004.jpg,900,900,skipped_duplicate,2026-05-14T14:36:30
삼성 비스포크 냉장고,삼성비스포크 키친핏 냉장고 900리터 이상 빌트인 3도어 비스코프,https://smartstore.naver.com/main/products/12101369477,https://shopping-phinf.pstatic.net/main_8964588/89645880182.1.jpg,data\staging\refrigerator\삼성_비스포크_냉장고\stg_0005.jpg,1000,1000,skipped_duplicate,2026-05-14T14:36:31
삼성 비스포크 냉장고,삼성 키친핏냉장고 4도어 비스포크키친핏 맥스 빌트인 냉장고 600리터 비스코프 1등급 냉장고,https://smartstore.naver.com/main/products/11574120314,https://shopping-phinf.pstatic.net/main_8911863/89118630720.6.jpg,data\staging\refrigerator\삼성_비스포크_냉장고\stg_0006.jpg,1000,1000,skipped_duplicate,2026-05-14T14:36:31
삼성 비스포크 냉장고,삼성전자 비스포크 BESPOKE AI 냉장고 4도어 905L 에센셜 화이트(RM70F90R2ZD),https://search.shopping.naver.com/catalog/53916543178,https://shopping-phinf.pstatic.net/main_5391654/53916543178.20250402095350.jpg,data\staging\refrigerator\삼성_비스포크_냉장고\stg_0007.jpg,892,684,skipped_duplicate,2026-05-14T14:36:31
삼성 비스포크 냉장고,[렌탈]삼성전자 삼성 비스포크 AI 냉장고 렌탈 905L RM70F90R2ZD/60개월 의무사용,https://www.lotteimall.com/coop/affilGate.lotte?chl_no=141370&chl_dtl_no=2540914&returnUrl=/goods/viewGoodsDetail.lotte?goods_no=2623583439&utm_source=naver&utm_medium=affiliate&utm_campaign=price_compare,https://shopping-phinf.pstatic.net/main_4726079/47260795353.1.jpg,data\staging\refrigerator\삼성_비스포크_냉장고\stg_0008.jpg,550,550,deleted,2026-05-14T14:36:32
삼성 비스포크 냉장고,삼성전자 냉장고 비스포크 500리터 이상 651L 비스포크 세미 키친핏냉장고 프리스탠딩형,https://smartstore.naver.com/main/products/13279466057,https://shopping-phinf.pstatic.net/main_9082397/90823976389.1.jpg,data\staging\refrigerator\삼성_비스포크_냉장고\stg_0009.jpg,1000,1000,deleted,2026-05-14T14:36:32
삼성 비스포크 냉장고,삼성전자 비스포크AI 키친핏 Max 4도어 636L 코타 화이트(RM70F63M2A),https://search.shopping.naver.com/catalog/57608059616,https://shopping-phinf.pstatic.net/main_5760805/57608059616.20251106093923.jpg,data\staging\refrigerator\삼성_비스포크_냉장고\stg_0010.jpg,500,500,skipped_duplicate,2026-05-14T14:36:33
삼성 비스포크 냉장고,삼성전자 비스포크 2도어 651L (RS70F65Q2Y) 코타 화이트,https://search.shopping.naver.com/catalog/56465067157,https://shopping-phinf.pstatic.net/main_5646506/56465067157.20250828093714.jpg,data\staging\refrigerator\삼성_비스포크_냉장고\stg_0011.jpg,1000,1000,skipped_duplicate,2026-05-14T14:36:33
삼성 비스포크 냉장고,삼성 비스포크 키친핏 1등급 냉장고 김치냉장고 세트 MAX 빌트인 화이트,https://smartstore.naver.com/main/products/12274449002,https://shopping-phinf.pstatic.net/main_8981895/89818959719.2.jpg,data\staging\refrigerator\삼성_비스포크_냉장고\stg_0012.jpg,1000,1000,skipped_duplicate,2026-05-14T14:36:33
삼성 비스포크 냉장고,삼성 2025년 NEW 비스포크 4도어 냉장고 905L 에센셜 베이지 비스코프 900리터급,https://smartstore.naver.com/main/products/10258873040,https://shopping-phinf.pstatic.net/main_8780337/87803376807.1.jpg,data\staging\refrigerator\삼성_비스포크_냉장고\stg_0013.jpg,650,650,skipped_duplicate,2026-05-14T14:36:34
삼성 비스포크 냉장고,냉장고 렌탈 삼성 비스포크 오브제 RT31CG5024S/약정 60개월/등록비 렌탈,https://first-rental.kr/products/view/4188,https://shopping-phinf.pstatic.net/main_5153561/51535618637.1.jpg,data\staging\refrigerator\삼성_비스포크_냉장고\stg_0014.jpg,850,850,deleted,2026-05-14T14:36:34
삼성 비스포크 냉장고,삼성전자 비스포크 키친핏 Max 4도어 623L 코타 화이트(RM70F64Q1A),https://search.shopping.naver.com/catalog/53411128538,https://shopping-phinf.pstatic.net/main_5341112/53411128538.20251202093013.jpg,data\staging\refrigerator\삼성_비스포크_냉장고\stg_0015.jpg,1000,1000,skipped_duplicate,2026-05-14T14:36:35
삼성 비스포크 냉장고,삼성전자 비스포크 4도어 902L 매트 크리미 베이지 (RF90DG91114E) 매트 크리미 베이지,https://search.shopping.naver.com/catalog/59013886280,https://shopping-phinf.pstatic.net/main_5901388/59013886280.20260223115303.jpg,data\staging\refrigerator\삼성_비스포크_냉장고\stg_0016.jpg,1000,1000,skipped_duplicate,2026-05-14T14:36:35
삼성 비스포크 냉장고,삼성전자 비스포크 2도어 852L (RS70F84N2Y) 코타 화이트,https://search.shopping.naver.com/catalog/56422670174,https://shopping-phinf.pstatic.net/main_5642267/56422670174.20250825122738.jpg,data\staging\refrigerator\삼성_비스포크_냉장고\stg_0017.jpg,802,615,skipped_duplicate,2026-05-14T14:36:35
삼성 비스포크 냉장고,삼성비스포크 양문형 냉장고 AI 패밀리허브 4도어 키친핏 Max 프리미엄,https://smartstore.naver.com/main/products/13354852350,https://shopping-phinf.pstatic.net/main_9089936/90899362682.1.jpg,data\processed\refrigerator\naver_0249.jpg,1275,1233,approved,2026-05-14T14:36:36
삼성 비스포크 냉장고,삼성전자 비스포크 냉장고 키친핏 상단 패널 1+1 특별행사 에센셜 베이지,https://smartstore.naver.com/main/products/11528886825,https://shopping-phinf.pstatic.net/main_8907339/89073397231.jpg,data\processed\refrigerator\naver_0250.jpg,1000,1000,approved,2026-05-14T14:36:36
삼성 비스포크 냉장고,삼성 25년형 4도어 비스포크 키친핏 냉장고 640L 코타 화이트 600리터급 비스코프,https://smartstore.naver.com/main/products/10102791199,https://shopping-phinf.pstatic.net/main_8764729/87647293969.1.jpg,data\staging\refrigerator\삼성_비스포크_냉장고\stg_0020.jpg,750,751,skipped_duplicate,2026-05-14T14:36:37
삼성 비스포크 냉장고,삼성전자 비스포크 AI 냉장고 4도어 884L (빅아이스/큐브) 코타 화이트(RM70F90Q2A),https://search.shopping.naver.com/catalog/56466054792,https://shopping-phinf.pstatic.net/main_5646605/56466054792.20251202093404.jpg,data\staging\refrigerator\삼성_비스포크_냉장고\stg_0021.jpg,500,500,skipped_duplicate,2026-05-14T14:36:37
삼성 비스포크 냉장고,삼성전자 비스포크 AI 하이브리드 키친핏 Max 4도어 633L (푸드 쇼케이스) 새틴 화이트(RM70F64M2X),https://search.shopping.naver.com/catalog/56571472237,https://shopping-phinf.pstatic.net/main_5657147/56571472237.20251226095532.jpg,data\staging\refrigerator\삼성_비스포크_냉장고\stg_0022.jpg,1080,1080,skipped_duplicate,2026-05-14T14:36:37
삼성 비스포크 냉장고,삼성전자 Bespoke AI 하이브리드 4도어 894L (오토오픈도어) RM80F91M1XJ,https://www.samsung.com/sec/refrigerators/french-door-rm80f91m1xj-d2c/RM80F91M1XJ/?samsungstore=000201,https://shopping-phinf.pstatic.net/main_5563312/55633123127.jpg,data\processed\refrigerator\naver_0251.jpg,802,615,approved,2026-05-14T14:36:38
삼성 비스포크 냉장고,삼성전자 비스포크AI 4도어 874L (RM80F91H1) 새틴 화이트(RM80F91H1X),https://search.shopping.naver.com/catalog/59417807168,https://shopping-phinf.pstatic.net/main_5941780/59417807168.20260327140956.jpg,data\staging\refrigerator\삼성_비스포크_냉장고\stg_0024.jpg,500,500,skipped_duplicate,2026-05-14T14:36:38
삼성 비스포크 냉장고,2024년 삼성 BESPOKE 양문냉장고 852L 대용량 900리터급 방문설치 메탈 젠틀실버 RS84DG5002M9,https://smartstore.naver.com/main/products/11864160015,https://shopping-phinf.pstatic.net/main_8940867/89408670609.jpg,data\processed\refrigerator\naver_0252.jpg,1000,1000,approved,2026-05-14T14:36:38
삼성 비스포크 냉장고,삼성 비스포크 냉장고 600리터 급 키친핏냉장고 MAX 4도어 640L(25년신형),https://smartstore.naver.com/main/products/12107107394,https://shopping-phinf.pstatic.net/main_8965161/89651618099.jpg,data\processed\refrigerator\naver_0253.jpg,600,600,approved,2026-05-14T14:36:39
삼성 비스포크 냉장고,삼성 냉장고 비스포크키친핏 900리터 이상 비스코프 냉장고,https://smartstore.naver.com/main/products/12269403220,https://shopping-phinf.pstatic.net/main_8981391/89813913936.1.jpg,data\staging\refrigerator\삼성_비스포크_냉장고\stg_0027.jpg,1000,1000,skipped_duplicate,2026-05-14T14:36:39
삼성 비스포크 냉장고,삼성 키친핏 냉장고 1104L 신혼 비스포크 빌트인 삼성 냉장고,https://smartstore.naver.com/main/products/13040583345,https://shopping-phinf.pstatic.net/main_9058509/90585094437.jpg,data\processed\refrigerator\naver_0254.jpg,1000,1000,approved,2026-05-14T14:36:40
삼성 비스포크 냉장고,삼성전자 비스포크 AI 하이브리드 키친핏 Max (UV탈취) 4도어 637L 에센셜 화이트+에센셜 베이지(RM70F64R1ZG),https://search.shopping.naver.com/catalog/56423617160,https://shopping-phinf.pstatic.net/main_5642361/56423617160.20250825144253.jpg,data\staging\refrigerator\삼성_비스포크_냉장고\stg_0029.jpg,802,615,skipped_duplicate,2026-05-14T14:36:40
LG 오브제 냉장고,엘지 25년형 신모델 오브제냉장고 900리터 급 오브제컬렉션 크림그레이+화이트 (832L),https://smartstore.naver.com/main/products/9425801047,https://shopping-phinf.pstatic.net/main_8697030/86970301370.1.jpg,data\staging\refrigerator\LG_오브제_냉장고\stg_0000.jpg,1000,1000,skipped_duplicate,2026-05-14T14:36:41
LG 오브제 냉장고,LG디오스 오브제 키친핏 4도어 냉장고 600리터급 실609L 미스트 베이지,https://smartstore.naver.com/main/products/13295468831,https://shopping-phinf.pstatic.net/main_9083997/90839979163.jpg,data\staging\refrigerator\LG_오브제_냉장고\stg_0001.jpg,1024,1024,skipped_duplicate,2026-05-14T14:36:41
LG 오브제 냉장고,LG 오브제컬렉션 매직스페이스 냉장고 1등급 크림화이트/크림그레이,https://smartstore.naver.com/main/products/11514398751,https://shopping-phinf.pstatic.net/main_8905890/89058909124.2.jpg,data\staging\refrigerator\LG_오브제_냉장고\stg_0002.jpg,1000,1000,skipped_duplicate,2026-05-14T14:36:42
LG 오브제 냉장고,LG 디오스 오브제 냉장고600리터 급 25년 신형 612L 엘지냉장고 2도어 저소음,https://smartstore.naver.com/main/products/12172497089,https://shopping-phinf.pstatic.net/main_8971700/89717007794.jpg,data\staging\refrigerator\LG_오브제_냉장고\stg_0003.jpg,600,600,skipped_duplicate,2026-05-14T14:36:42
LG 오브제 냉장고,25년 신형 엘지전자 빠른방문설치 오브제컬렉션AI 900리터급 탈취 양문냉장고 832리터 네이처 베이지(S836MEE022),https://smartstore.naver.com/main/products/13186057381,https://shopping-phinf.pstatic.net/main_9073056/90730568478.jpg,data\staging\refrigerator\LG_오브제_냉장고\stg_0004.jpg,1000,1000,skipped_duplicate,2026-05-14T14:36:42
LG 오브제 냉장고,LG디오스 오브제 652리터 매직스페이스냉장고 홈바 세미키친핏,https://smartstore.naver.com/main/products/10987659297,https://shopping-phinf.pstatic.net/main_8853216/88532165350.1.jpg,data\staging\refrigerator\LG_오브제_냉장고\stg_0005.jpg,1024,1024,skipped_duplicate,2026-05-14T14:36:43
LG 오브제 냉장고,LG 냉장고렌탈 오브제 4도어 H875GBB012 방문관리 6년약정,https://bestrentalshop.co.kr/product.php?no=6450,https://shopping-phinf.pstatic.net/main_5134506/51345069889.1.jpg,data\staging\refrigerator\LG_오브제_냉장고\stg_0006.jpg,500,500,skipped_duplicate,2026-05-14T14:36:43
LG 오브제 냉장고,LG전자 디오스 AI 오브제컬렉션 냉장고 (매직스페이스) 2도어 832L 1등급 (111) 네이처 베이지(S834MEE111),https://search.shopping.naver.com/catalog/56421536083,https://shopping-phinf.pstatic.net/main_5642153/56421536083.20250825103945.jpg,data\staging\refrigerator\LG_오브제_냉장고\stg_0007.jpg,1000,1000,skipped_duplicate,2026-05-14T14:36:44
LG 오브제 냉장고,LG전자 디오스 AI 오브제컬렉션 냉장고 Fit &amp; Max 4도어 609L (0M1) 미스트 베이지(M616GBB0M1),https://search.shopping.naver.com/catalog/56560497805,https://shopping-phinf.pstatic.net/main_5656049/56560497805.20250902181424.jpg,data\staging\refrigerator\LG_오브제_냉장고\stg_0008.jpg,600,600,skipped_duplicate,2026-05-14T14:36:44
LG 오브제 냉장고,LG 디오스 오브제 2도어 세미키친핏 냉장고 600리터 급 실652L 화이트 매직스페이스,https://smartstore.naver.com/main/products/11754645660,https://shopping-phinf.pstatic.net/main_8929915/89299156247.1.jpg,data\processed\refrigerator\naver_0217.jpg,600,600,approved,2026-05-14T14:36:44
LG 오브제 냉장고,LG전자 디오스 AI 오브제컬렉션 냉장고 더블매직스페이스 4도어 M876GBB231,https://smartstore.naver.com/main/products/12428124862,https://shopping-phinf.pstatic.net/main_8997263/89972635609.jpg,data\staging\refrigerator\LG_오브제_냉장고\stg_0010.jpg,1000,1000,skipped_duplicate,2026-05-14T14:36:45
LG 오브제 냉장고,LG 냉장고 렌탈 오브제컬렉션 72개월의무 30개월주기 방문관리 B182DS13,https://rentalstores.cafe24.com/product/detail.html?product_no=10495,https://shopping-phinf.pstatic.net/main_5867077/58670776610.jpg,data\staging\refrigerator\LG_오브제_냉장고\stg_0011.jpg,1890,1890,skipped_duplicate,2026-05-14T14:36:45
LG 오브제 냉장고,LG오브제 AI 800리터급 직수 얼음정수기 냉장고 인버터 메탈 810L,https://smartstore.naver.com/main/products/13295522291,https://shopping-phinf.pstatic.net/main_9084003/90840032623.jpg,data\processed\refrigerator\naver_0218.jpg,1306,1304,approved,2026-05-14T14:36:46
LG 오브제 냉장고,LG전자 디오스 AI 오브제컬렉션 베이직 냉장고 4도어 870L 네이처 베이지(T875MEE011),https://search.shopping.naver.com/catalog/56500831532,https://shopping-phinf.pstatic.net/main_5650083/56500831532.20250829170354.jpg,data\staging\refrigerator\LG_오브제_냉장고\stg_0013.jpg,500,500,skipped_duplicate,2026-05-14T14:36:46
LG 오브제 냉장고,LG 얼음정수기냉장고 렌탈 디오스 오브제 820L J825GBB142 6년의무,https://rental-all.co.kr/product/detail.html?product_no=1754,https://shopping-phinf.pstatic.net/main_5601530/56015304642.jpg,data\processed\refrigerator\naver_0219.jpg,600,600,approved,2026-05-14T14:36:46
LG 오브제 냉장고,냉장고 렌탈 삼성 비스포크 오브제 RT31CG5024S/약정 60개월/등록비 렌탈,https://first-rental.kr/products/view/4188,https://shopping-phinf.pstatic.net/main_5153561/51535618637.1.jpg,data\staging\refrigerator\LG_오브제_냉장고\stg_0015.jpg,850,850,skipped_duplicate,2026-05-14T14:36:47
LG 오브제 냉장고,LG전자 오브제컬렉션 디오스 AI 냉장고 2도어 832L 네이처 베이지(S836MEE022),https://search.shopping.naver.com/catalog/56424869967,https://shopping-phinf.pstatic.net/main_5642486/56424869967.20250825162036.jpg,data\processed\refrigerator\naver_0220.jpg,500,500,approved,2026-05-14T14:36:47
LG 오브제 냉장고,엘지 직영설치 오브제컬렉션 4도어냉장고 870리터 오토클로징도어 900리터급 색상선택 베이지 T875MEE012,https://smartstore.naver.com/main/products/11864542429,https://shopping-phinf.pstatic.net/main_8940905/89409053023.jpg,data\staging\refrigerator\LG_오브제_냉장고\stg_0017.jpg,1000,1000,skipped_duplicate,2026-05-14T14:36:48
LG 오브제 냉장고,LG 냉장고 렌탈 오브제컬렉션 72개월의무 30개월주기 방문관리 B243W32,https://rentalstores.cafe24.com/product/detail.html?product_no=10492,https://shopping-phinf.pstatic.net/main_5867077/58670776671.jpg,data\processed\refrigerator\naver_0221.jpg,1890,1890,approved,2026-05-14T14:36:48
LG 오브제 냉장고,엘지 오브제냉장고900리터이하 신혼냉장고 4도어 베이지 (870L),https://smartstore.naver.com/main/products/10673132246,https://shopping-phinf.pstatic.net/main_8821763/88217638160.2.jpg,data\processed\refrigerator\naver_0222.jpg,600,600,approved,2026-05-14T14:36:48
LG 오브제 냉장고,(LG)LG 디오스 AI 오브제컬렉션 냉장고 M876GBB131 매직스페이스 1등급,https://link.auction.co.kr/gate/pcs?item-no=F323998845&sub-id=1&service-code=10000003,https://shopping-phinf.pstatic.net/main_5651783/56517832822.1.jpg,data\processed\refrigerator\naver_0223.jpg,600,600,approved,2026-05-14T14:36:49
LG 오브제 냉장고,LG전자 디오스 AI 오브제컬렉션 냉장고 (매직스페이스) 2도어 832L 2등급 (112) 네이처 크림 그레이+에센스 화이트(S836MRQ112),https://search.shopping.naver.com/catalog/56574434849,https://shopping-phinf.pstatic.net/main_5657443/56574434849.20250903170256.jpg,data\processed\refrigerator\naver_0224.jpg,350,350,approved,2026-05-14T14:36:49
LG 오브제 냉장고,LG전자 (LG)LG전자 디오스 AI 오브제컬렉션 냉장고 T875MEE011 전국무료배송및 설치,https://link.gmarket.co.kr/gate/pcs?item-no=4704484280&sub-id=1003&service-code=10000003&lcd=100000008,https://shopping-phinf.pstatic.net/main_5933266/59332662265.jpg,data\processed\refrigerator\naver_0225.jpg,600,600,approved,2026-05-14T14:36:49
LG 오브제 냉장고,LG 디오스 오브제 2도어 세미키친핏 냉장고 600리터 급 S634MGW12Q 실652L,https://smartstore.naver.com/main/products/10584573841,https://shopping-phinf.pstatic.net/main_8812907/88129079431.jpg,data\processed\refrigerator\naver_0226.jpg,860,1100,approved,2026-05-14T14:36:50
LG 오브제 냉장고,LG 냉장고 렌탈 디오스 AI 오브제컬렉션 양문형 832L S836GBB142 방문관리 6년약정 설치비면제,https://rental-center.com/product.php?no=8480,https://shopping-phinf.pstatic.net/main_5840432/58404325074.1.jpg,data\processed\refrigerator\naver_0227.jpg,722,722,approved,2026-05-14T14:36:50
LG 오브제 냉장고,LG 오브제 AI 얼음정수기 냉장고800리터 4도어 네이처베이지,https://smartstore.naver.com/main/products/13295623520,https://shopping-phinf.pstatic.net/main_9084013/90840133852.jpg,data\processed\refrigerator\naver_0228.jpg,1180,1174,approved,2026-05-14T14:36:51
LG 오브제 냉장고,LG전자 디오스 AI 오브제컬렉션 냉장고 (매직스페이스) 2도어 832L (122) 미스트 베이지(S836GBB122),https://search.shopping.naver.com/catalog/56605846141,https://shopping-phinf.pstatic.net/main_5660584/56605846141.20250905142948.jpg,data\processed\refrigerator\naver_0229.jpg,350,350,approved,2026-05-14T14:36:51
LG 오브제 냉장고,LG전자 디오스 AI 오브제컬렉션 냉장고 (더블매직스페이스) 4도어 871L 미스트 베이지(M876GBB231),https://search.shopping.naver.com/catalog/56384522013,https://shopping-phinf.pstatic.net/main_5638452/56384522013.20260422170749.jpg,data\processed\refrigerator\naver_0230.jpg,500,500,approved,2026-05-14T14:36:51
LG 오브제 냉장고,LG전자 오브제컬렉션 양문형냉장고 900리터급 클레이민트+베이지(832L),https://smartstore.naver.com/main/products/9425679770,https://shopping-phinf.pstatic.net/main_8697018/86970180093.jpg,data\processed\refrigerator\naver_0231.jpg,1000,1000,approved,2026-05-14T14:36:52
LG 오브제 냉장고,LG전자 디오스 오브제컬렉션 STEM 얼음정수 냉장고 4도어 820L 네이처 베이지(J825MEE042),https://search.shopping.naver.com/catalog/56454730439,https://shopping-phinf.pstatic.net/main_5645473/56454730439.20250827120800.jpg,data\staging\refrigerator\LG_오브제_냉장고\stg_0029.jpg,1000,1000,skipped_duplicate,2026-05-14T14:36:52
