query,title,link,image_url,saved_path,width,height,status,collected_at
삼성 통돌이세탁기,삼성전자 AI 통버블 세탁기 19kg 블랙캐비어 삼성 통돌이세탁기 WA80F19SKB,https://smartstore.naver.com/main/products/11891703233,https://shopping-phinf.pstatic.net/main_8943621/89436213842.jpg,data\processed\washer_dryer\naver_0270.jpg,1000,1000,approved,2026-05-14T12:18:20
삼성 통돌이세탁기,삼성전자 21kg 그랑데 대형 통돌이세탁기 블랙검정 WA21A8376KV,https://smartstore.naver.com/main/products/12888928642,https://shopping-phinf.pstatic.net/main_9043343/90433439634.jpg,data\processed\washer_dryer\naver_0274.jpg,1000,1000,approved,2026-05-14T12:18:20
삼성 통돌이세탁기,삼성 그랑데 통버블 통돌이세탁기15KG 14kg WA14CG6441BY 방문설치,https://smartstore.naver.com/main/products/13136533190,https://shopping-phinf.pstatic.net/main_9068104/90681044282.jpg,data\processed\washer_dryer\naver_0279.jpg,1000,1000,approved,2026-05-14T12:18:20
삼성 통돌이세탁기,삼성전자 삼성 그랑데21KG WA21A8376KV 통돌이 세탁기,https://link.gmarket.co.kr/gate/pcs?item-no=4624860642&sub-id=1003&service-code=10000003&lcd=100000092,https://shopping-phinf.pstatic.net/main_5820099/58200990663.jpg,data\processed\washer_dryer\naver_0285.jpg,1100,1080,approved,2026-05-14T12:18:20
삼성 통돌이세탁기,삼성 통돌이 세탁기 25kg 블랙케이버 WA25B8377KV,https://smartstore.naver.com/main/products/12711931345,https://shopping-phinf.pstatic.net/main_9025644/90256442269.jpg,data\processed\washer_dryer\naver_0286.jpg,1100,1080,approved,2026-05-14T12:18:20
LG 통돌이세탁기,LG통돌이세탁기13KG 미니 원룸 오피스텔 화이트 소형 통돌이세탁기 최신형 [엘지설치],https://smartstore.naver.com/main/products/7033861501,https://shopping-phinf.pstatic.net/main_8457836/84578361823.10.jpg,data\processed\washer_dryer\naver_0024.jpg,1200,1200,approved,2026-05-14T12:18:21
LG 통돌이세탁기,LG 통돌이 18kg DD모터 인공지능 세탁기 T18MX7A,https://smartstore.naver.com/main/products/7784080734,https://shopping-phinf.pstatic.net/main_8532858/85328581056.196.jpg,data\processed\washer_dryer\naver_0025.jpg,1000,1000,approved,2026-05-14T12:18:21
LG 통돌이세탁기,LG전자 통돌이 세탁기 16KG TR16MK2 (출고 1주 내),https://smartstore.naver.com/main/products/10151571676,https://shopping-phinf.pstatic.net/main_8769607/87696074930.jpg,data\processed\washer_dryer\naver_0031.jpg,640,640,approved,2026-05-14T12:18:21
LG 통돌이세탁기,[전국 설치]LG 통돌이 세탁기 TA25GZ9 대용량 대포물살 25kg 원룸 투룸 오피스텔,https://smartstore.naver.com/main/products/10567588639,https://shopping-phinf.pstatic.net/main_8811209/88112094164.1.jpg,data\processed\washer_dryer\naver_0221.jpg,1000,1000,approved,2026-05-14T12:18:21
LG 통돌이세탁기,[설치포함] LG 엘지 통돌이 컴포트 세탁기 T21GZ9 21kg,https://smartstore.naver.com/main/products/12026399863,https://shopping-phinf.pstatic.net/main_8957091/89570910555.jpg,data\processed\washer_dryer\naver_0223.jpg,750,750,approved,2026-05-14T12:18:21
LG 통돌이세탁기,LG 통돌이 세탁기 19kg 미드블랙 T19MX7A,https://smartstore.naver.com/main/products/12325577245,https://shopping-phinf.pstatic.net/main_8987008/89870087962.jpg,data\processed\washer_dryer\naver_0224.jpg,600,600,approved,2026-05-14T12:18:21
LG 통돌이세탁기,엘지직영설치 올스탠 통돌이세탁기 25KG 저소음 대용량 이불세탁 T25PX9A,https://smartstore.naver.com/main/products/11872856483,https://shopping-phinf.pstatic.net/main_8941736/89417367072.jpg,data\processed\washer_dryer\naver_0226.jpg,1000,1000,approved,2026-05-14T12:18:21
LG 통돌이세탁기,LG 통돌이 스마트인버터 12KG 일반세탁기 TR12BL 기사설치 폐가전수거 /내일,https://smartstore.naver.com/main/products/11070903994,https://shopping-phinf.pstatic.net/main_8861541/88615410205.1.jpg,data\processed\washer_dryer\naver_0227.jpg,1200,1200,approved,2026-05-14T12:18:21
히트펌프건조기,LG전자 RD21ESE + WMKITE (RD21ESE-KE) 네이처 베이지,https://search.shopping.naver.com/catalog/53940811534,https://shopping-phinf.pstatic.net/main_5394081/53940811534.20250403164856.jpg,data\staging\washer_dryer\히트펌프건조기\stg_0020.jpg,1000,1000,dedup_deleted,2026-05-14T12:18:22
드럼건조기,삼성 비스포크AI 콤보 25kg+18kg 블랙캐비어+허리사랑 수납함 WD80H25BHBN1,https://smartstore.naver.com/main/products/13104011931,https://shopping-phinf.pstatic.net/main_9064852/90648523023.jpg,data\processed\washer_dryer\naver_0251.jpg,1000,1000,approved,2026-05-14T12:18:22
드럼건조기,2025 삼성 비스포크 AI 콤보 세탁 건조 25/15kg 1등급 올인원 스마트싱스 화이트,https://smartstore.naver.com/main/products/12052942580,https://shopping-phinf.pstatic.net/main_8959745/89597453279.jpg,data\processed\washer_dryer\naver_0253.jpg,700,700,approved,2026-05-14T12:18:22
삼성 건조기,삼성전자 그랑데 건조기 14kg 방문설치  DV14R8520KW  화이트,https://link.coupang.com/re/PCSNAVERPCSDP?pageKey=319674615&ctag=319674615&lptag=I1022516664&itemId=1022516664&vendorItemId=89941205087&spec=10305199,https://shopping-phinf.pstatic.net/main_5870343/58703431231.jpg,data\processed\washer_dryer\naver_0261.jpg,500,500,approved,2026-05-14T12:18:22
삼성 건조기,삼성전자 비스포크 BESPOKE 그랑데 건조기 AI 20kg (올인원컨트롤)   블랙 캐비어(DV20CB8890BV),https://search.shopping.naver.com/catalog/54024876193,https://shopping-phinf.pstatic.net/main_5402487/54024876193.20250408172629.jpg,data\processed\washer_dryer\naver_0251.jpg,500,500,approved,2026-05-14T12:18:22
삼성 건조기,삼성전자 비스포크 그랑데 건조기 AI 20kg 블랙캐비어(DV20CB8600BV),https://search.shopping.naver.com/catalog/53755961893,https://shopping-phinf.pstatic.net/main_5375596/53755961893.20250325161437.jpg,data\processed\washer_dryer\naver_0266.jpg,800,800,approved,2026-05-14T12:18:22
삼성 건조기,삼성전자 소형 건조기 9KG 화이트 DV90TA040TE 폐가전수거 삼성기사설치,https://smartstore.naver.com/main/products/11578056168,https://shopping-phinf.pstatic.net/main_8912256/89122566574.1.jpg,data\processed\washer_dryer\naver_0269.jpg,1080,1080,approved,2026-05-14T12:18:22
삼성 건조기,소상공인환급 삼성 건조기 DV90TA040KE 9kg,https://smartstore.naver.com/main/products/13408481022,https://shopping-phinf.pstatic.net/main_9095299/90952991358.jpg,data\staging\washer_dryer\삼성_건조기\stg_0029.jpg,1000,1000,dedup_deleted,2026-05-14T12:18:22
LG 건조기,LG 트롬 건조기 18KG RH18WTSN 화이트 1등급 대용량 듀얼 인버터 히트펌프,https://smartstore.naver.com/main/products/10748598196,https://shopping-phinf.pstatic.net/main_8829310/88293104119.3.jpg,data\processed\washer_dryer\naver_0202.jpg,1200,1200,approved,2026-05-14T12:18:23
LG 건조기,LG전자 최상급 LG/삼성 전기 인버터 건조기 화이트 9KG 품질보증리퍼/폐가전 무료수거,https://link.gmarket.co.kr/gate/pcs?item-no=4523263027&sub-id=1003&service-code=10000003&lcd=100000092,https://shopping-phinf.pstatic.net/main_5861542/58615427460.jpg,data\staging\washer_dryer\LG_건조기\stg_0023.jpg,600,600,dedup_deleted,2026-05-14T12:18:23
LG 건조기,LG전자 [품질보증리퍼] 삼성/LG 전기 인버터 건조기 16kg 이상,https://www.lotteon.com/p/product/LO2621162575?sitmNo=LO2621162575_2621162576&ch_no=100065&ch_dtl_no=1000030&entryPoint=pcs&dp_infw_cd=CHT,https://shopping-phinf.pstatic.net/main_5891550/58915501511.jpg,data\processed\washer_dryer\naver_0217.jpg,1000,1000,approved,2026-05-14T12:18:23
세탁건조기,삼성전자  비스포크AI콤보 25/18kg  블랙캐비어(WD90F25CHB),https://search.shopping.naver.com/catalog/53875748122,https://shopping-phinf.pstatic.net/main_5387574/53875748122.20250331164228.jpg,data\staging\washer_dryer\세탁건조기\stg_0015.jpg,500,500,dedup_deleted,2026-05-14T12:18:23
세탁건조기,삼성전자 비스포크AI콤보 WD80H25BHB 블랙캐비어,https://search.shopping.naver.com/catalog/59657547874,https://shopping-phinf.pstatic.net/main_5965754/59657547874.20260414114512.jpg,data\staging\washer_dryer\세탁건조기\stg_0028.jpg,1000,1000,dedup_deleted,2026-05-14T12:18:23
세탁건조기 일체형,LG 워시콤보 세탁 건조기 일체형 렌탈 25kg FH25WA 약정5년,https://coway-codi.com/product/detail.html?product_no=13553&cate_no=427&display_group=1&utm_source=naver&utm_medium=shopping&utm_campaign=knowledge_shopping&mkt_in=Y&ghost_mall_id=naver&ref=naver_open,https://shopping-phinf.pstatic.net/main_5172329/51723290318.jpg,data\staging\washer_dryer\세탁건조기_일체형\stg_0022.jpg,500,500,dedup_deleted,2026-05-14T12:18:24
세탁건조기 일체형,삼성 26년 BESPOKE 1등급 세탁기 건조기 일체형 원바디 고급형 24kg 20kg,https://smartstore.naver.com/main/products/13429237796,https://shopping-phinf.pstatic.net/main_9097374/90973748132.jpg,data\processed\washer_dryer\naver_0312.jpg,492,492,approved,2026-05-14T12:18:24
세탁건조기 일체형,LG 세탁기건조기일체형 23+20kg 세트 엘지 트롬 워시타워 오브제세탁기,https://smartstore.naver.com/main/products/10385901716,https://shopping-phinf.pstatic.net/main_8793040/87930406557.1.jpg,data\processed\washer_dryer\naver_0315.jpg,1000,1000,approved,2026-05-14T12:18:24
드럼세탁기,삼성전자 비스포크AI콤보 WD90H25AH 그레이지(WD90H25AHY),https://search.shopping.naver.com/catalog/59759635913,https://shopping-phinf.pstatic.net/main_5975963/59759635913.20260422101214.jpg,data\staging\washer_dryer\드럼세탁기\stg_0006.jpg,1920,1280,dedup_deleted,2026-05-14T12:18:24
드럼세탁기,삼성전자 비스포크 WD80H25BHY 그레이지,https://search.shopping.naver.com/catalog/59968572225,https://shopping-phinf.pstatic.net/main_5996857/59968572225.20260508153926.jpg,data\processed\washer_dryer\naver_0201.jpg,1000,1000,approved,2026-05-14T12:18:24
드럼세탁기,LG 트롬 드럼세탁기 9kg 오피스텔 투룸 원룸 빌트인세탁기 글라스도어 9키로드럼,https://smartstore.naver.com/main/products/11372214558,https://shopping-phinf.pstatic.net/main_8891672/88916724923.jpg,data\processed\washer_dryer\naver_0207.jpg,1000,1000,approved,2026-05-14T12:18:24
드럼세탁기 정면,VCJ 휴대용 세탁기 7회 세탁 주기의 20파운드 풀 오토매틱 LED 디스플레이 아파트 RV 기숙사용 전기  20lbs Capacity,https://link.coupang.com/re/PCSNAVERPCSDP?pageKey=9448364274&ctag=9448364274&lptag=V95062035972&itemId=28105996393&vendorItemId=95062035972&spec=10305199,https://shopping-phinf.pstatic.net/main_6002054/60020541513.jpg,data\staging\washer_dryer\드럼세탁기_정면\stg_0005.jpg,980,1231,deleted,2026-05-14T12:18:25
드럼세탁기 정면,혁신적인 E4T15B 1118050 워터 펌프 전기 추가 냉각수 (체리용),https://smartstore.naver.com/main/products/13523781864,https://shopping-phinf.pstatic.net/main_9106829/91068292217.jpg,data\staging\washer_dryer\드럼세탁기_정면\stg_0018.jpg,600,600,deleted,2026-05-14T12:18:25
드럼세탁기 정면,(알티피아)(SA) 파워 드럼 세탁기 (원심력과 위치에너지)(1인),https://link.auction.co.kr/gate/pcs?item-no=F519495288&sub-id=1&service-code=10000003,https://shopping-phinf.pstatic.net/main_5945404/59454047372.jpg,data\staging\washer_dryer\드럼세탁기_정면\stg_0026.jpg,600,600,dedup_deleted,2026-05-14T12:18:25
통돌이세탁기,캐리어 클라윈드 통돌이 세탁기 13kg 실버 소형 가정용 원룸 오피스텔 방문설치,https://smartstore.naver.com/main/products/11900733565,https://shopping-phinf.pstatic.net/main_8944524/89445244174.1.jpg,data\processed\washer_dryer\naver_0355.jpg,1000,1000,approved,2026-05-26T14:07:05
통돌이세탁기,대우위니아 클라쎄 원룸 가정용 오피스텔 공기방울 통돌이 세탁기 화이트 7kg 배송설치,https://smartstore.naver.com/main/products/5208858501,https://shopping-phinf.pstatic.net/main_8275338/82753380236.7.jpg,data\processed\washer_dryer\naver_0356.jpg,2000,2000,approved,2026-05-26T14:07:10
통돌이세탁기,위니아 위니아 7kg 일반 통돌이 소형 세탁기 미니 소형 본사직배,https://link.gmarket.co.kr/gate/pcs?item-no=4288454569&sub-id=1003&service-code=10000003&lcd=100000092,https://shopping-phinf.pstatic.net/main_5252285/52522859611.1.jpg,data\staging\washer_dryer\통돌이세탁기\stg_0022.jpg,600,600,dedup_deleted,2026-05-26T14:07:10
통돌이세탁기,루컴즈 12kg 전자동 통돌이 세탁기 화이트(W120W01-W),https://search.shopping.naver.com/catalog/54071736711,https://shopping-phinf.pstatic.net/main_5407173/54071736711.20250409171524.jpg,data\processed\washer_dryer\naver_0357.jpg,574,574,approved,2026-05-26T14:07:12
통돌이세탁기,마이디어 통돌이 세탁기 7kg MAS07W70/WK-KR 방문설치 원룸 오피스텔 자취방 아기 속옷 소형 미니,https://link.coupang.com/re/PCSNAVERPCSDP?pageKey=6538307136&ctag=6538307136&lptag=I14546314868&itemId=14546314868&vendorItemId=91357569715&spec=10305197,https://shopping-phinf.pstatic.net/main_3294060/32940606975.35.jpg,data\processed\washer_dryer\naver_0358.jpg,2000,2000,approved,2026-05-26T14:07:20
통돌이세탁기,소형 통돌이 세탁기 6kg 7kg 자취 가정용 자취방 실버 미니 일반 원룸 고시원 병원,https://smartstore.naver.com/main/products/12770201927,https://shopping-phinf.pstatic.net/main_9031471/90314712876.jpg,data\processed\washer_dryer\naver_0359.jpg,750,750,approved,2026-05-26T14:07:21
통돌이세탁기,캐리어 클라윈드 통돌이 세탁기 KWMT130AWNSO 13kg 실버 소형 가정용 방문설치,https://smartstore.naver.com/main/products/13221695636,https://shopping-phinf.pstatic.net/main_9076620/90766205967.jpg,data\staging\washer_dryer\통돌이세탁기\stg_0068.jpg,1000,1000,dedup_deleted,2026-05-26T14:07:33
통돌이세탁기,위니아 클라쎄 16kg 통돌이 세탁기 일반 원룸 오피스텔 저소음 WFA916SGA(AK),https://smartstore.naver.com/main/products/12011718391,https://shopping-phinf.pstatic.net/main_8955622/89556229083.4.jpg,data\processed\washer_dryer\naver_0361.jpg,1000,1000,approved,2026-05-26T14:07:37
통돌이세탁기,위니아 일반 7kg 통돌이 소형 세탁기 공기방울 원룸 오피스텔 펜션 대량구매,https://smartstore.naver.com/main/products/6826330180,https://shopping-phinf.pstatic.net/main_8437083/84370830502.jpg,data\processed\washer_dryer\naver_0362.jpg,1000,1000,approved,2026-05-26T14:07:37
통돌이세탁기,대우위니아 12kg 통돌이세탁기 가정용 오피스텔 원룸 모텔 공기방울세탁기,https://smartstore.naver.com/main/products/5680936314,https://shopping-phinf.pstatic.net/main_8322543/83225433939.7.jpg,data\processed\washer_dryer\naver_0363.jpg,1000,1000,approved,2026-05-26T14:07:38
통돌이세탁기,LG전자 통돌이세탁기 10kg 방문설치  TR10WL  화이트,https://link.coupang.com/re/PCSNAVERPCSDP?pageKey=7673241389&ctag=7673241389&lptag=I24257025230&itemId=24257025230&vendorItemId=94813937788&spec=10305199,https://shopping-phinf.pstatic.net/main_5910391/59103910699.34.jpg,data\processed\washer_dryer\naver_0364.jpg,500,500,approved,2026-05-26T14:07:41
통돌이세탁기,LG전자 통돌이 세탁기 21kg 방문설치,https://link.coupang.com/re/PCSNAVERPCSDP?pageKey=8080592662&ctag=8080592662&lptag=l876222293795&itemId=59227298673&vendorItemId=84636292271&spec=10305197,https://shopping-phinf.pstatic.net/main_5579974/55799745601.126.jpg,data\staging\washer_dryer\통돌이세탁기\stg_0088.jpg,1000,1000,dedup_deleted,2026-05-26T14:07:42
통돌이세탁기,하이얼 아쿠아 1등급 통돌이세탁기 6kg 방문설치,https://link.coupang.com/re/PCSNAVERPCSDP?pageKey=6940469418&ctag=6940469418&lptag=l3082892318302&itemId=32239883081&vendorItemId=73094426554&spec=10305197,https://shopping-phinf.pstatic.net/main_5086198/50861989342.3.jpg,data\processed\washer_dryer\naver_0365.jpg,2000,2000,approved,2026-05-26T14:07:45
통돌이세탁기,위니아대우 8kg 12kg 가정용 원룸 오피스텔 공기방울 통돌이세탁기 방문설치,https://smartstore.naver.com/main/products/5093988659,https://shopping-phinf.pstatic.net/main_8263851/82638510508.3.jpg,data\processed\washer_dryer\naver_0366.jpg,1000,1000,approved,2026-05-26T14:07:46
삼성 통돌이세탁기,25년형 삼성 통돌이 세탁기 19KG AI 통버블 저소음 저진동 폐가전수거 라벤더그레이,https://smartstore.naver.com/main/products/12065651421,https://shopping-phinf.pstatic.net/main_8961016/89610162120.jpg,data\processed\washer_dryer\naver_0267.jpg,1024,1024,approved,2026-05-26T14:07:49
삼성 통돌이세탁기,삼성전자 AI 통버블 통돌이세탁기20KG 라벤더그레이 19kg 방문설치,https://smartstore.naver.com/main/products/12979043774,https://shopping-phinf.pstatic.net/main_9052355/90523554784.jpg,data\processed\washer_dryer\naver_0268.jpg,1000,1000,approved,2026-05-26T14:07:49
삼성 통돌이세탁기,[삼성기사님 전문설치]삼성 그랑데 통버블 일반 통돌이세탁기 16kg,https://smartstore.naver.com/main/products/9143756795,https://shopping-phinf.pstatic.net/main_8668825/86688257118.2.jpg,data\staging\washer_dryer\삼성_통돌이세탁기\stg_0002.jpg,649,649,dedup_deleted,2026-05-26T14:07:50
삼성 통돌이세탁기,[삼성기사님 전문설치]삼성 그랑데 통버블 일반 통돌이세탁기 25kg 대용량 블랙 케비어,https://smartstore.naver.com/main/products/8246520398,https://shopping-phinf.pstatic.net/main_8579102/85791020721.jpg,data\staging\washer_dryer\삼성_통돌이세탁기\stg_0003.jpg,344,344,dedup_deleted,2026-05-26T14:07:50
삼성 통돌이세탁기,삼성 통돌이 세탁기 10KG 워블세탁기 소형 저소음 화이트 원룸 오피스텔 가정용,https://smartstore.naver.com/main/products/11901899633,https://shopping-phinf.pstatic.net/main_8944641/89446410242.jpg,data\processed\washer_dryer\naver_0269.jpg,1000,1000,approved,2026-05-26T14:07:50
삼성 통돌이세탁기,[삼성기사님 전문설치]삼성 최신형 그랑데 통버블 일반 통돌이세탁기 21kg 블랙 케비어,https://smartstore.naver.com/main/products/8658582349,https://shopping-phinf.pstatic.net/main_8620308/86203082672.jpg,data\staging\washer_dryer\삼성_통돌이세탁기\stg_0005.jpg,344,344,dedup_deleted,2026-05-26T14:07:51
삼성 통돌이세탁기,삼성 세탁기16KG 그레이 그랑데 저소음 통돌이형 원룸 오피스텔 가정용 세탁기,https://smartstore.naver.com/main/products/8649684245,https://shopping-phinf.pstatic.net/main_8619418/86194184568.7.jpg,data\staging\washer_dryer\삼성_통돌이세탁기\stg_0006.jpg,1000,1000,dedup_deleted,2026-05-26T14:07:51
삼성 통돌이세탁기,삼성 통돌이 세탁기 16kg 저소음 저진동 통버블 폐가전 수거 라벤더그레이,https://smartstore.naver.com/main/products/12415531490,https://shopping-phinf.pstatic.net/main_8996004/89960042215.2.jpg,data\processed\washer_dryer\naver_0270.jpg,1024,1024,approved,2026-05-26T14:07:52
삼성 통돌이세탁기,삼성 통돌이 세탁기 19KG 그랑데 통버블 저소음 저진동 폐가전수거 베르사유그레이,https://smartstore.naver.com/main/products/10915050514,https://shopping-phinf.pstatic.net/main_8845955/88459556549.1.jpg,data\processed\washer_dryer\naver_0271.jpg,1024,1024,approved,2026-05-26T14:07:52
삼성 통돌이세탁기,삼성 그랑데 통버블 통돌이 25KG 일반세탁기 조용한 가정용 대용량 대량 저소음 블랙,https://smartstore.naver.com/main/products/12274206806,https://shopping-phinf.pstatic.net/main_8981871/89818717522.jpg,data\processed\washer_dryer\naver_0272.jpg,700,700,approved,2026-05-26T14:07:53
삼성 통돌이세탁기,삼성 그랑데 세탁기 21kg 통버블 통돌이세탁기 저소음 오피스텔,https://smartstore.naver.com/main/products/9035667550,https://shopping-phinf.pstatic.net/main_8658016/86580167873.2.jpg,data\processed\washer_dryer\naver_0273.jpg,600,600,approved,2026-05-26T14:07:54
삼성 통돌이세탁기,[삼성기사님 전문설치]삼성 그랑데 통버블 일반 통돌이세탁기 23kg 대용량 블랙 케비어,https://smartstore.naver.com/main/products/8194306885,https://shopping-phinf.pstatic.net/main_8573880/85738807208.jpg,data\staging\washer_dryer\삼성_통돌이세탁기\stg_0012.jpg,344,344,dedup_deleted,2026-05-26T14:07:54
삼성 통돌이세탁기,[삼성방문설치] 통돌이세탁기 그랑데 WA16CG6441BY 16키로 그레이 저소음 세탁기,https://smartstore.naver.com/main/products/10982144747,https://shopping-phinf.pstatic.net/main_8852665/88526650800.1.jpg,data\processed\washer_dryer\naver_0274.jpg,1083,1083,approved,2026-05-26T14:07:55
삼성 통돌이세탁기,(삼성무료설치)그랑데 통버블 일반세탁기16kg 통돌이형 가정용 저소음 / 그레이 WA16CG6441BY,https://smartstore.naver.com/main/products/11021308567,https://shopping-phinf.pstatic.net/main_8856581/88565814774.1.jpg,data\processed\washer_dryer\naver_0275.jpg,1000,1000,approved,2026-05-26T14:07:55
삼성 통돌이세탁기,삼성 통돌이 세탁기 21kg 통버블 저진동 저소음 블랙 캐비어,https://smartstore.naver.com/main/products/12001326913,https://shopping-phinf.pstatic.net/main_8954583/89545837601.4.jpg,data\processed\washer_dryer\naver_0276.jpg,1024,1024,approved,2026-05-26T14:07:56
삼성 통돌이세탁기,삼성 그랑데 통돌이세탁기 10kg WA10CG5441BW 방문설치 폐가전수거,https://smartstore.naver.com/main/products/10871622360,https://shopping-phinf.pstatic.net/main_8841612/88416128373.4.jpg,data\processed\washer_dryer\naver_0277.jpg,966,966,approved,2026-05-26T14:07:56
삼성 통돌이세탁기,삼성 통돌이 세탁기 렌탈 21kg WA21A8376KV 60개월약정,http://inssar.rentbiz.kr/shop/view.php?index_no=8398,https://shopping-phinf.pstatic.net/main_4907776/49077763188.jpg,data\processed\washer_dryer\naver_0278.jpg,600,600,approved,2026-05-26T14:07:57
삼성 통돌이세탁기,삼성 통돌이 세탁기 10kg 그랑데 통버블 저소음 저진동 폐가전 수거 화이트,https://smartstore.naver.com/main/products/11911457199,https://shopping-phinf.pstatic.net/main_8945596/89455967808.1.jpg,data\processed\washer_dryer\naver_0279.jpg,1024,1024,approved,2026-05-26T14:07:57
삼성 통돌이세탁기,삼성 세탁기 워블세탁기 10KG 미니 소형 저소음 원룸 오피스텔 통돌이형,https://smartstore.naver.com/main/products/8649608090,https://shopping-phinf.pstatic.net/main_8619410/86194108413.4.jpg,data\processed\washer_dryer\naver_0280.jpg,1000,1000,approved,2026-05-26T14:07:57
삼성 통돌이세탁기,삼성 통돌이 세탁기 2025 AI그랑데통버블세탁기19KG 블랙캐비어,https://smartstore.naver.com/main/products/11963216081,https://shopping-phinf.pstatic.net/main_8950772/89507726769.jpg,data\processed\washer_dryer\naver_0281.jpg,441,470,approved,2026-05-26T14:07:58
삼성 통돌이세탁기,[삼성 전문설치]삼성 그랑데 16kg 통버블 일반 통돌이 세탁기 소형 중형 조용한 그레이,https://smartstore.naver.com/main/products/11847516910,https://shopping-phinf.pstatic.net/main_8939202/89392027504.jpg,data\processed\washer_dryer\naver_0282.jpg,700,700,approved,2026-05-26T14:07:58
삼성 통돌이세탁기,삼성 통돌이 세탁기 16KG 그레이 그랑데 저소음 원룸 오피스텔 가정용 세탁기,https://smartstore.naver.com/main/products/11901811489,https://shopping-phinf.pstatic.net/main_8944632/89446322098.1.jpg,data\staging\washer_dryer\삼성_통돌이세탁기\stg_0022.jpg,1083,1083,dedup_deleted,2026-05-26T14:07:59
삼성 통돌이세탁기,2025년 삼성전자 AI 통버블세탁기 19KG 통돌이 빠른설치 화이트 WA80F19E8W,https://smartstore.naver.com/main/products/12082129527,https://shopping-phinf.pstatic.net/main_8962664/89626640232.jpg,data\processed\washer_dryer\naver_0283.jpg,1000,1000,approved,2026-05-26T14:08:00
삼성 통돌이세탁기,삼성 일반세탁기 10KG 미니 소형 저소음 원룸 오피스텔 통돌이 워블 [삼성기사설치],https://smartstore.naver.com/main/products/12633885975,https://shopping-phinf.pstatic.net/main_9017839/90178396881.1.jpg,data\processed\washer_dryer\naver_0284.jpg,1011,1011,approved,2026-05-26T14:08:00
삼성 통돌이세탁기,삼성 그랑데 전자동 통돌이 세탁기 25kg 통버블 코스트코,https://smartstore.naver.com/main/products/12339522770,https://shopping-phinf.pstatic.net/main_8988403/89884033487.jpg,data\processed\washer_dryer\naver_0285.jpg,1200,1200,approved,2026-05-26T14:08:01
삼성 통돌이세탁기,삼성전자 AI 통버블 통돌이세탁기20KG 라벤더그레이 19kg 방문설치,https://www.lotteon.com/p/product/LO2634976383?sitmNo=LO2634976383_2634976384&ch_no=100065&ch_dtl_no=1000030&entryPoint=pcs&dp_infw_cd=CHT,https://shopping-phinf.pstatic.net/main_5921957/59219578395.jpg,data\staging\washer_dryer\삼성_통돌이세탁기\stg_0027.jpg,1000,1000,dedup_deleted,2026-05-26T14:08:01
삼성 통돌이세탁기,삼성전자 통버블 통돌이세탁기20kg 23kg WA23A8375KV 방문설치,https://smartstore.naver.com/main/products/13136733174,https://shopping-phinf.pstatic.net/main_9068124/90681244266.jpg,data\processed\washer_dryer\naver_0286.jpg,1000,1000,approved,2026-05-26T14:08:02
삼성 통돌이세탁기,삼성 통돌이 세탁기 23kg 통버블 무소음 무진동 폐가전 수거 블랙 캐비어,https://smartstore.naver.com/main/products/12373436727,https://shopping-phinf.pstatic.net/main_8991794/89917947444.jpg,data\processed\washer_dryer\naver_0287.jpg,1024,1024,approved,2026-05-26T14:08:02
삼성 통돌이세탁기,삼성 그랑데 통버블 통돌이 일반세탁기 21kg 가정용 업소용 블랙 저소음,https://smartstore.naver.com/main/products/11729460510,https://shopping-phinf.pstatic.net/main_8927397/89273971009.1.jpg,data\staging\washer_dryer\삼성_통돌이세탁기\stg_0030.jpg,700,700,dedup_deleted,2026-05-26T14:08:03
삼성 통돌이세탁기,삼성 그랑데 통돌이 세탁기 19KG AI WA80F19E8W 화이트,https://smartstore.naver.com/main/products/12022214698,https://shopping-phinf.pstatic.net/main_8956672/89566725390.jpg,data\processed\washer_dryer\naver_0288.jpg,1080,1080,approved,2026-05-26T14:08:03
삼성 통돌이세탁기,삼성 그랑데 통돌이 일반 세탁기 23kg 버블 아기옷 찬물 자취 원룸 가정용 조용한 블랙,https://smartstore.naver.com/main/products/11744427729,https://shopping-phinf.pstatic.net/main_8928893/89288938248.jpg,data\staging\washer_dryer\삼성_통돌이세탁기\stg_0032.jpg,700,700,dedup_deleted,2026-05-26T14:08:03
삼성 통돌이세탁기,삼성 통돌이 세탁기 렌탈 23kg WA23A8377KV 60개월약정,http://inssar.rentbiz.kr/shop/view.php?index_no=8397,https://shopping-phinf.pstatic.net/main_4907787/49077876163.jpg,data\staging\washer_dryer\삼성_통돌이세탁기\stg_0033.jpg,600,600,dedup_deleted,2026-05-26T14:08:04
삼성 통돌이세탁기,25년형 삼성 통돌이 세탁기 19KG AI 통버블 저소음 저진동 폐가전수거 [화이트],https://smartstore.naver.com/main/products/12447296503,https://shopping-phinf.pstatic.net/main_8999180/89991807250.jpg,data\processed\washer_dryer\naver_0289.jpg,1024,1024,approved,2026-05-26T14:08:05
삼성 통돌이세탁기,25년형 삼성 통돌이 세탁기 19KG AI 스테인리스필터 통버블 저소음 저진동 블랙캐비어,https://smartstore.naver.com/main/products/12096442376,https://shopping-phinf.pstatic.net/main_8964095/89640953081.jpg,data\processed\washer_dryer\naver_0290.jpg,1024,1024,approved,2026-05-26T14:08:05
삼성 통돌이세탁기,삼성 통돌이 세탁기 렌탈 14Kg WA14CG6441BY 60개월약정,http://inssar.rentbiz.kr/shop/view.php?index_no=6414,https://shopping-phinf.pstatic.net/main_4907774/49077748974.jpg,data\processed\washer_dryer\naver_0291.jpg,600,600,approved,2026-05-26T14:08:06
삼성 통돌이세탁기,삼성 통돌이세탁기 16KG 그레이 WA16CG6441BY 최신형 그랑데 원룸 회사 오피스텔,https://smartstore.naver.com/main/products/6446220731,https://shopping-phinf.pstatic.net/main_8399072/83990721064.7.jpg,data\staging\washer_dryer\삼성_통돌이세탁기\stg_0037.jpg,1083,1083,dedup_deleted,2026-05-26T14:08:06
삼성 통돌이세탁기,삼성 통돌이 세탁기 강력모터빨래 세탁기 전국무료설치,https://smartstore.naver.com/main/products/5320631103,https://shopping-phinf.pstatic.net/main_8286512/82865123670.2.jpg,data\processed\washer_dryer\naver_0292.jpg,540,551,approved,2026-05-26T14:08:06
삼성 통돌이세탁기,삼성 통돌이 세탁기 렌탈 19Kg WA80F19SKB 60개월,http://inssar.rentbiz.kr/shop/view.php?index_no=21081,https://shopping-phinf.pstatic.net/main_5819790/58197904289.jpg,data\processed\washer_dryer\naver_0293.jpg,600,600,approved,2026-05-26T14:08:07
삼성 통돌이세탁기,삼성 통돌이 세탁기 렌탈 21kg WA21A8376KV 60개월의무,http://hothae33.rentbiz.kr/shop/view.php?index_no=12853,https://shopping-phinf.pstatic.net/main_5147190/51471909587.jpg,data\staging\washer_dryer\삼성_통돌이세탁기\stg_0040.jpg,600,600,dedup_deleted,2026-05-26T14:08:08
삼성 통돌이세탁기,삼성 통돌이 세탁기 렌탈 14Kg WA14CG6441BY 60개월,http://hothae33.rentbiz.kr/shop/view.php?index_no=10601,https://shopping-phinf.pstatic.net/main_5147162/51471626015.jpg,data\staging\washer_dryer\삼성_통돌이세탁기\stg_0041.jpg,600,600,dedup_deleted,2026-05-26T14:08:08
삼성 통돌이세탁기,삼성 통돌이 세탁기 렌탈 통버블 25kg WA25B8377KV 의무60개월,http://hothae33.rentbiz.kr/shop/view.php?index_no=20339,https://shopping-phinf.pstatic.net/main_5729130/57291307319.jpg,data\processed\washer_dryer\naver_0294.jpg,600,600,approved,2026-05-26T14:08:09
삼성 통돌이세탁기,삼성전자 그랑데 통버블 세탁기 16kg WA16CG6441BY 라벤더그레이 방문설치 전자동 통돌이,https://link.coupang.com/re/PCSNAVERPCSDP?pageKey=7487768410&ctag=7487768410&lptag=I19573765260&itemId=19573765260&vendorItemId=86681495122&spec=10305197,https://shopping-phinf.pstatic.net/main_4148246/41482464528.47.jpg,data\staging\washer_dryer\삼성_통돌이세탁기\stg_0043.jpg,1000,1000,dedup_deleted,2026-05-26T14:08:09
삼성 통돌이세탁기,삼성 통돌이세탁기 19KG 통버블 그랑데 AI세탁기 화이트 기숙사 오피스텔 미용실 병원,https://smartstore.naver.com/main/products/12237661718,https://shopping-phinf.pstatic.net/main_8978217/89782172434.jpg,data\staging\washer_dryer\삼성_통돌이세탁기\stg_0044.jpg,600,600,dedup_deleted,2026-05-26T14:08:10
삼성 통돌이세탁기,삼성전자 그랑데 통버블 세탁기 10kg WA10CG5441BW 화이트 방문설치 통돌이 전자동,https://link.coupang.com/re/PCSNAVERPCSDP?pageKey=7487768421&ctag=7487768421&lptag=I19573765359&itemId=19573765359&vendorItemId=86681495158&spec=10305197,https://shopping-phinf.pstatic.net/main_4165507/41655070393.99.jpg,data\processed\washer_dryer\naver_0295.jpg,2000,2000,approved,2026-05-26T14:08:10
삼성 통돌이세탁기,삼성 통돌이 세탁기 렌탈 통버블 25kg WA25B8377KV 60개월의무,http://hothae33.rentbiz.kr/shop/view.php?index_no=21741,https://shopping-phinf.pstatic.net/main_5991026/59910264319.jpg,data\staging\washer_dryer\삼성_통돌이세탁기\stg_0046.jpg,600,600,dedup_deleted,2026-05-26T14:08:11
삼성 통돌이세탁기,삼성 통돌이 세탁기 렌탈 통버블 25kg WA25B8377KV 60개월의무,http://inssar.rentbiz.kr/shop/view.php?index_no=21741,https://shopping-phinf.pstatic.net/main_5991026/59910261056.jpg,data\staging\washer_dryer\삼성_통돌이세탁기\stg_0047.jpg,600,600,dedup_deleted,2026-05-26T14:08:11
삼성 통돌이세탁기,삼성 통돌이 세탁기 렌탈 19Kg WA80F19E8L 60개월,http://hothae33.rentbiz.kr/shop/view.php?index_no=21079,https://shopping-phinf.pstatic.net/main_5819794/58197945192.jpg,data\staging\washer_dryer\삼성_통돌이세탁기\stg_0048.jpg,600,600,dedup_deleted,2026-05-26T14:08:12
삼성 통돌이세탁기,삼성 통돌이 세탁기 렌탈 19Kg WA80F19E8L 60개월,http://inssar.rentbiz.kr/shop/view.php?index_no=21079,https://shopping-phinf.pstatic.net/main_5819790/58197902305.jpg,data\staging\washer_dryer\삼성_통돌이세탁기\stg_0049.jpg,600,600,dedup_deleted,2026-05-26T14:08:12
삼성 통돌이세탁기,삼성 통돌이 세탁기 렌탈 19Kg WA80F19SKB 60개월,http://hothae33.rentbiz.kr/shop/view.php?index_no=21081,https://shopping-phinf.pstatic.net/main_5819791/58197913939.jpg,data\staging\washer_dryer\삼성_통돌이세탁기\stg_0050.jpg,600,600,dedup_deleted,2026-05-26T14:08:13
삼성 통돌이세탁기,삼성 통돌이 세탁기 렌탈 19Kg WA80F19E8W 60개월,http://hothae33.rentbiz.kr/shop/view.php?index_no=21080,https://shopping-phinf.pstatic.net/main_5819792/58197921419.jpg,data\staging\washer_dryer\삼성_통돌이세탁기\stg_0051.jpg,600,600,dedup_deleted,2026-05-26T14:08:13
삼성 통돌이세탁기,삼성 통돌이 세탁기 렌탈 19Kg WA80F19E8W 60개월,http://inssar.rentbiz.kr/shop/view.php?index_no=21080,https://shopping-phinf.pstatic.net/main_5819790/58197903043.jpg,data\staging\washer_dryer\삼성_통돌이세탁기\stg_0052.jpg,600,600,dedup_deleted,2026-05-26T14:08:14
삼성 통돌이세탁기,삼성 통돌이 세탁기 렌탈 19Kg WA80F19S8C 60개월,http://hothae33.rentbiz.kr/shop/view.php?index_no=20861,https://shopping-phinf.pstatic.net/main_5808549/58085492193.jpg,data\staging\washer_dryer\삼성_통돌이세탁기\stg_0053.jpg,600,600,dedup_deleted,2026-05-26T14:08:15
삼성 통돌이세탁기,삼성 통돌이 세탁기 렌탈 19Kg WA80F19S8C 60개월,http://inssar.rentbiz.kr/shop/view.php?index_no=20861,https://shopping-phinf.pstatic.net/main_5808553/58085537393.jpg,data\staging\washer_dryer\삼성_통돌이세탁기\stg_0054.jpg,600,600,dedup_deleted,2026-05-26T14:08:15
삼성 통돌이세탁기,삼성 통돌이 세탁기 렌탈 21kg WA21A8376KV 의무60개월,http://inssar.rentbiz.kr/shop/view.php?index_no=20331,https://shopping-phinf.pstatic.net/main_5729131/57291314275.jpg,data\staging\washer_dryer\삼성_통돌이세탁기\stg_0055.jpg,600,600,dedup_deleted,2026-05-26T14:08:16
삼성 통돌이세탁기,삼성 통돌이 세탁기 렌탈 21kg WA21A8376KV 5년약정,http://hothae33.rentbiz.kr/shop/view.php?index_no=13503,https://shopping-phinf.pstatic.net/main_5147209/51472091682.jpg,data\staging\washer_dryer\삼성_통돌이세탁기\stg_0056.jpg,600,600,dedup_deleted,2026-05-26T14:08:16
삼성 통돌이세탁기,삼성 통돌이 세탁기 렌탈 23kg WA23A8377KV 의무60개월,http://inssar.rentbiz.kr/shop/view.php?index_no=20332,https://shopping-phinf.pstatic.net/main_5729128/57291287129.jpg,data\staging\washer_dryer\삼성_통돌이세탁기\stg_0057.jpg,600,600,dedup_deleted,2026-05-26T14:08:17
삼성 통돌이세탁기,삼성 통돌이 세탁기 렌탈 21kg WA21A8376KV 5년약정,http://inssar.rentbiz.kr/shop/view.php?index_no=13503,https://shopping-phinf.pstatic.net/main_5065832/50658321639.jpg,data\staging\washer_dryer\삼성_통돌이세탁기\stg_0058.jpg,600,600,dedup_deleted,2026-05-26T14:08:17
삼성 통돌이세탁기,삼성 통돌이 세탁기 렌탈 23kg WA23A8377KV 60개월약정,http://hothae33.rentbiz.kr/shop/view.php?index_no=8397,https://shopping-phinf.pstatic.net/main_5147158/51471582738.jpg,data\staging\washer_dryer\삼성_통돌이세탁기\stg_0059.jpg,600,600,dedup_deleted,2026-05-26T14:08:18
삼성 통돌이세탁기,삼성 통돌이 세탁기 렌탈 23kg WA23A8377KV 의무60개월,http://hothae33.rentbiz.kr/shop/view.php?index_no=20332,https://shopping-phinf.pstatic.net/main_5729132/57291320188.jpg,data\staging\washer_dryer\삼성_통돌이세탁기\stg_0060.jpg,600,600,dedup_deleted,2026-05-26T14:08:18
삼성 통돌이세탁기,삼성 통돌이 세탁기 렌탈 14Kg WA14CG6441BY 의무60개월,http://inssar.rentbiz.kr/shop/view.php?index_no=20333,https://shopping-phinf.pstatic.net/main_5729134/57291349533.jpg,data\staging\washer_dryer\삼성_통돌이세탁기\stg_0061.jpg,600,600,dedup_deleted,2026-05-26T14:08:19
삼성 통돌이세탁기,삼성 통돌이 세탁기 렌탈 14Kg WA14CG6441BY 60개월약정,http://hothae33.rentbiz.kr/shop/view.php?index_no=6414,https://shopping-phinf.pstatic.net/main_5147176/51471766483.jpg,data\staging\washer_dryer\삼성_통돌이세탁기\stg_0062.jpg,600,600,dedup_deleted,2026-05-26T14:08:20
삼성 통돌이세탁기,삼성 통돌이 세탁기 렌탈 21kg WA21A8376KV 60개월약정,http://hothae33.rentbiz.kr/shop/view.php?index_no=8398,https://shopping-phinf.pstatic.net/main_5147167/51471674063.jpg,data\staging\washer_dryer\삼성_통돌이세탁기\stg_0063.jpg,600,600,dedup_deleted,2026-05-26T14:08:20
삼성 통돌이세탁기,삼성 통돌이 세탁기 렌탈 23kg WA23A8377KV 5년약정,http://inssar.rentbiz.kr/shop/view.php?index_no=13709,https://shopping-phinf.pstatic.net/main_5065830/50658303738.jpg,data\staging\washer_dryer\삼성_통돌이세탁기\stg_0064.jpg,600,600,dedup_deleted,2026-05-26T14:08:21
삼성 통돌이세탁기,삼성 통돌이 세탁기 렌탈 14Kg WA14CG6441BY 60개월,http://inssar.rentbiz.kr/shop/view.php?index_no=10601,https://shopping-phinf.pstatic.net/main_5054712/50547124185.jpg,data\staging\washer_dryer\삼성_통돌이세탁기\stg_0065.jpg,600,600,dedup_deleted,2026-05-26T14:08:21
삼성 통돌이세탁기,삼성 통돌이 세탁기 렌탈 14Kg WA14CG6441BY 의무60개월,http://hothae33.rentbiz.kr/shop/view.php?index_no=20333,https://shopping-phinf.pstatic.net/main_5729135/57291359115.jpg,data\staging\washer_dryer\삼성_통돌이세탁기\stg_0066.jpg,600,600,dedup_deleted,2026-05-26T14:08:22
삼성 통돌이세탁기,삼성 통돌이 세탁기 렌탈 23kg WA23A8377KV 60개월의무,http://hothae33.rentbiz.kr/shop/view.php?index_no=13077,https://shopping-phinf.pstatic.net/main_5147167/51471672681.jpg,data\staging\washer_dryer\삼성_통돌이세탁기\stg_0067.jpg,600,600,dedup_deleted,2026-05-26T14:08:22
삼성 통돌이세탁기,삼성 통돌이 세탁기 렌탈 23kg WA23A8377KV 60개월,http://inssar.rentbiz.kr/shop/view.php?index_no=10521,https://shopping-phinf.pstatic.net/main_5054711/50547119101.jpg,data\staging\washer_dryer\삼성_통돌이세탁기\stg_0068.jpg,600,600,dedup_deleted,2026-05-26T14:08:23
삼성 통돌이세탁기,삼성 통돌이 세탁기 렌탈 23kg WA23A8377KV 60개월의무,http://inssar.rentbiz.kr/shop/view.php?index_no=13077,https://shopping-phinf.pstatic.net/main_5064152/50641526372.jpg,data\staging\washer_dryer\삼성_통돌이세탁기\stg_0069.jpg,600,600,dedup_deleted,2026-05-26T14:08:24
삼성 통돌이세탁기,삼성 통돌이 세탁기 렌탈 23kg WA23A8377KV 5년약정,http://hothae33.rentbiz.kr/shop/view.php?index_no=13709,https://shopping-phinf.pstatic.net/main_5147171/51471714942.jpg,data\staging\washer_dryer\삼성_통돌이세탁기\stg_0070.jpg,600,600,dedup_deleted,2026-05-26T14:08:24
삼성 통돌이세탁기,삼성 통돌이 세탁기 렌탈 23kg WA23A8377KV 60개월,http://hothae33.rentbiz.kr/shop/view.php?index_no=10521,https://shopping-phinf.pstatic.net/main_5147205/51472054332.jpg,data\staging\washer_dryer\삼성_통돌이세탁기\stg_0071.jpg,600,600,dedup_deleted,2026-05-26T14:08:25
삼성 통돌이세탁기,삼성 통돌이 세탁기 렌탈 21kg WA21A8376KV 60개월의무,http://inssar.rentbiz.kr/shop/view.php?index_no=12853,https://shopping-phinf.pstatic.net/main_5064141/50641412612.jpg,data\staging\washer_dryer\삼성_통돌이세탁기\stg_0072.jpg,600,600,dedup_deleted,2026-05-26T14:08:25
삼성 통돌이세탁기,삼성 통돌이 세탁기 렌탈 21kg WA21A8376KV 의무60개월,http://hothae33.rentbiz.kr/shop/view.php?index_no=20331,https://shopping-phinf.pstatic.net/main_5729133/57291331965.jpg,data\staging\washer_dryer\삼성_통돌이세탁기\stg_0073.jpg,600,600,dedup_deleted,2026-05-26T14:08:26
삼성 통돌이세탁기,삼성 통돌이 세탁기 렌탈 19Kg WA80F19S8C 5년의무구독,http://inssar.rentbiz.kr/shop/view.php?index_no=20780,https://shopping-phinf.pstatic.net/main_5808547/58085472646.jpg,data\staging\washer_dryer\삼성_통돌이세탁기\stg_0074.jpg,600,600,dedup_deleted,2026-05-26T14:08:27
삼성 통돌이세탁기,삼성 통돌이 세탁기 렌탈 19Kg WA80F19S8C 5년의무구독,http://hothae33.rentbiz.kr/shop/view.php?index_no=20780,https://shopping-phinf.pstatic.net/main_5808546/58085465094.jpg,data\staging\washer_dryer\삼성_통돌이세탁기\stg_0075.jpg,600,600,dedup_deleted,2026-05-26T14:08:27
삼성 통돌이세탁기,삼성 통돌이 세탁기 렌탈 10Kg WA10CG5441BW 5년의무구독,http://hothae33.rentbiz.kr/shop/view.php?index_no=20635,https://shopping-phinf.pstatic.net/main_5799478/57994785107.jpg,data\processed\washer_dryer\naver_0296.jpg,600,600,approved,2026-05-26T14:08:28
삼성 통돌이세탁기,삼성 통돌이 세탁기 렌탈 14Kg WA14CG6441BY 5년의무구독,http://hothae33.rentbiz.kr/shop/view.php?index_no=20631,https://shopping-phinf.pstatic.net/main_5799480/57994804333.jpg,data\staging\washer_dryer\삼성_통돌이세탁기\stg_0077.jpg,600,600,dedup_deleted,2026-05-26T14:08:28
삼성 통돌이세탁기,삼성 통돌이 세탁기 렌탈 10Kg WA10CG5441BW 5년의무구독,http://inssar.rentbiz.kr/shop/view.php?index_no=20635,https://shopping-phinf.pstatic.net/main_5799479/57994798699.jpg,data\staging\washer_dryer\삼성_통돌이세탁기\stg_0078.jpg,600,600,dedup_deleted,2026-05-26T14:08:29
삼성 통돌이세탁기,삼성 통돌이 세탁기 렌탈 14Kg WA14CG6441BY 5년의무구독,http://inssar.rentbiz.kr/shop/view.php?index_no=20631,https://shopping-phinf.pstatic.net/main_5799483/57994832242.jpg,data\staging\washer_dryer\삼성_통돌이세탁기\stg_0079.jpg,600,600,dedup_deleted,2026-05-26T14:08:29
삼성 통돌이세탁기,삼성 통돌이 세탁기 렌탈 통버블 25kg WA25B8377KV 의무60개월,http://inssar.rentbiz.kr/shop/view.php?index_no=20339,https://shopping-phinf.pstatic.net/main_5729136/57291361652.jpg,data\staging\washer_dryer\삼성_통돌이세탁기\stg_0080.jpg,600,600,dedup_deleted,2026-05-26T14:08:30
삼성 통돌이세탁기,삼성 통돌이 세탁기 렌탈 14Kg WA14CG6441BY 60개월약정,https://topclassrt.com/shop/view.php?index_no=6414,https://shopping-phinf.pstatic.net/main_4504321/45043211429.2.jpg,data\staging\washer_dryer\삼성_통돌이세탁기\stg_0081.jpg,600,600,dedup_deleted,2026-05-26T14:08:30
삼성 통돌이세탁기,삼성 통돌이 세탁기 렌탈 21kg WA21A8376KV 60개월의무,https://topclassrt.com/shop/view.php?index_no=12853,https://shopping-phinf.pstatic.net/main_5064189/50641897333.jpg,data\staging\washer_dryer\삼성_통돌이세탁기\stg_0082.jpg,600,600,dedup_deleted,2026-05-26T14:08:31
삼성 통돌이세탁기,삼성전자 삼성 그랑데 통돌이세탁기 10kg WA10CG5441BW 화이트 포유,https://link.gmarket.co.kr/gate/pcs?item-no=4628838979&sub-id=1003&service-code=10000003&lcd=100000092,https://shopping-phinf.pstatic.net/main_5825831/58258313370.jpg,data\staging\washer_dryer\삼성_통돌이세탁기\stg_0083.jpg,600,600,dedup_deleted,2026-05-26T14:08:31
삼성 통돌이세탁기,[기사님설치] 삼성전자 25년형 AI WA80F19S8W 통돌이 세탁기 19kg 화이트,https://smartstore.naver.com/main/products/11957468263,https://shopping-phinf.pstatic.net/main_8950197/89501978951.2.jpg,data\processed\washer_dryer\naver_0297.jpg,1200,1200,approved,2026-05-26T14:08:32
삼성 통돌이세탁기,WA80F19SKB 삼성전자 AI 통버블 세탁기 19kg 통돌이세탁기 삼성물류 전국배송 블랙캐비어,https://smartstore.naver.com/main/products/13009729025,https://shopping-phinf.pstatic.net/main_9055424/90554240117.jpg,data\processed\washer_dryer\naver_0298.jpg,1080,1080,approved,2026-05-26T14:08:32
삼성 통돌이세탁기,삼성 통돌이 세탁기 통버블세탁 16kg 렌탈 WA16CG6441BY 의무5년,https://60smart.co.kr/product/detail.html?product_no=14929&cate_no=427&display_group=1&utm_source=naver&utm_medium=shopping&utm_campaign=knowledge_shopping&mkt_in=Y&ghost_mall_id=naver&ref=naver_open,https://shopping-phinf.pstatic.net/main_5500961/55009611721.jpg,data\processed\washer_dryer\naver_0299.jpg,500,500,approved,2026-05-26T14:08:33
삼성 통돌이세탁기,삼성 통돌이 세탁기 14kg 전국설치 워블세탁기 통버블 그레이 +검정 원룸 일반,https://smartstore.naver.com/main/products/7277427441,https://shopping-phinf.pstatic.net/main_8482192/84821927763.2.jpg,data\processed\washer_dryer\naver_0300.jpg,640,640,approved,2026-05-26T14:08:33
삼성 통돌이세탁기,삼성 통돌이 세탁기 렌탈 19Kg WA80F19SKB 60개월,https://topclassrt.com/shop/view.php?index_no=21081,https://shopping-phinf.pstatic.net/main_5819748/58197482598.jpg,data\staging\washer_dryer\삼성_통돌이세탁기\stg_0088.jpg,600,600,dedup_deleted,2026-05-26T14:08:34
삼성 통돌이세탁기,삼성 통돌이 세탁기 렌탈 21kg WA21A8376KV 5년약정,https://topclassrt.com/shop/view.php?index_no=13503,https://shopping-phinf.pstatic.net/main_5064149/50641499772.jpg,data\staging\washer_dryer\삼성_통돌이세탁기\stg_0089.jpg,600,600,dedup_deleted,2026-05-26T14:08:35
삼성 통돌이세탁기,삼성 통돌이 세탁기 렌탈 14Kg WA14CG6441BY 의무60개월,https://topclassrt.com/shop/view.php?index_no=20333,https://shopping-phinf.pstatic.net/main_5729132/57291329503.jpg,data\staging\washer_dryer\삼성_통돌이세탁기\stg_0090.jpg,600,600,dedup_deleted,2026-05-26T14:08:35
삼성 통돌이세탁기,삼성 통돌이 세탁기 렌탈 21kg WA21A8376KV 60개월약정,https://topclassrt.com/shop/view.php?index_no=8398,https://shopping-phinf.pstatic.net/main_4504316/45043166218.2.jpg,data\staging\washer_dryer\삼성_통돌이세탁기\stg_0091.jpg,600,600,dedup_deleted,2026-05-26T14:08:36
삼성 통돌이세탁기,삼성 통돌이 세탁기 렌탈 23kg WA23A8377KV 60개월의무,https://topclassrt.com/shop/view.php?index_no=13077,https://shopping-phinf.pstatic.net/main_5064157/50641573738.jpg,data\staging\washer_dryer\삼성_통돌이세탁기\stg_0092.jpg,600,600,dedup_deleted,2026-05-26T14:08:36
삼성 통돌이세탁기,삼성 통돌이 세탁기 렌탈 23kg WA23A8377KV 의무60개월,https://topclassrt.com/shop/view.php?index_no=20332,https://shopping-phinf.pstatic.net/main_5729130/57291309964.jpg,data\staging\washer_dryer\삼성_통돌이세탁기\stg_0093.jpg,600,600,dedup_deleted,2026-05-26T14:08:37
삼성 통돌이세탁기,삼성 통돌이 세탁기 렌탈 23kg WA23A8377KV 60개월약정,https://topclassrt.com/shop/view.php?index_no=8397,https://shopping-phinf.pstatic.net/main_4504322/45043223349.2.jpg,data\staging\washer_dryer\삼성_통돌이세탁기\stg_0094.jpg,600,600,dedup_deleted,2026-05-26T14:08:37
삼성 통돌이세탁기,삼성 통돌이 세탁기 렌탈 23kg WA23A8377KV 5년약정,https://topclassrt.com/shop/view.php?index_no=13709,https://shopping-phinf.pstatic.net/main_5064158/50641589989.jpg,data\staging\washer_dryer\삼성_통돌이세탁기\stg_0095.jpg,600,600,dedup_deleted,2026-05-26T14:08:38
삼성 통돌이세탁기,삼성 통돌이 세탁기 렌탈 21kg WA21A8376KV 의무60개월,https://topclassrt.com/shop/view.php?index_no=20331,https://shopping-phinf.pstatic.net/main_5729130/57291306815.jpg,data\staging\washer_dryer\삼성_통돌이세탁기\stg_0096.jpg,600,600,dedup_deleted,2026-05-26T14:08:38
삼성 통돌이세탁기,삼성 통돌이 세탁기 렌탈 14Kg WA14CG6441BY 60개월,https://topclassrt.com/shop/view.php?index_no=10601,https://shopping-phinf.pstatic.net/main_5054711/50547117952.jpg,data\staging\washer_dryer\삼성_통돌이세탁기\stg_0097.jpg,600,600,dedup_deleted,2026-05-26T14:08:39
삼성 통돌이세탁기,삼성 통돌이 세탁기 렌탈 23kg WA23A8377KV 60개월,https://topclassrt.com/shop/view.php?index_no=10521,https://shopping-phinf.pstatic.net/main_5054712/50547126314.jpg,data\staging\washer_dryer\삼성_통돌이세탁기\stg_0098.jpg,600,600,dedup_deleted,2026-05-26T14:08:39
삼성 통돌이세탁기,삼성 통돌이 세탁기 렌탈 통버블 25kg WA25B8377KV 의무60개월,https://topclassrt.com/shop/view.php?index_no=20339,https://shopping-phinf.pstatic.net/main_5729133/57291330605.jpg,data\staging\washer_dryer\삼성_통돌이세탁기\stg_0099.jpg,600,600,dedup_deleted,2026-05-26T14:08:40
LG 통돌이세탁기,LG전자 LG 통돌이 세탁기 17kg 미드프리실버(T17DX3),https://search.shopping.naver.com/catalog/53530120168,https://shopping-phinf.pstatic.net/main_5353012/53530120168.20250313150441.jpg,data\staging\washer_dryer\LG_통돌이세탁기\stg_0000.jpg,1000,1000,dedup_deleted,2026-05-26T14:08:41
LG 통돌이세탁기,(엘지설치포함)26년형 신형 통돌이세탁기 10kg 화이트 TR10WV4,https://smartstore.naver.com/main/products/13173287454,https://shopping-phinf.pstatic.net/main_9071779/90717798551.jpg,data\processed\washer_dryer\naver_0024.jpg,1000,1000,approved,2026-05-26T14:08:41
LG 통돌이세탁기,LG통돌이세탁기13KG 미니 원룸 오피스텔 화이트 소형 통돌이세탁기 최신형 [엘지설치],https://smartstore.naver.com/main/products/7033861501,https://shopping-phinf.pstatic.net/main_8457836/84578361823.11.jpg,data\processed\washer_dryer\naver_0025.jpg,1024,1024,approved,2026-05-26T14:08:42
LG 통돌이세탁기,LG전자 통돌이 T19MX8A 미드 블랙,https://search.shopping.naver.com/catalog/53510815524,https://shopping-phinf.pstatic.net/main_5351081/53510815524.20250312180504.jpg,data\processed\washer_dryer\naver_0026.jpg,500,500,approved,2026-05-26T14:08:42
LG 통돌이세탁기,LG전자 통돌이 TR15WV5 화이트,https://search.shopping.naver.com/catalog/53525244403,https://shopping-phinf.pstatic.net/main_5352524/53525244403.20250313083339.jpg,data\processed\washer_dryer\naver_0027.jpg,1000,1000,approved,2026-05-26T14:08:43
LG 통돌이세탁기,LG전자 통돌이 T19OZ0 오닉스 블랙,https://search.shopping.naver.com/catalog/59116675937,https://shopping-phinf.pstatic.net/main_5911667/59116675937.20260303174031.jpg,data\processed\washer_dryer\naver_0028.jpg,1000,1000,approved,2026-05-26T14:08:43
LG 통돌이세탁기,(엘지설치포함)26년형 신형 통돌이세탁기 13kg 화이트 TR13WV4,https://smartstore.naver.com/main/products/13185346822,https://shopping-phinf.pstatic.net/main_9072985/90729857919.jpg,data\staging\washer_dryer\LG_통돌이세탁기\stg_0006.jpg,1000,1000,dedup_deleted,2026-05-26T14:08:43
LG 통돌이세탁기,LG전자 통돌이 T21MX9A 미드 블랙,https://search.shopping.naver.com/catalog/53527787367,https://shopping-phinf.pstatic.net/main_5352778/53527787367.20250313104117.jpg,data\processed\washer_dryer\naver_0029.jpg,500,500,approved,2026-05-26T14:08:44
LG 통돌이세탁기,LG전자 LG 통돌이 세탁기 18kg 화이트(T18WX7),https://search.shopping.naver.com/catalog/53596350622,https://shopping-phinf.pstatic.net/main_5359635/53596350622.20250320182522.jpg,data\processed\washer_dryer\naver_0030.jpg,350,350,approved,2026-05-26T14:08:44
LG 통돌이세탁기,LG전자 통돌이 T17DX3A 미드프리실버(T17DX3A),https://search.shopping.naver.com/catalog/53530779720,https://shopping-phinf.pstatic.net/main_5353077/53530779720.20250313160419.jpg,data\processed\washer_dryer\naver_0031.jpg,1084,1205,approved,2026-05-26T14:08:45
LG 통돌이세탁기,LG전자 통돌이 TR10WL 화이트,https://search.shopping.naver.com/catalog/53508999514,https://shopping-phinf.pstatic.net/main_5350899/53508999514.20250312145013.jpg,data\processed\washer_dryer\naver_0032.jpg,709,709,approved,2026-05-26T14:08:45
LG 통돌이세탁기,[빠른설치] LG 엘지 통돌이 세탁기 17kg T17DX3 실버 정품 방문설치,https://smartstore.naver.com/main/products/6152070807,https://shopping-phinf.pstatic.net/main_8369657/83696570295.jpg,data\processed\washer_dryer\naver_0033.jpg,564,605,approved,2026-05-26T14:08:46
LG 통돌이세탁기,LG전자 통돌이 TR15MV5 미드프리 실버,https://search.shopping.naver.com/catalog/53624573947,https://shopping-phinf.pstatic.net/main_5362457/53624573947.20250318104139.jpg,data\processed\washer_dryer\naver_0034.jpg,350,350,approved,2026-05-26T14:08:46
LG 통돌이세탁기,LG 통돌이 일반세탁기 15키로 TR15WV5 화이트색상 폐가전수거 사다리차지원,https://smartstore.naver.com/main/products/11102792740,https://shopping-phinf.pstatic.net/main_8864730/88647303062.5.jpg,data\processed\washer_dryer\naver_0035.jpg,1024,1024,approved,2026-05-26T14:08:47
LG 통돌이세탁기,LG전자 통돌이 T17MX3 미드 블랙,https://search.shopping.naver.com/catalog/53628132950,https://shopping-phinf.pstatic.net/main_5362813/53628132950.20250318165842.jpg,data\staging\washer_dryer\LG_통돌이세탁기\stg_0014.jpg,1000,1000,dedup_deleted,2026-05-26T14:08:47
LG 통돌이세탁기,LG전자 TA25GZ9 에센스 그라파이트,https://search.shopping.naver.com/catalog/52854261390,https://shopping-phinf.pstatic.net/main_5285426/52854261390.20250206115711.jpg,data\processed\washer_dryer\naver_0036.jpg,1792,1792,approved,2026-05-26T14:08:48
LG 통돌이세탁기,LG전자 통돌이 TR10BL 미드프리 실버,https://search.shopping.naver.com/catalog/53531946695,https://shopping-phinf.pstatic.net/main_5353194/53531946695.20250313180815.jpg,data\processed\washer_dryer\naver_0037.jpg,1000,1000,approved,2026-05-26T14:08:48
LG 통돌이세탁기,LG 통돌이세탁기 12kg 업소용세탁기12키로 엘지통돌이,https://smartstore.naver.com/main/products/10039744465,https://shopping-phinf.pstatic.net/main_8758424/87584246969.1.jpg,data\processed\washer_dryer\naver_0038.jpg,1000,1000,approved,2026-05-26T14:08:49
LG 통돌이세탁기,LG 통돌이 일반 세탁기 15kg,https://link.coupang.com/re/PCSNAVERPCSDP?pageKey=9354159783&ctag=9354159783&lptag=I27751463965&itemId=27751463965&vendorItemId=95185582478&spec=10305199,https://shopping-phinf.pstatic.net/main_5890798/58907985759.jpg,data\processed\washer_dryer\naver_0039.jpg,1000,1000,approved,2026-05-26T14:08:49
LG 통돌이세탁기,LG전자 통돌이 T19MX7A 미드 블랙,https://search.shopping.naver.com/catalog/53644671958,https://shopping-phinf.pstatic.net/main_5364467/53644671958.20250319090610.jpg,data\staging\washer_dryer\LG_통돌이세탁기\stg_0019.jpg,500,500,dedup_deleted,2026-05-26T14:08:49
LG 통돌이세탁기,LG전자 통돌이 TR13 화이트,https://search.shopping.naver.com/catalog/58698034119,https://shopping-phinf.pstatic.net/main_5869803/58698034119.20260129145340.jpg,data\processed\washer_dryer\naver_0040.jpg,499,501,approved,2026-05-26T14:08:50
LG 통돌이세탁기,[중고] 엘지 삼성 10kg 가정용 통돌이 세탁기 [올분해세척],https://smartstore.naver.com/main/products/11705610651,https://shopping-phinf.pstatic.net/main_8925012/89250121118.jpg,data\processed\washer_dryer\naver_0041.jpg,1000,1000,approved,2026-05-26T14:08:50
LG 통돌이세탁기,LG전자 통돌이 TR12WL 화이트,https://search.shopping.naver.com/catalog/53508365917,https://shopping-phinf.pstatic.net/main_5350836/53508365917.20250312135640.jpg,data\processed\washer_dryer\naver_0042.jpg,1000,1000,approved,2026-05-26T14:08:51
LG 통돌이세탁기,LG전자 통돌이 T21MX9B 미드 블랙,https://search.shopping.naver.com/catalog/53599154276,https://shopping-phinf.pstatic.net/main_5359915/53599154276.20250317162843.jpg,data\staging\washer_dryer\LG_통돌이세탁기\stg_0023.jpg,1000,1000,dedup_deleted,2026-05-26T14:08:51
LG 통돌이세탁기,LG전자 통돌이 TR13ML2 미드 블랙,https://search.shopping.naver.com/catalog/53509035713,https://shopping-phinf.pstatic.net/main_5350903/53509035713.20250312145321.jpg,data\processed\washer_dryer\naver_0043.jpg,1000,1000,approved,2026-05-26T14:08:52
LG 통돌이세탁기,LG전자 통돌이 TR10 화이트,https://search.shopping.naver.com/catalog/58697957459,https://shopping-phinf.pstatic.net/main_5869795/58697957459.20260128160144.jpg,data\staging\washer_dryer\LG_통돌이세탁기\stg_0025.jpg,500,500,dedup_deleted,2026-05-26T14:08:52
LG 통돌이세탁기,LG설치포함 26년 신형 통돌이세탁기 13kg TR13WV4,https://smartstore.naver.com/main/products/13444021047,https://shopping-phinf.pstatic.net/main_9098853/90988531399.jpg,data\staging\washer_dryer\LG_통돌이세탁기\stg_0026.jpg,492,492,dedup_deleted,2026-05-26T14:08:53
LG 통돌이세탁기,TR10WL/엘지통돌이 세탁기/10키로/jc,https://smartstore.naver.com/main/products/11357201066,https://shopping-phinf.pstatic.net/main_8890171/88901711417.jpg,data\processed\washer_dryer\naver_0044.jpg,1000,1000,approved,2026-05-26T14:08:53
LG 통돌이세탁기,LG전자 통돌이 T25PX9A 플래티늄 블랙,https://search.shopping.naver.com/catalog/53546834238,https://shopping-phinf.pstatic.net/main_5354683/53546834238.20250314105429.jpg,data\staging\washer_dryer\LG_통돌이세탁기\stg_0028.jpg,500,500,dedup_deleted,2026-05-26T14:08:53
LG 통돌이세탁기,LG전자 통돌이 TR16MK2 미드 블랙,https://search.shopping.naver.com/catalog/53508783769,https://shopping-phinf.pstatic.net/main_5350878/53508783769.20250312144112.jpg,data\processed\washer_dryer\naver_0045.jpg,1000,1000,approved,2026-05-26T14:08:54
LG 통돌이세탁기,LG전자 통돌이 T19DX7 미드 프리 실버,https://search.shopping.naver.com/catalog/53664823642,https://shopping-phinf.pstatic.net/main_5366482/53664823642.20250320123451.jpg,data\processed\washer_dryer\naver_0046.jpg,500,500,approved,2026-05-26T14:08:54
LG 통돌이세탁기,LG전자 통돌이 TR12BL 미드프리 실버,https://search.shopping.naver.com/catalog/53548237577,https://shopping-phinf.pstatic.net/main_5354823/53548237577.20250314125310.jpg,data\staging\washer_dryer\LG_통돌이세탁기\stg_0031.jpg,1000,1000,dedup_deleted,2026-05-26T14:08:55
LG 통돌이세탁기,LG전자 통돌이 T19MX7 미드 블랙,https://search.shopping.naver.com/catalog/53530538311,https://shopping-phinf.pstatic.net/main_5353053/53530538311.20250313154655.jpg,data\processed\washer_dryer\naver_0047.jpg,1001,1000,approved,2026-05-26T14:08:55
LG 통돌이세탁기,LG전자 통돌이 T19MX7AY 미드 블랙,https://search.shopping.naver.com/catalog/53527930412,https://shopping-phinf.pstatic.net/main_5352793/53527930412.20250313110116.jpg,data\staging\washer_dryer\LG_통돌이세탁기\stg_0033.jpg,1000,1000,dedup_deleted,2026-05-26T14:08:56
LG 통돌이세탁기,LG전자 통돌이 T19MX8 미드 블랙,https://search.shopping.naver.com/catalog/53544398637,https://shopping-phinf.pstatic.net/main_5354439/53544398637.20250314093256.jpg,data\staging\washer_dryer\LG_통돌이세탁기\stg_0034.jpg,750,750,dedup_deleted,2026-05-26T14:08:56
LG 통돌이세탁기,엘지전자 직영방문설치 통돌이세탁기 스테인리스 세탁통 필터 21KG 미드블랙 T21MX9A,https://smartstore.naver.com/main/products/13318120648,https://shopping-phinf.pstatic.net/main_9086263/90862630980.jpg,data\processed\washer_dryer\naver_0048.jpg,1000,1000,approved,2026-05-26T14:08:57
LG 통돌이세탁기,LG 통돌이 17kg DD모터 인공지능 세탁기,https://smartstore.naver.com/main/products/13009495373,https://shopping-phinf.pstatic.net/main_9055400/90554006465.jpg,data\processed\washer_dryer\naver_0049.jpg,1000,1000,approved,2026-05-26T14:08:57
LG 통돌이세탁기,LG 통돌이 세탁기 25kg T25PX9A,https://smartstore.naver.com/main/products/12338018758,https://shopping-phinf.pstatic.net/main_8988252/89882529475.jpg,data\processed\washer_dryer\naver_0050.jpg,629,622,approved,2026-05-26T14:08:57
LG 통돌이세탁기,LG전자 2등급 통돌이 일반세탁기 12KG 화이트 TR12WL,https://smartstore.naver.com/main/products/13005615622,https://shopping-phinf.pstatic.net/main_9055012/90550126714.3.jpg,data\processed\washer_dryer\naver_0051.jpg,1000,1000,approved,2026-05-26T14:08:58
LG 통돌이세탁기,LG 통돌이 스테인리스 세탁기 (20kg) T20MT,https://smartstore.naver.com/main/products/12002957324,https://shopping-phinf.pstatic.net/main_8954746/89547468012.jpg,data\staging\washer_dryer\LG_통돌이세탁기\stg_0039.jpg,450,450,dedup_deleted,2026-05-26T14:08:58
LG 통돌이세탁기,LG전자 T21GZ9 에센스 그라파이트,https://search.shopping.naver.com/catalog/55668306829,https://shopping-phinf.pstatic.net/main_5566830/55668306829.20250707103001.jpg,data\staging\washer_dryer\LG_통돌이세탁기\stg_0040.jpg,350,350,dedup_deleted,2026-05-26T14:08:59
LG 통돌이세탁기,LG전자 통돌이 T25PX9 플래티늄 블랙,https://search.shopping.naver.com/catalog/53645660280,https://shopping-phinf.pstatic.net/main_5364566/53645660280.20250319121726.jpg,data\staging\washer_dryer\LG_통돌이세탁기\stg_0041.jpg,750,750,dedup_deleted,2026-05-26T14:08:59
LG 통돌이세탁기,LG전자 통돌이 T19MX8B 미드 블랙,https://search.shopping.naver.com/catalog/53597137200,https://shopping-phinf.pstatic.net/main_5359713/53597137200.20250317115515.jpg,data\staging\washer_dryer\LG_통돌이세탁기\stg_0042.jpg,700,700,dedup_deleted,2026-05-26T14:09:00
LG 통돌이세탁기,LG전자 대용량 통돌이세탁기 21KG T21MX9A 이불빨래,https://smartstore.naver.com/main/products/11045313084,https://shopping-phinf.pstatic.net/main_8858981/88589819295.jpg,data\processed\washer_dryer\naver_0052.jpg,1000,1000,approved,2026-05-26T14:09:00
LG 통돌이세탁기,LG전자 통돌이 일반세탁기 T25PX9 대용량 25KG LG물류전문설치 전국배송,https://smartstore.naver.com/main/products/12356218909,https://shopping-phinf.pstatic.net/main_8990072/89900729626.jpg,data\staging\washer_dryer\LG_통돌이세탁기\stg_0044.jpg,601,741,dedup_deleted,2026-05-26T14:09:01
LG 통돌이세탁기,LG 엘지 통돌이 세탁기 일반세탁기 T21MX9B(A) 20kg,https://smartstore.naver.com/main/products/10743556090,https://shopping-phinf.pstatic.net/main_8828806/88288062012.jpg,data\processed\washer_dryer\naver_0053.jpg,860,1100,approved,2026-05-26T14:09:01
LG 통돌이세탁기,LG 26년 통돌이 딥러닝 AI 올스텐 컴포트 세탁기 (19kg) 오닉스 블랙,https://smartstore.naver.com/main/products/13393490550,https://shopping-phinf.pstatic.net/main_9093800/90938000886.jpg,data\processed\washer_dryer\naver_0054.jpg,450,450,approved,2026-05-26T14:09:02
LG 통돌이세탁기,통돌이 통돌이세탁기10kg/엘지/삼성/통세척/5분의1가,https://link.auction.co.kr/gate/pcs?item-no=B248623882&sub-id=1&service-code=10000003,https://shopping-phinf.pstatic.net/main_5415429/54154296613.1.jpg,data\processed\washer_dryer\naver_0055.jpg,600,600,approved,2026-05-26T14:09:02
LG 통돌이세탁기,T19MX7AY LG전자 통돌이 엘지 일반세탁기 19키로KG,https://smartstore.naver.com/main/products/10949384862,https://shopping-phinf.pstatic.net/main_8849389/88493890897.jpg,data\processed\washer_dryer\naver_0056.jpg,754,672,approved,2026-05-26T14:09:03
LG 통돌이세탁기,LG전자 통돌이 T18MX7A 미드 블랙,https://search.shopping.naver.com/catalog/53626557356,https://shopping-phinf.pstatic.net/main_5362655/53626557356.20250318145456.jpg,data\processed\washer_dryer\naver_0057.jpg,500,500,approved,2026-05-26T14:09:03
LG 통돌이세탁기,LG전자 통돌이 T23PX9A 플래티늄 블랙,https://search.shopping.naver.com/catalog/53663904814,https://shopping-phinf.pstatic.net/main_5366390/53663904814.20250320095648.jpg,data\staging\washer_dryer\LG_통돌이세탁기\stg_0050.jpg,500,500,dedup_deleted,2026-05-26T14:09:04
LG 통돌이세탁기,LG전자 통돌이 T17MX3A 미드 블랙,https://search.shopping.naver.com/catalog/54070165926,https://shopping-phinf.pstatic.net/main_5407016/54070165926.20250409151824.jpg,data\staging\washer_dryer\LG_통돌이세탁기\stg_0051.jpg,1000,1000,dedup_deleted,2026-05-26T14:09:04
LG 통돌이세탁기,LG전자 T22PZ9 플래티늄 블랙,https://search.shopping.naver.com/catalog/58626855352,https://shopping-phinf.pstatic.net/main_5862685/58626855352.20260123114427.jpg,data\staging\washer_dryer\LG_통돌이세탁기\stg_0052.jpg,600,600,dedup_deleted,2026-05-26T14:09:05
LG 통돌이세탁기,LG전자 통돌이 T23PX9 플래티늄 블랙,https://search.shopping.naver.com/catalog/53664599962,https://shopping-phinf.pstatic.net/main_5366459/53664599962.20250320114107.jpg,data\staging\washer_dryer\LG_통돌이세탁기\stg_0053.jpg,1001,1000,dedup_deleted,2026-05-26T14:09:05
LG 통돌이세탁기,LG전자 통돌이 T18MX7 미드 블랙,https://search.shopping.naver.com/catalog/54088647726,https://shopping-phinf.pstatic.net/main_5408864/54088647726.20250410111330.jpg,data\staging\washer_dryer\LG_통돌이세탁기\stg_0054.jpg,1000,1000,dedup_deleted,2026-05-26T14:09:06
LG 통돌이세탁기,LG전자 T25OZ0 오닉스 블랙,https://search.shopping.naver.com/catalog/59415685505,https://shopping-phinf.pstatic.net/main_5941568/59415685505.20260327093222.jpg,data\staging\washer_dryer\LG_통돌이세탁기\stg_0055.jpg,1000,1000,dedup_deleted,2026-05-26T14:09:06
LG 통돌이세탁기,[무료배송및설치] LG전자 26년 트롬 통돌이세탁기 10kg 화이트 TR10WV4,https://smartstore.naver.com/main/products/13198240307,https://shopping-phinf.pstatic.net/main_9074275/90742751404.jpg,data\processed\washer_dryer\naver_0058.jpg,1000,1000,approved,2026-05-26T14:09:07
LG 통돌이세탁기,LG전자 통돌이 TR16MK2 미드블랙,https://smartstore.naver.com/main/products/10708892858,https://shopping-phinf.pstatic.net/main_8825339/88253398780.jpg,data\processed\washer_dryer\naver_0059.jpg,1000,1000,approved,2026-05-26T14:09:07
LG 통돌이세탁기,2026년형 엘지전자 직영방문설치 통버블 통돌이세탁기 소형 저소음 원룸 폐가전수거 13KG 미드블랙 TR13MV4,https://smartstore.naver.com/main/products/13161552259,https://shopping-phinf.pstatic.net/main_9070606/90706063356.jpg,data\processed\washer_dryer\naver_0060.jpg,1000,1000,approved,2026-05-26T14:09:08
LG 통돌이세탁기,LG 통돌이세탁기 23KG 신모델 저소음 이불세탁,https://smartstore.naver.com/main/products/10470690548,https://shopping-phinf.pstatic.net/main_8801519/88015195756.jpg,data\processed\washer_dryer\naver_0061.jpg,1000,1000,approved,2026-05-26T14:09:08
LG 통돌이세탁기,LG 세탁기15kg 엘지 스마트 인버터 통돌이 일반세탁기 화이트,https://smartstore.naver.com/main/products/12979286331,https://shopping-phinf.pstatic.net/main_9052379/90523797341.jpg,data\processed\washer_dryer\naver_0062.jpg,2048,2048,approved,2026-05-26T14:09:09
LG 통돌이세탁기,LG전자 통돌이 TR16DK 실버,https://search.shopping.naver.com/catalog/53527686124,https://shopping-phinf.pstatic.net/main_5352768/53527686124.20250313102407.jpg,data\processed\washer_dryer\naver_0063.jpg,1000,1000,approved,2026-05-26T14:09:09
LG 통돌이세탁기,LG전자 통돌이 TR16DV5 미드 블랙,https://search.shopping.naver.com/catalog/53527631557,https://shopping-phinf.pstatic.net/main_5352763/53527631557.20250313095720.jpg,data\processed\washer_dryer\naver_0064.jpg,350,350,approved,2026-05-26T14:09:10
LG 통돌이세탁기,LG전자 10kg 통돌이세탁기 TR10WV4 원룸 오피스텔 자취세탁기,https://smartstore.naver.com/main/products/13173541490,https://shopping-phinf.pstatic.net/main_9071805/90718052587.jpg,data\processed\washer_dryer\naver_0065.jpg,1000,1000,approved,2026-05-26T14:09:10
LG 통돌이세탁기,LG 통돌이 세탁기 19KG T19MX7A 미드 블랙 TV상품,http://with.gsshop.com/alia/aliaGate.gs?media=OB&ecpid=1101649937&vodFlag=N&prdseqnum=1101649937&utm_source=price&utm_medium=affiliate&utm_campaign=naver,https://shopping-phinf.pstatic.net/main_5801998/58019983724.jpg,data\staging\washer_dryer\LG_통돌이세탁기\stg_0064.jpg,550,550,dedup_deleted,2026-05-26T14:09:10
LG 통돌이세탁기,LG 통돌이 세탁기 T19MX8,https://www.lge.co.kr/washing-machines/t19mx8?naver_code=100212&utm_source=navershopping&utm_medium=cps&utm_campaign=20220118_navercps_pdp_lgekr,https://shopping-phinf.pstatic.net/main_6012631/60126316898.jpg,data\staging\washer_dryer\LG_통돌이세탁기\stg_0065.jpg,350,350,dedup_deleted,2026-05-26T14:09:11
LG 통돌이세탁기,LG 통돌이 19kg DD모터 인공지능 세탁기 T19MX8A,https://smartstore.naver.com/main/products/8631047779,https://shopping-phinf.pstatic.net/main_8617554/86175548102.214.jpg,data\processed\washer_dryer\naver_0066.jpg,1000,1000,approved,2026-05-26T14:09:11
LG 통돌이세탁기,LG 통돌이 17kg DD모터 인공지능 세탁기 T17DX3,https://smartstore.naver.com/main/products/7779247404,https://shopping-phinf.pstatic.net/main_8532374/85323747726.170.jpg,data\staging\washer_dryer\LG_통돌이세탁기\stg_0067.jpg,1000,1000,dedup_deleted,2026-05-26T14:09:12
LG 통돌이세탁기,중고 통돌이세탁기 10-16kg 통분해세척 완료,https://smartstore.naver.com/main/products/4432897510,https://shopping-phinf.pstatic.net/main_8197742/81977420218.8.jpg,data\processed\washer_dryer\naver_0067.jpg,2613,2983,approved,2026-05-26T14:09:13
LG 통돌이세탁기,LG전자 (LG)LG전자 통돌이 세탁기 17KG T17DX3 미드프리실버 전국무료배송및 설치,https://link.gmarket.co.kr/gate/pcs?item-no=4528255368&sub-id=1003&service-code=10000003&lcd=100000092,https://shopping-phinf.pstatic.net/main_5662314/56623141382.1.jpg,data\processed\washer_dryer\naver_0068.jpg,600,600,approved,2026-05-26T14:09:13
LG 통돌이세탁기,LG전자 통돌이 세탁기 15kg TR15MV5 미드프리실버 방문설치 스마트인버터 모터 일반 전자동,https://link.coupang.com/re/PCSNAVERPCSDP?pageKey=8449903853&ctag=8449903853&lptag=I24446193232&itemId=24446193232&vendorItemId=91471625321&spec=10305197,https://shopping-phinf.pstatic.net/main_5143170/51431703385.238.jpg,data\processed\washer_dryer\naver_0069.jpg,2000,2000,approved,2026-05-26T14:09:14
LG 통돌이세탁기,LG전자 통돌이 세탁기 21kg T21MX9A 미드블랙 방문설치 일반세탁기 전자동 전기 자동 세탁기통돌이,https://link.coupang.com/re/PCSNAVERPCSDP?pageKey=8850206926&ctag=8850206926&lptag=I25799262387&itemId=25799262387&vendorItemId=84636292271&spec=10305197,https://shopping-phinf.pstatic.net/main_5538168/55381684343.126.jpg,data\staging\washer_dryer\LG_통돌이세탁기\stg_0071.jpg,1000,1000,dedup_deleted,2026-05-26T14:09:14
LG 통돌이세탁기,LG전자 통돌이 T19DX7A 미드 프리 실버,https://search.shopping.naver.com/catalog/53665785581,https://shopping-phinf.pstatic.net/main_5366578/53665785581.20250320142948.jpg,data\staging\washer_dryer\LG_통돌이세탁기\stg_0072.jpg,1000,1000,dedup_deleted,2026-05-26T14:09:15
LG 통돌이세탁기,LG전자 통돌이 세탁기 19kg 방문설치,https://link.coupang.com/re/PCSNAVERPCSDP?pageKey=0379541662&ctag=0379541662&lptag=l8765172204458&itemId=76154885724&vendorItemId=84636290505&spec=10305197,https://shopping-phinf.pstatic.net/main_5086775/50867751882.369.jpg,data\processed\washer_dryer\naver_0070.jpg,2000,2000,approved,2026-05-26T14:09:15
LG 통돌이세탁기,LG 통돌이 세탁기 T17DX3,https://www.lge.co.kr/washing-machines/t17dx3?naver_code=100212&utm_source=navershopping&utm_medium=cps&utm_campaign=20220118_navercps_pdp_lgekr,https://shopping-phinf.pstatic.net/main_3715045/37150457692.jpg,data\staging\washer_dryer\LG_통돌이세탁기\stg_0074.jpg,350,350,dedup_deleted,2026-05-26T14:09:16
LG 통돌이세탁기,LG 세탁기10KG 원룸 미니 오피스텔 소형 엘지 통돌이세탁기 화이트,https://smartstore.naver.com/main/products/10443917672,https://shopping-phinf.pstatic.net/main_8798842/87988422721.jpg,data\processed\washer_dryer\naver_0071.jpg,1000,1000,approved,2026-05-26T14:09:16
LG 통돌이세탁기,LG 대형 통돌이세탁기 17키로 17kg 업소용세탁기 엘지통돌이 기숙사 빨래방 숙소 세탁,https://smartstore.naver.com/main/products/10039715424,https://shopping-phinf.pstatic.net/main_8758421/87584217928.1.jpg,data\processed\washer_dryer\naver_0072.jpg,1000,1000,approved,2026-05-26T14:09:16
LG 통돌이세탁기,LG전자 통돌이 T21MX9 미드 블랙,https://search.shopping.naver.com/catalog/53530244171,https://shopping-phinf.pstatic.net/main_5353024/53530244171.20250313152132.jpg,data\staging\washer_dryer\LG_통돌이세탁기\stg_0077.jpg,1000,1000,dedup_deleted,2026-05-26T14:09:17
LG 통돌이세탁기,LG전자 통돌이 세탁기 18kg 방문설치,https://link.coupang.com/re/PCSNAVERPCSDP?pageKey=0379541063&ctag=0379541063&lptag=l257474882761&itemId=76154887724&vendorItemId=84636290484&spec=10305197,https://shopping-phinf.pstatic.net/main_5914374/59143742842.jpg,data\processed\washer_dryer\naver_0073.jpg,2000,2000,approved,2026-05-26T14:09:18
LG 통돌이세탁기,LG 15키로 대형 통돌이세탁기 15kg 업소용세탁기 엘지통돌이 기숙사 빨래방 숙소 세탁,https://smartstore.naver.com/main/products/7747542315,https://shopping-phinf.pstatic.net/main_8529204/85292042637.jpg,data\processed\washer_dryer\naver_0074.jpg,1000,1000,approved,2026-05-26T14:09:18
LG 통돌이세탁기,LG전자 통돌이 일반세탁기 TR16MK2 미드 블랙 16키로 스마트인버터 [지역재고],https://smartstore.naver.com/main/products/11134355981,https://shopping-phinf.pstatic.net/main_8867886/88678866303.2.jpg,data\processed\washer_dryer\naver_0075.jpg,1200,1200,approved,2026-05-26T14:09:18
LG 통돌이세탁기,LG 통돌이 세탁기 TR15WV5,https://www.lge.co.kr/washing-machines/tr15wv5?naver_code=100212&utm_source=navershopping&utm_medium=cps&utm_campaign=20220118_navercps_pdp_lgekr,https://shopping-phinf.pstatic.net/main_5114274/51142748752.jpg,data\processed\washer_dryer\naver_0076.jpg,350,350,approved,2026-05-26T14:09:19
LG 통돌이세탁기,[전국설치] LG 통돌이 세탁기 16kg 중형 인버터 원룸투룸 미니소형 오피스텔용 인증점,https://smartstore.naver.com/main/products/8901795316,https://shopping-phinf.pstatic.net/main_8644629/86446295639.6.jpg,data\processed\washer_dryer\naver_0077.jpg,662,662,approved,2026-05-26T14:09:19
LG 통돌이세탁기,[전국설치] LG 통돌이 세탁기 10kg TR10WV4 저소음 원룸 소형 오피스텔용,https://smartstore.naver.com/main/products/13380450455,https://shopping-phinf.pstatic.net/main_9092496/90924960791.jpg,data\processed\washer_dryer\naver_0078.jpg,661,662,approved,2026-05-26T14:09:20
LG 통돌이세탁기,LG전자 TR13WV4 통돌이 일반세탁기 13kg 화이트,https://smartstore.naver.com/main/products/13278029738,https://shopping-phinf.pstatic.net/main_9082254/90822540070.2.jpg,data\processed\washer_dryer\naver_0079.jpg,1000,1000,approved,2026-05-26T14:09:20
LG 통돌이세탁기,[Npay혜택가 63만원대] LG 통돌이  세탁기 T19MX8A,https://thebestlg.com/product/detail.html?product_no=148&cate_no=90&display_group=1&utm_source=naver&utm_medium=shopping&utm_campaign=knowledge_shopping&mkt_in=Y&ghost_mall_id=naver&ref=naver_open,https://shopping-phinf.pstatic.net/main_5149215/51492155055.1.jpg,data\processed\washer_dryer\naver_0080.jpg,1000,1000,approved,2026-05-26T14:09:21
LG 통돌이세탁기,LG 통돌이 세탁기 19KG T19MX7A 미드 블랙 TV상품,http://with.gsshop.com/alia/aliaGate.gs?media=OB&ecpid=1101536964&vodFlag=N&prdseqnum=1101536964&utm_source=price&utm_medium=affiliate&utm_campaign=naver,https://shopping-phinf.pstatic.net/main_5800415/58004156387.jpg,data\staging\washer_dryer\LG_통돌이세탁기\stg_0086.jpg,550,550,dedup_deleted,2026-05-26T14:09:21
LG 통돌이세탁기,[전국설치]LG 통돌이 인버터 터보물살 17kg T17DX3A 원룸 오피스텔세탁기 인증점,https://smartstore.naver.com/main/products/9901450968,https://shopping-phinf.pstatic.net/main_8744595/87445953241.2.jpg,data\processed\washer_dryer\naver_0081.jpg,1000,1000,approved,2026-05-26T14:09:22
LG 통돌이세탁기,LG전자 정품판매점 통돌이 세탁기 T20WT 20kg 폐가전무료수거,https://smartstore.naver.com/main/products/7061222229,https://shopping-phinf.pstatic.net/main_8460572/84605722551.4.jpg,data\processed\washer_dryer\naver_0082.jpg,1000,1000,approved,2026-05-26T14:09:22
LG 통돌이세탁기,LG전자 통돌이 T21MX9A 미드블랙,https://smartstore.naver.com/main/products/10680031993,https://shopping-phinf.pstatic.net/main_8822453/88224537915.jpg,data\staging\washer_dryer\LG_통돌이세탁기\stg_0089.jpg,1000,1000,dedup_deleted,2026-05-26T14:09:23
LG 통돌이세탁기,중고세탁기 통분해세척 완료,https://smartstore.naver.com/main/products/2620959342,https://shopping-phinf.pstatic.net/main_8011870/80118702918.5.jpg,data\processed\washer_dryer\naver_0083.jpg,600,600,approved,2026-05-26T14:09:23
LG 통돌이세탁기,"LG전자 통돌이 T19MX8 미드 블랙, 방문주기12개월, 의무사용 72개월",https://search.shopping.naver.com/catalog/59190368149,https://shopping-phinf.pstatic.net/main_5919036/59190368149.20260309113932.jpg,data\staging\washer_dryer\LG_통돌이세탁기\stg_0091.jpg,750,750,dedup_deleted,2026-05-26T14:09:24
LG 통돌이세탁기,LG 통돌이 세탁기 18kg 화이트 T18WX7,https://smartstore.naver.com/main/products/12281704364,https://shopping-phinf.pstatic.net/main_8982621/89826215080.jpg,data\processed\washer_dryer\naver_0084.jpg,1200,1200,approved,2026-05-26T14:09:24
LG 통돌이세탁기,LG전자 통돌이 TR16WK3 화이트,https://search.shopping.naver.com/catalog/53645659665,https://shopping-phinf.pstatic.net/main_5364565/53645659665.20250319121532.jpg,data\processed\washer_dryer\naver_0085.jpg,1000,1000,approved,2026-05-26T14:09:25
LG 통돌이세탁기,LG전자 대용량 통돌이세탁기 23KG T23PX9A 이불빨래,https://smartstore.naver.com/main/products/11045293967,https://shopping-phinf.pstatic.net/main_8858980/88589800178.jpg,data\staging\washer_dryer\LG_통돌이세탁기\stg_0094.jpg,1000,1000,dedup_deleted,2026-05-26T14:09:25
LG 통돌이세탁기,LG통돌이 TR12WL 12kg 통돌이세탁기 으뜸효율 저소음세탁기 원룸 자취방 관리실,https://smartstore.naver.com/main/products/5110180426,https://shopping-phinf.pstatic.net/main_8265470/82654702472.jpg,data\processed\washer_dryer\naver_0086.jpg,1000,1000,approved,2026-05-26T14:09:26
LG 통돌이세탁기,LG전자 통돌이 세탁기 19kg(T19MX7A),https://smartstore.naver.com/main/products/12059683699,https://shopping-phinf.pstatic.net/main_8960419/89604194398.jpg,data\processed\washer_dryer\naver_0087.jpg,600,600,approved,2026-05-26T14:09:26
LG 통돌이세탁기,LG 통돌이 세탁기 10kg TR10MV4 (전국 설치 포함),https://smartstore.naver.com/main/products/13360824871,https://shopping-phinf.pstatic.net/main_9090533/90905335203.jpg,data\processed\washer_dryer\naver_0088.jpg,1000,1000,approved,2026-05-26T14:09:26
LG 통돌이세탁기,LG 통돌이 세탁기 미드프리실버 17kg T17DX3 바름,https://smartstore.naver.com/main/products/10680274157,https://shopping-phinf.pstatic.net/main_8822478/88224780079.jpg,data\processed\washer_dryer\naver_0089.jpg,500,500,approved,2026-05-26T14:09:27
LG 통돌이세탁기,LG 통돌이 세탁기 (19kg) 스테인리스 T19MX8,https://smartstore.naver.com/main/products/12504398741,https://shopping-phinf.pstatic.net/main_9004890/90048909594.jpg,data\processed\washer_dryer\naver_0090.jpg,450,450,approved,2026-05-26T14:09:27
건조기,10kg 소형 빨래건조기 가정용 원룸 오피스 미니 의류 드럼건조기,https://smartstore.naver.com/main/products/8320914858,https://shopping-phinf.pstatic.net/main_8586541/85865415181.2.jpg,data\processed\washer_dryer\naver_0093.jpg,700,700,approved,2026-05-26T14:09:30
건조기,위닉스 인버터 컴팩트건조기 HS3E400 4kg 고객직접설치,https://link.coupang.com/re/PCSNAVERPCSDP?pageKey=0082927846&ctag=0082927846&lptag=l108242186873&itemId=48218601873&vendorItemId=91886979841&spec=10305197,https://shopping-phinf.pstatic.net/main_5570523/55705232804.14.jpg,data\processed\washer_dryer\naver_0098.jpg,500,500,approved,2026-05-26T14:09:35
건조기,한일 미니 의류건조기 휴대용 소형 빨래 건조기 에어드레서스타일러,https://smartstore.naver.com/main/products/9462926041,https://shopping-phinf.pstatic.net/main_8700742/87007426364.3.jpg,data\processed\washer_dryer\naver_0099.jpg,1000,1000,approved,2026-05-26T14:09:36
건조기,위니아 NEW mini 건조기 3kg 실버,https://search.shopping.naver.com/catalog/53625386660,https://shopping-phinf.pstatic.net/main_5362538/53625386660.20250318114513.jpg,data\processed\washer_dryer\naver_0103.jpg,500,500,approved,2026-05-26T14:09:41
건조기,한일전기 HLD-5000W 화이트,https://search.shopping.naver.com/catalog/53939328155,https://shopping-phinf.pstatic.net/main_5393932/53939328155.20250403150022.jpg,data\processed\washer_dryer\naver_0106.jpg,1000,1000,approved,2026-05-26T14:09:43
건조기,미니파이브 미니건조기 5KG 아이보리,https://search.shopping.naver.com/catalog/55797003228,https://shopping-phinf.pstatic.net/main_5579700/55797003228.20250715093244.jpg,data\processed\washer_dryer\naver_0109.jpg,500,500,approved,2026-05-26T14:09:45
건조기,MIDEA MDG09H80/WW-KRH 화이트,https://search.shopping.naver.com/catalog/57341975441,https://shopping-phinf.pstatic.net/main_5734197/57341975441.20251023144244.jpg,data\processed\washer_dryer\naver_0110.jpg,700,700,approved,2026-05-26T14:09:46
건조기,위닉스 HS2E400 화이트베이지,https://search.shopping.naver.com/catalog/53509488069,https://shopping-phinf.pstatic.net/main_5350948/53509488069.20250408165519.jpg,data\processed\washer_dryer\naver_0114.jpg,500,500,approved,2026-05-26T14:09:51
건조기,위니아 BWR03SGDV(A) 그래비티실버,https://search.shopping.naver.com/catalog/56589892832,https://shopping-phinf.pstatic.net/main_5658989/56589892832.20250904150404.jpg,data\processed\washer_dryer\naver_0115.jpg,2000,2000,approved,2026-05-26T14:09:51
건조기,MIDEA MD-H3TW 화이트,https://search.shopping.naver.com/catalog/54024556193,https://shopping-phinf.pstatic.net/main_5402455/54024556193.20250407111230.jpg,data\processed\washer_dryer\naver_0116.jpg,600,600,approved,2026-05-26T14:09:53
건조기,미닉스 MNMD-120 그레이지,https://search.shopping.naver.com/catalog/57855529790,https://shopping-phinf.pstatic.net/main_5785552/57855529790.20251121164132.jpg,data\processed\washer_dryer\naver_0120.jpg,2000,2000,approved,2026-05-26T14:09:58
건조기,ROPER ROD-840WH 화이트,https://search.shopping.naver.com/catalog/54024876146,https://shopping-phinf.pstatic.net/main_5402487/54024876146.20250407120254.jpg,data\processed\washer_dryer\naver_0121.jpg,1000,1000,approved,2026-05-26T14:09:59
건조기,바이퍼럭스 클레버 CCD-01 아이보리,https://search.shopping.naver.com/catalog/59332313480,https://shopping-phinf.pstatic.net/main_5933231/59332313480.20260330165022.jpg,data\staging\washer_dryer\건조기\stg_0067.jpg,1000,1000,deleted,2026-05-26T14:10:00
건조기,삼성전자 그랑데AI DV17T8520BW 화이트,https://search.shopping.naver.com/catalog/53596825244,https://shopping-phinf.pstatic.net/main_5359682/53596825244.20250317112545.jpg,data\processed\washer_dryer\naver_0123.jpg,1000,1000,approved,2026-05-26T14:10:02
건조기,린나이 RDT-62-RK-W 화이트,https://search.shopping.naver.com/catalog/54024582181,https://shopping-phinf.pstatic.net/main_5402458/54024582181.20250407113147.jpg,data\staging\washer_dryer\건조기\stg_0073.jpg,500,500,dedup_deleted,2026-05-26T14:10:03
건조기,삼성전자 그랑데AI DV19T8745BE 그레이지,https://search.shopping.naver.com/catalog/54024130450,https://shopping-phinf.pstatic.net/main_5402413/54024130450.20250407093339.jpg,data\staging\washer_dryer\건조기\stg_0075.jpg,350,350,dedup_deleted,2026-05-26T14:10:04
건조기,매직쉐프 MCD-L600W 화이트,https://search.shopping.naver.com/catalog/52321333619,https://shopping-phinf.pstatic.net/main_5232133/52321333619.20250106111730.jpg,data\processed\washer_dryer\naver_0124.jpg,2000,2000,approved,2026-05-26T14:10:05
건조기,오아 스마트 건조기 화이트,https://search.shopping.naver.com/catalog/53546566707,https://shopping-phinf.pstatic.net/main_5354656/53546566707.20250314103248.jpg,data\processed\washer_dryer\naver_0126.jpg,1000,1000,approved,2026-05-26T14:10:07
건조기,위닉스 건조기 4kg 블루 컴팩트건조기 미니건조기 인버터건조기,https://smartstore.naver.com/main/products/12972120823,https://shopping-phinf.pstatic.net/main_9051663/90516631833.1.jpg,data\processed\washer_dryer\naver_0127.jpg,1000,1000,approved,2026-05-26T14:10:07
건조기,LG전자 트롬 RH9WV 화이트,https://search.shopping.naver.com/catalog/53938450406,https://shopping-phinf.pstatic.net/main_5393845/53938450406.20250403115905.jpg,data\staging\washer_dryer\건조기\stg_0088.jpg,350,350,dedup_deleted,2026-05-26T14:10:10
건조기,한경희생활과학 LSL-GD6-HAAN628HW 화이트,https://search.shopping.naver.com/catalog/54025598647,https://shopping-phinf.pstatic.net/main_5402559/54025598647.20250407141535.jpg,data\processed\washer_dryer\naver_0128.jpg,500,500,approved,2026-05-26T14:10:11
건조기,삼성전자 그랑데AI DV90T5740BW 화이트,https://search.shopping.naver.com/catalog/53940385904,https://shopping-phinf.pstatic.net/main_5394038/53940385904.20250403160630.jpg,data\staging\washer_dryer\건조기\stg_0091.jpg,1000,1000,dedup_deleted,2026-05-26T14:10:11
건조기,하츠 CCD-2501L 화이트,https://search.shopping.naver.com/catalog/53938450559,https://shopping-phinf.pstatic.net/main_5393845/53938450559.20250923151341.jpg,data\processed\washer_dryer\naver_0129.jpg,750,750,approved,2026-05-26T14:10:13
건조기,대웅모닝컴 DWCD-E2404SJ 블랙,https://search.shopping.naver.com/catalog/54025816180,https://shopping-phinf.pstatic.net/main_5402581/54025816180.20250407145654.jpg,data\processed\washer_dryer\naver_0130.jpg,1000,1000,approved,2026-05-26T14:10:14
건조기,삼성전자 삼성 DV90TA040AE 화이트,https://search.shopping.naver.com/catalog/54024344366,https://shopping-phinf.pstatic.net/main_5402434/54024344366.20250407103124.jpg,data\processed\washer_dryer\naver_0131.jpg,1000,1000,approved,2026-05-26T14:10:14
건조기,LG전자 트롬 RH19VTLN 모던 스테인리스,https://search.shopping.naver.com/catalog/54024879917,https://shopping-phinf.pstatic.net/main_5402487/54024879917.20250407122450.jpg,data\processed\washer_dryer\naver_0132.jpg,1000,1000,approved,2026-05-26T14:10:15
건조기,씨엔컴퍼니 쿠잉 DM-045WH 화이트,https://search.shopping.naver.com/catalog/54027055552,https://shopping-phinf.pstatic.net/main_5402705/54027055552.20250407171404.jpg,data\processed\washer_dryer\naver_0133.jpg,1000,1000,approved,2026-05-26T14:10:15
히트펌프건조기,삼성전자 비스포크 DV80H20D 화이트,https://search.shopping.naver.com/catalog/59192221802,https://shopping-phinf.pstatic.net/main_5919222/59192221802.20260309160133.jpg,data\staging\washer_dryer\히트펌프건조기\stg_0020.jpg,500,500,dedup_deleted,2026-05-26T14:10:25
히트펌프건조기,LG전자 RD22ES 네이처 베이지,https://search.shopping.naver.com/catalog/53624469707,https://shopping-phinf.pstatic.net/main_5362446/53624469707.20250318102738.jpg,data\staging\washer_dryer\히트펌프건조기\stg_0024.jpg,1000,1000,dedup_deleted,2026-05-26T14:10:27
히트펌프건조기,LG전자 트롬 RD25VS 모던 스테인리스,https://search.shopping.naver.com/catalog/57751077776,https://shopping-phinf.pstatic.net/main_5775107/57751077776.20251113094345.jpg,data\staging\washer_dryer\히트펌프건조기\stg_0025.jpg,350,350,dedup_deleted,2026-05-26T14:10:27
히트펌프건조기,LG전자 트롬 RG18WNT 릴리 화이트,https://search.shopping.naver.com/catalog/54486886671,https://shopping-phinf.pstatic.net/main_5448688/54486886671.20251015225549.jpg,data\staging\washer_dryer\히트펌프건조기\stg_0027.jpg,350,350,dedup_deleted,2026-05-26T14:10:28
히트펌프건조기,LG전자 RD21GN 네이처 그린,https://search.shopping.naver.com/catalog/54025816288,https://shopping-phinf.pstatic.net/main_5402581/54025816288.20250407150408.jpg,data\staging\washer_dryer\히트펌프건조기\stg_0028.jpg,750,750,dedup_deleted,2026-05-26T14:10:29
히트펌프건조기,MIDEA MD200H100B/WW-KRH 화이트,https://search.shopping.naver.com/catalog/54025598684,https://shopping-phinf.pstatic.net/main_5402559/54025598684.20250407142122.jpg,data\processed\washer_dryer\naver_0367.jpg,640,640,approved,2026-05-26T14:10:29
히트펌프건조기,LG전자 트롬 RD25KS 스페이스 블랙,https://search.shopping.naver.com/catalog/57750924175,https://shopping-phinf.pstatic.net/main_5775092/57750924175.20251113093018.jpg,data\staging\washer_dryer\히트펌프건조기\stg_0030.jpg,750,750,dedup_deleted,2026-05-26T14:10:30
히트펌프건조기,LG전자 트롬 RD25AS 아몬드,https://search.shopping.naver.com/catalog/57149436302,https://shopping-phinf.pstatic.net/main_5714943/57149436302.20251010101455.jpg,data\staging\washer_dryer\히트펌프건조기\stg_0031.jpg,350,350,dedup_deleted,2026-05-26T14:10:30
히트펌프건조기,LG전자 트롬 듀얼인버터 빨래건조기 10KG 1등급 RH10WTA 화이트,https://smartstore.naver.com/main/products/11269427844,https://shopping-phinf.pstatic.net/main_8881393/88813938175.jpg,data\staging\washer_dryer\히트펌프건조기\stg_0032.jpg,1000,1000,dedup_deleted,2026-05-26T14:10:30
히트펌프건조기,LG 25년형 트롬 듀얼인버터 히트펌프 건조기 (10kg) 모던 스테인리스,https://smartstore.naver.com/main/products/13410351251,https://shopping-phinf.pstatic.net/main_9095486/90954861587.jpg,data\processed\washer_dryer\naver_0368.jpg,450,450,approved,2026-05-26T14:10:31
히트펌프건조기,(엘지설치)트롬 건조기 10kg / 듀얼 인버터 히트펌프 화이트 RH10WTA,https://smartstore.naver.com/main/products/11416478250,https://shopping-phinf.pstatic.net/main_8896098/88960988615.jpg,data\staging\washer_dryer\히트펌프건조기\stg_0036.jpg,1000,1000,dedup_deleted,2026-05-26T14:10:33
히트펌프건조기,LG전자 오브제컬렉션 RG20GN 네이처 그린,https://search.shopping.naver.com/catalog/53664813191,https://shopping-phinf.pstatic.net/main_5366481/53664813191.20250320122408.jpg,data\staging\washer_dryer\히트펌프건조기\stg_0037.jpg,350,350,dedup_deleted,2026-05-26T14:10:33
히트펌프건조기,LG 25년형 트롬 듀얼인버터 히트펌프 건조기 (10kg) 화이트,https://smartstore.naver.com/main/products/13412936507,https://shopping-phinf.pstatic.net/main_9095744/90957446843.jpg,data\staging\washer_dryer\히트펌프건조기\stg_0038.jpg,450,450,dedup_deleted,2026-05-26T14:10:34
히트펌프건조기,LG전자 듀얼 인버터 히트펌프 트롬 건조기 10kg 방문설치,https://link.coupang.com/re/PCSNAVERPCSDP?pageKey=1089221185&ctag=1089221185&lptag=l5318733025082&itemId=33280517385&vendorItemId=89096657509&spec=10305197,https://shopping-phinf.pstatic.net/main_4835137/48351374733.216.jpg,data\processed\washer_dryer\naver_0369.jpg,2000,2000,approved,2026-05-26T14:10:35
히트펌프건조기,LG전자 트롬 RD22WS 릴리 화이트,https://search.shopping.naver.com/catalog/53939246280,https://shopping-phinf.pstatic.net/main_5393924/53939246280.20251015224953.jpg,data\staging\washer_dryer\히트펌프건조기\stg_0041.jpg,350,350,dedup_deleted,2026-05-26T14:10:35
히트펌프건조기,LG전자 트롬 RD20ENE 네이처 베이지,https://search.shopping.naver.com/catalog/54488845702,https://shopping-phinf.pstatic.net/main_5448884/54488845702.20251015225730.jpg,data\staging\washer_dryer\히트펌프건조기\stg_0042.jpg,350,350,dedup_deleted,2026-05-26T14:10:36
히트펌프건조기,삼성전자 삼성 DV17CB6600B 화이트,https://search.shopping.naver.com/catalog/53627739254,https://shopping-phinf.pstatic.net/main_5362773/53627739254.20250326154319.jpg,data\staging\washer_dryer\히트펌프건조기\stg_0043.jpg,460,460,dedup_deleted,2026-05-26T14:10:36
히트펌프건조기,LG전자 트롬 RD22KS 블랙 스테인리스,https://search.shopping.naver.com/catalog/53938450214,https://shopping-phinf.pstatic.net/main_5393845/53938450214.20250403114335.jpg,data\staging\washer_dryer\히트펌프건조기\stg_0044.jpg,350,350,dedup_deleted,2026-05-26T14:10:36
히트펌프건조기,LG전자 트롬 RD22VS 모던 스테인리스,https://search.shopping.naver.com/catalog/53625386942,https://shopping-phinf.pstatic.net/main_5362538/53625386942.20251015230316.jpg,data\staging\washer_dryer\히트펌프건조기\stg_0045.jpg,1000,1000,dedup_deleted,2026-05-26T14:10:37
히트펌프건조기,LG전자 오브제컬렉션 RD22GSG 네이처 그린,https://search.shopping.naver.com/catalog/53939532467,https://shopping-phinf.pstatic.net/main_5393953/53939532467.20251015224537.jpg,data\staging\washer_dryer\히트펌프건조기\stg_0046.jpg,350,350,dedup_deleted,2026-05-26T14:10:37
히트펌프건조기,"LG전자 오브제컬렉션 RD20ENE 네이처 베이지(RD20ENE), 방문주기12개월, 의무사용 72개월",https://search.shopping.naver.com/catalog/59190002227,https://shopping-phinf.pstatic.net/main_5919000/59190002227.20260309104734.jpg,data\processed\washer_dryer\naver_0370.jpg,1000,1000,approved,2026-05-26T14:10:38
히트펌프건조기,LG트롬 10KG 듀얼 인버터 히트펌프 건조기렌탈 소형 미니건조기 RH10VTA 5년의무,http://servicebox14.godomall.com/goods/goods_view.php?goodsNo=1000000758&inflow=naver,https://shopping-phinf.pstatic.net/main_3349671/33496718227.1.jpg,data\processed\washer_dryer\naver_0371.jpg,1000,1000,approved,2026-05-26T14:10:38
히트펌프건조기,LG 트롬 듀얼 인버터 히트펌프 건조기 렌탈 16kg RH16VNA 60개월,https://coway3163.cafe24.com/product/detail.html?product_no=881&cate_no=48&display_group=1,https://shopping-phinf.pstatic.net/main_2359725/23597254471.2.jpg,data\processed\washer_dryer\naver_0372.jpg,800,800,approved,2026-05-26T14:10:39
히트펌프건조기,엘지 오브제컬렉션 1등급 트롬건조기 19KG 가정용 업소용 매장용 화이트 RG19WN,https://smartstore.naver.com/main/products/12457036714,https://shopping-phinf.pstatic.net/main_9000154/90001547461.jpg,data\processed\washer_dryer\naver_0373.jpg,1000,1000,approved,2026-05-26T14:10:40
히트펌프건조기,LG전자 트롬 듀얼 인버터 히트펌프 건조기 10kg RH10WTA 화이트 방문설치 1등급 가전 환급 옷 의류 세탁물 빨래 건조,https://link.coupang.com/re/PCSNAVERPCSDP?pageKey=8120198251&ctag=8120198251&lptag=I23031835578&itemId=23031835578&vendorItemId=89096657509&spec=10305197,https://shopping-phinf.pstatic.net/main_4792844/47928445912.216.jpg,data\staging\washer_dryer\히트펌프건조기\stg_0052.jpg,2000,2000,dedup_deleted,2026-05-26T14:10:40
히트펌프건조기,LG 소형 인버터 히트펌프 중고건조기 9kg,https://smartstore.naver.com/main/products/11302489100,https://shopping-phinf.pstatic.net/main_8884699/88846999431.12.jpg,data\staging\washer_dryer\히트펌프건조기\stg_0054.jpg,3024,3024,deleted,2026-05-26T14:10:42
히트펌프건조기,LG 건조기렌탈 10kg 트롬 듀얼 인버터 히트펌프 6년약정 RH10WTA 12개월 방문관리,https://bestrental.shop/shop/item.php?it_id=1738297587,https://shopping-phinf.pstatic.net/main_5367147/53671479282.jpg,data\processed\washer_dryer\naver_0374.jpg,504,618,approved,2026-05-26T14:10:42
히트펌프건조기,"LG전자 트롬 RD20WSQ 릴리 화이트, 방문주기6개월, 의무사용 72개월",https://search.shopping.naver.com/catalog/59190033709,https://shopping-phinf.pstatic.net/main_5919003/59190033709.20260309104958.jpg,data\staging\washer_dryer\히트펌프건조기\stg_0056.jpg,765,753,dedup_deleted,2026-05-26T14:10:43
히트펌프건조기,LG 건조기렌탈 10kg 트롬 듀얼 인버터 히트펌프 빨래건조기 6년약정 RH10WTA 방문관리,https://bestrental.shop/shop/item.php?it_id=1770089432,https://shopping-phinf.pstatic.net/main_5879824/58798246627.jpg,data\staging\washer_dryer\히트펌프건조기\stg_0057.jpg,504,618,dedup_deleted,2026-05-26T14:10:43
히트펌프건조기,"LG전자 트롬 RH10WTA, 방문주기12개월, 의무사용 72개월",https://search.shopping.naver.com/catalog/59154250003,https://shopping-phinf.pstatic.net/main_5915425/59154250003.20260305123619.jpg,data\staging\washer_dryer\히트펌프건조기\stg_0058.jpg,1000,1000,dedup_deleted,2026-05-26T14:10:44
히트펌프건조기,LG전자 RD20GNG-KG 네이처그린,https://search.shopping.naver.com/catalog/54487787242,https://shopping-phinf.pstatic.net/main_5448778/54487787242.20250429120405.jpg,data\staging\washer_dryer\히트펌프건조기\stg_0059.jpg,1000,1000,dedup_deleted,2026-05-26T14:10:44
히트펌프건조기,"LG전자 트롬 RH10VTA 모던 스테인리스, 방문주기12개월, 의무사용 48개월",https://search.shopping.naver.com/catalog/59336038823,https://shopping-phinf.pstatic.net/main_5933603/59336038823.20260321014923.jpg,data\staging\washer_dryer\히트펌프건조기\stg_0060.jpg,1000,1000,dedup_deleted,2026-05-26T14:10:45
히트펌프건조기,LG전자 LG전자 트롬 오브제컬렉션 건조기 RG20WN 20kg,https://link.gmarket.co.kr/gate/pcs?item-no=4015245472&sub-id=1003&service-code=10000003&lcd=100000092,https://shopping-phinf.pstatic.net/main_4931999/49319991228.32.jpg,data\processed\washer_dryer\naver_0375.jpg,600,600,approved,2026-05-26T14:10:46
히트펌프건조기,삼성전자 삼성 AI 건조기 DV21DG8600BW 21kg 화이트 1등급,https://link.gmarket.co.kr/gate/pcs?item-no=4333292941&sub-id=1003&service-code=10000003&lcd=100000092,https://shopping-phinf.pstatic.net/main_5359745/53597452300.10.jpg,data\staging\washer_dryer\히트펌프건조기\stg_0063.jpg,600,600,dedup_deleted,2026-05-26T14:10:46
히트펌프건조기,삼성전자 삼성전자 DV21DG8600BE (세븐),https://link.gmarket.co.kr/gate/pcs?item-no=4729317529&sub-id=1003&service-code=10000003&lcd=100000092,https://shopping-phinf.pstatic.net/main_5968838/59688383096.jpg,data\staging\washer_dryer\히트펌프건조기\stg_0064.jpg,1000,1000,dedup_deleted,2026-05-26T14:10:47
히트펌프건조기,LG전자 듀얼 인버터 히트펌프 트롬 건조기 10kg 방문설치,https://link.coupang.com/re/PCSNAVERPCSDP?pageKey=1089241454&ctag=1089241454&lptag=l331021018421&itemId=33280411110&vendorItemId=89521901169&spec=10305199,https://shopping-phinf.pstatic.net/main_5529248/55292482728.54.jpg,data\processed\washer_dryer\naver_0376.jpg,1000,1000,approved,2026-05-26T14:10:47
히트펌프건조기,[무료배송및설치] LG전자 1등급 듀얼 인버터 히트펌프 트롬 건조기 RH10VTA 10kg,https://smartstore.naver.com/main/products/12095406915,https://shopping-phinf.pstatic.net/main_8963991/89639917620.jpg,data\processed\washer_dryer\naver_0377.jpg,1000,1000,approved,2026-05-26T14:10:48
히트펌프건조기,LG 건조기렌탈 10kg 트롬 듀얼 인버터 히트펌프 모던 스테인리스 6년약정 RH10VTA 12개월 방문관리,https://bestrental.shop/shop/item.php?it_id=1758070192,https://shopping-phinf.pstatic.net/main_5677442/56774428487.jpg,data\staging\washer_dryer\히트펌프건조기\stg_0067.jpg,500,500,dedup_deleted,2026-05-26T14:10:48
히트펌프건조기,LG전자 트롬 오브제컬렉션 듀얼 인버터 히트펌프 건조기 21kg 방문설치,https://link.coupang.com/re/PCSNAVERPCSDP?pageKey=2884990186&ctag=2884990186&lptag=l533273739282&itemId=33239358727&vendorItemId=90957327265&spec=10305197,https://shopping-phinf.pstatic.net/main_5976662/59766629605.jpg,data\staging\washer_dryer\히트펌프건조기\stg_0068.jpg,1000,1000,dedup_deleted,2026-05-26T14:10:49
히트펌프건조기,Little Swan TH100 H36WT용 기존 히트 펌프 건조기 배수 호스,https://smartstore.naver.com/main/products/13507140147,https://shopping-phinf.pstatic.net/main_9105165/91051650499.jpg,data\staging\washer_dryer\히트펌프건조기\stg_0069.jpg,600,600,deleted,2026-05-26T14:10:49
히트펌프건조기,LG 25년형 트롬 듀얼인버터 히트펌프 건조기 (10kg) 1등급 화이트,https://smartstore.naver.com/main/products/12874432016,https://shopping-phinf.pstatic.net/main_9041894/90418943008.jpg,data\staging\washer_dryer\히트펌프건조기\stg_0070.jpg,450,450,dedup_deleted,2026-05-26T14:10:50
히트펌프건조기,LG전자 듀얼 인버터 히트펌프 트롬 건조기 10kg 방문설치,https://smartstore.naver.com/main/products/11319924099,https://shopping-phinf.pstatic.net/main_8886443/88864434430.jpg,data\staging\washer_dryer\히트펌프건조기\stg_0071.jpg,492,492,dedup_deleted,2026-05-26T14:10:51
히트펌프건조기,삼성전자 에어워시+히트펌프 건조기 DV90TA040TE 화이트,https://smartstore.naver.com/main/products/12043940074,https://shopping-phinf.pstatic.net/main_8958845/89588450773.jpg,data\staging\washer_dryer\히트펌프건조기\stg_0072.jpg,640,640,dedup_deleted,2026-05-26T14:10:51
히트펌프건조기,가정용 10kg 히트펌프 건조기 BLDC 가변 주파수 모터,https://link.auction.co.kr/gate/pcs?item-no=F550212729&sub-id=1&service-code=10000003,https://shopping-phinf.pstatic.net/main_5985834/59858349594.jpg,data\staging\washer_dryer\히트펌프건조기\stg_0073.jpg,600,600,deleted,2026-05-26T14:10:52
히트펌프건조기,하이얼 슬라이미 드럼 세탁기 히트 펌프 건조기 터치 버튼 0021800294C에 호환,https://smartstore.naver.com/main/products/13507236554,https://shopping-phinf.pstatic.net/main_9105174/91051746906.jpg,data\staging\washer_dryer\히트펌프건조기\stg_0074.jpg,600,600,deleted,2026-05-26T14:10:52
히트펌프건조기,히트펌프 건조기 필터 스펀지 먼지제거 펠트 호환용,https://smartstore.naver.com/main/products/13448880842,https://shopping-phinf.pstatic.net/main_9099339/90993391194.jpg,data\staging\washer_dryer\히트펌프건조기\stg_0075.jpg,1000,1000,deleted,2026-05-26T14:10:53
히트펌프건조기,ClX 의류 건조기 10kg 초슬림 자동 드럼 히트펌프 건조기,https://www.11st.co.kr/connect/Gateway.tmall?method=Xsite&prdNo=9295046676&tid=1000000061,https://shopping-phinf.pstatic.net/main_5975824/59758240627.jpg,data\staging\washer_dryer\히트펌프건조기\stg_0076.jpg,900,900,deleted,2026-05-26T14:10:54
히트펌프건조기,베코베코 히트펌프 건조기 엘리먼트 메쉬 코튼 콘덴싱 액세서리 필터 블랙 체험복,https://smartstore.naver.com/main/products/13465170461,https://shopping-phinf.pstatic.net/main_9100968/91009680813.jpg,data\staging\washer_dryer\히트펌프건조기\stg_0077.jpg,1000,1000,deleted,2026-05-26T14:10:54
히트펌프건조기,베코베코 히트펌프 건조기 엘리먼트 메쉬 코튼 콘덴싱 액세서리 필터 블랙 체험복,https://smartstore.naver.com/main/products/13346799970,https://shopping-phinf.pstatic.net/main_9089131/90891310302.jpg,data\staging\washer_dryer\히트펌프건조기\stg_0078.jpg,1000,1000,dedup_deleted,2026-05-26T14:10:55
히트펌프건조기,독일 히트펌프 건조기/건조기 필터 스펀지 리필 / 4매,https://smartstore.naver.com/main/products/12754350480,https://shopping-phinf.pstatic.net/main_9029886/90298861429.jpg,data\staging\washer_dryer\히트펌프건조기\stg_0080.jpg,1000,1000,deleted,2026-05-26T14:10:56
히트펌프건조기,CX 가정용 소형 히트 펌프 건조기 드럼,https://smartstore.naver.com/main/products/11565509308,https://shopping-phinf.pstatic.net/main_8911001/89110019714.jpg,data\processed\washer_dryer\naver_0378.jpg,600,600,approved,2026-05-26T14:10:57
히트펌프건조기,삼성 히트펌프 건조기 렌탈 9kg 화이트 DV90TA040KE 60개월,https://coway3163.cafe24.com/product/detail.html?product_no=1340&cate_no=48&display_group=1,https://shopping-phinf.pstatic.net/main_2772088/27720880366.2.jpg,data\processed\washer_dryer\naver_0379.jpg,800,800,approved,2026-05-26T14:10:57
히트펌프건조기,삼성 히트펌프 건조기렌탈 9kg 화이트 DV90TA040KE 3년의무기간,https://rental-all.co.kr/product/detail.html?product_no=6749,https://shopping-phinf.pstatic.net/main_5601531/56015315542.jpg,data\processed\washer_dryer\naver_0380.jpg,1878,1878,approved,2026-05-26T14:10:58
히트펌프건조기,삼성 히트펌프 건조기렌탈 9kg 화이트 DV90TA040KE 5년의무기간,https://rental-all.co.kr/product/detail.html?product_no=6751,https://shopping-phinf.pstatic.net/main_5601529/56015299560.jpg,data\staging\washer_dryer\히트펌프건조기\stg_0084.jpg,1878,1878,dedup_deleted,2026-05-26T14:10:59
히트펌프건조기,삼성 히트펌프 건조기렌탈 9kg 화이트 DV90TA040KE 4년의무기간,https://rental-all.co.kr/product/detail.html?product_no=6750,https://shopping-phinf.pstatic.net/main_5601530/56015308210.jpg,data\staging\washer_dryer\히트펌프건조기\stg_0085.jpg,1878,1878,dedup_deleted,2026-05-26T14:10:59
히트펌프건조기,LG 트롬 히트펌프 건조기 렌탈 16kg 화이트 60개월 RH16WTN,https://cleanrental.cafe24.com/product/detail.html?product_no=396&cate_no=50&display_group=1,https://shopping-phinf.pstatic.net/main_2568219/25682195740.2.jpg,data\processed\washer_dryer\naver_0381.jpg,500,500,approved,2026-05-26T14:11:00
히트펌프건조기,LG 트롬 히트펌프 건조기 렌탈 16kg 화이트 RH16WTN 60개월,https://coway3163.cafe24.com/product/detail.html?product_no=1095&cate_no=48&display_group=1,https://shopping-phinf.pstatic.net/main_2568303/25683039720.2.jpg,data\processed\washer_dryer\naver_0382.jpg,800,800,approved,2026-05-26T14:11:00
히트펌프건조기,삼성전자 비스포크 BESPOKE 그랑데 건조기 AI 22kg (올인원컨트롤) 그레이지(DV22DB8890BE),https://search.shopping.naver.com/catalog/54024216119,https://shopping-phinf.pstatic.net/main_5402421/54024216119.20250408171912.jpg,data\staging\washer_dryer\히트펌프건조기\stg_0088.jpg,500,500,dedup_deleted,2026-05-26T14:11:01
히트펌프건조기,LG 트롬 듀얼 인버터 히트펌프 건조기 10kg 72개월 렌탈 설치비면제,https://www.care-solution.kr/user/product_detail?product_no=202403-1113,https://shopping-phinf.pstatic.net/main_5299829/52998294601.jpg,data\processed\washer_dryer\naver_0383.jpg,640,640,approved,2026-05-26T14:11:01
히트펌프건조기,LG 트롬 듀얼 인버터 히트펌프 건조기 렌탈 14kg 60개월 RH14WNB,https://cleanrental.cafe24.com/product/detail.html?product_no=170&cate_no=50&display_group=1,https://shopping-phinf.pstatic.net/main_2359535/23595352056.2.jpg,data\processed\washer_dryer\naver_0384.jpg,500,500,approved,2026-05-26T14:11:02
히트펌프건조기,LG 트롬 듀얼 인버터 히트펌프 건조기 14kg 렌탈 RH14WNB 60개월,https://coway3163.cafe24.com/product/detail.html?product_no=880&cate_no=48&display_group=1,https://shopping-phinf.pstatic.net/main_2359725/23597254470.2.jpg,data\staging\washer_dryer\히트펌프건조기\stg_0091.jpg,800,800,dedup_deleted,2026-05-26T14:11:03
히트펌프건조기,LG 트롬 히트펌프 건조기 렌탈 16kg 모던스테인리스 RH16VTN 60개월,https://coway3163.cafe24.com/product/detail.html?product_no=1094&cate_no=48&display_group=1,https://shopping-phinf.pstatic.net/main_2568022/25680220383.2.jpg,data\processed\washer_dryer\naver_0385.jpg,800,800,approved,2026-05-26T14:11:03
히트펌프건조기,LG 트롬 듀얼 인버터 히트펌프 건조기 10kg 렌탈 방문관리 72개월약정,https://www.care-solution.kr/user/product_detail?product_no=202403-1126,https://shopping-phinf.pstatic.net/main_5299835/52998357923.jpg,data\processed\washer_dryer\naver_0386.jpg,640,640,approved,2026-05-26T14:11:04
히트펌프건조기,삼성전자 비스포크 DV80H22DDW 화이트,https://search.shopping.naver.com/catalog/59191767726,https://shopping-phinf.pstatic.net/main_5919176/59191767726.20260309150940.jpg,data\processed\washer_dryer\naver_0387.jpg,1000,1000,approved,2026-05-26T14:11:04
히트펌프건조기,LG 트롬 듀얼 인버터 히트펌프 건조기렌탈 10kg 화이트 RH10WTW 3년의무기간,https://rental-all.co.kr/product/detail.html?product_no=5939,https://shopping-phinf.pstatic.net/main_5601531/56015312628.jpg,data\processed\washer_dryer\naver_0388.jpg,662,662,approved,2026-05-26T14:11:05
히트펌프건조기,캔디 후버 오스테인 페이거 하우스 투 히트 펌프 건조기 스폰지 필터 블랙 교체 부품 4 피스,https://smartstore.naver.com/main/products/11564988965,https://shopping-phinf.pstatic.net/main_8910949/89109499371.jpg,data\staging\washer_dryer\히트펌프건조기\stg_0096.jpg,600,600,deleted,2026-05-26T14:11:05
히트펌프건조기,LG 트롬 듀얼 인버터 히트펌프 건조기렌탈 10kg 화이트 RH10WTW 5년의무기간,https://rental-all.co.kr/product/detail.html?product_no=5941,https://shopping-phinf.pstatic.net/main_5601530/56015303305.jpg,data\staging\washer_dryer\히트펌프건조기\stg_0097.jpg,662,662,dedup_deleted,2026-05-26T14:11:06
히트펌프건조기,LG 트롬 듀얼 인버터 히트펌프 건조기렌탈 10kg 화이트 RH10WTW 4년의무기간,https://rental-all.co.kr/product/detail.html?product_no=5940,https://shopping-phinf.pstatic.net/main_5601536/56015367782.jpg,data\staging\washer_dryer\히트펌프건조기\stg_0098.jpg,662,662,dedup_deleted,2026-05-26T14:11:07
히트펌프건조기,히트펌프 건조기 필터 코튼 스펀지 먼지제거 펠트 적용 1매 더블 레이어 스몰필터가 우수,https://smartstore.naver.com/main/products/12769892965,https://shopping-phinf.pstatic.net/main_9031440/90314403914.jpg,data\staging\washer_dryer\히트펌프건조기\stg_0099.jpg,1000,1000,dedup_deleted,2026-05-26T14:11:07
드럼건조기,LG 워시콤보 건조기 세탁기 렌탈 72개월약정 FH25EAE,http://rentaldirect4.cafe24.com/product/detail.html?product_no=2422,https://shopping-phinf.pstatic.net/main_5584728/55847286031.jpg,data\processed\washer_dryer\naver_0156.jpg,2000,2000,approved,2026-05-26T14:11:22
드럼건조기,(삼성설치포함)AI 원바디 세탁기 24kg + 건조기 20kg 워시타워 화이트 WF2420HCWWC,https://smartstore.naver.com/main/products/11021880281,https://shopping-phinf.pstatic.net/main_8856638/88566386488.jpg,data\staging\washer_dryer\드럼건조기\stg_0029.jpg,1000,1000,dedup_deleted,2026-05-26T14:11:22
드럼건조기,원룸 빌트인 트롬 소형 드럼 세탁기 LG전자 미니 건조기 겸용 세탁기 9kg FR9WK,https://smartstore.naver.com/main/products/5172250108,https://shopping-phinf.pstatic.net/main_8271677/82716771252.6.jpg,data\processed\washer_dryer\naver_0159.jpg,1000,1000,approved,2026-05-26T14:11:24
드럼건조기,LG 오브제 컬렉션 워시타워 세탁 25kg + 건조 21kg 트루스팀 네이처 베이지,https://smartstore.naver.com/main/products/7696824794,https://shopping-phinf.pstatic.net/main_8524132/85241325116.1.jpg,data\staging\washer_dryer\드럼건조기\stg_0034.jpg,1284,1253,deleted,2026-05-26T14:11:25
드럼건조기,엘지 트롬 건조겸용 드럼세탁기 16kg / 8.5kg,https://link.coupang.com/re/PCSNAVERPCSDP?pageKey=9521993261&ctag=9521993261&lptag=I28386674158&itemId=28386674158&vendorItemId=95338223805&spec=10305199,https://shopping-phinf.pstatic.net/main_5988890/59888906164.jpg,data\processed\washer_dryer\naver_0161.jpg,1000,1000,approved,2026-05-26T14:11:25
드럼건조기,LG 트롬 소형 드럼 세탁기 원룸 오피스텔 일체형 건조기 겸용 세탁기 9kg,https://smartstore.naver.com/main/products/11166866927,https://shopping-phinf.pstatic.net/main_8871137/88711377249.2.jpg,data\processed\washer_dryer\naver_0162.jpg,1000,1000,approved,2026-05-26T14:11:26
드럼건조기,LG 워시콤보 건조기 세탁기 렌탈 72개월의무 12개월방문관리 FH25GAG,https://rentalstores.cafe24.com/product/detail.html?product_no=10497,https://shopping-phinf.pstatic.net/main_5867077/58670779902.jpg,data\processed\washer_dryer\naver_0163.jpg,1890,1890,approved,2026-05-26T14:11:26
드럼건조기,LG전자 오브제컬렉션 워시타워 W20GEAN 세탁기 23kg + 건조기 20kg 방문설치,https://link.coupang.com/re/PCSNAVERPCSDP?pageKey=6764223156&ctag=6764223156&lptag=l344240606918&itemId=44140069368&vendorItemId=82638815568&spec=10305199,https://shopping-phinf.pstatic.net/main_5976378/59763784248.1.jpg,data\processed\washer_dryer\naver_0165.jpg,1000,1000,approved,2026-05-26T14:11:27
드럼건조기,LG전자 트롬 F19WDWPR 화이트,https://search.shopping.naver.com/catalog/59202384429,https://shopping-phinf.pstatic.net/main_5920238/59202384429.20260310120526.jpg,data\processed\washer_dryer\naver_0166.jpg,500,500,approved,2026-05-26T14:11:28
드럼건조기,LG전자 오브제컬렉션 워시타워 W20GEAN 세탁기 23kg + 건조기 20kg 방문설치,https://link.coupang.com/re/PCSNAVERPCSDP?pageKey=6764223156&ctag=6764223156&lptag=l702691081541&itemId=50184761190&vendorItemId=82626701248&spec=10305197,https://shopping-phinf.pstatic.net/main_5976672/59766723522.jpg,data\processed\washer_dryer\naver_0167.jpg,2000,2000,approved,2026-05-26T14:11:28
드럼건조기,삼성전자 비스포크AI콤보 WD80H25BHYN1 그레이지,https://search.shopping.naver.com/catalog/60001227990,https://shopping-phinf.pstatic.net/main_6000122/60001227990.20260511170410.jpg,data\processed\washer_dryer\naver_0168.jpg,1000,1000,approved,2026-05-26T14:11:29
드럼건조기,삼성전자 비스포크AI콤보 WD80H25BHS 다크스틸,https://search.shopping.naver.com/catalog/59746895660,https://shopping-phinf.pstatic.net/main_5974689/59746895660.20260421141811.jpg,data\processed\washer_dryer\naver_0170.jpg,600,600,approved,2026-05-26T14:11:30
드럼건조기,LG 세탁기건조기 겸용 일체형 드럼 세탁건조기 9kg,https://smartstore.naver.com/main/products/12177449624,https://shopping-phinf.pstatic.net/main_8972196/89721960329.jpg,data\processed\washer_dryer\naver_0171.jpg,600,600,approved,2026-05-26T14:11:30
드럼건조기,삼성 세탁기 렌탈 60개월약정 WF21D17CWWC,https://rentaldirect4.cafe24.com/product/detail.html?product_no=2553,https://shopping-phinf.pstatic.net/main_5545282/55452820318.jpg,data\staging\washer_dryer\드럼건조기\stg_0046.jpg,2000,2000,deleted,2026-05-26T14:11:31
드럼건조기,LG 트롬 AI 오브제컬렉션 워시타워 세탁 25kg + 건조 25kg 네이비/그레이,https://smartstore.naver.com/main/products/12095492469,https://shopping-phinf.pstatic.net/main_8964000/89640003174.jpg,data\staging\washer_dryer\드럼건조기\stg_0047.jpg,1284,1307,deleted,2026-05-26T14:11:31
드럼건조기,LG전자 세탁기+건조기 일체형 세탁건조 겸용,https://smartstore.naver.com/main/products/10798962024,https://shopping-phinf.pstatic.net/main_8834346/88343468014.1.jpg,data\staging\washer_dryer\드럼건조기\stg_0048.jpg,600,600,dedup_deleted,2026-05-26T14:11:31
드럼건조기,엘지 트롬 오브제컬렉션 일체형 세탁23kg 건조20kg 워시타워 원바디 그린 W20GGAN,https://smartstore.naver.com/main/products/11984197079,https://shopping-phinf.pstatic.net/main_8952870/89528707767.jpg,data\staging\washer_dryer\드럼건조기\stg_0049.jpg,1000,1000,deleted,2026-05-26T14:11:32
드럼건조기,"[소상공인 정부지원 40% 환급] 이노스 젠틀그라파이트 올인원 세탁기 건조기 일체형 세탁 10kg, 건조 7kg 방문설치",https://smartstore.naver.com/main/products/13558012159,https://shopping-phinf.pstatic.net/main_9110252/91102522526.jpg,data\processed\washer_dryer\naver_0172.jpg,1000,1000,approved,2026-05-26T14:11:32
드럼건조기,삼성 빌트인 소형 드럼 세탁기 건조기겸용 9KG WD40F09N0Y 원룸 오피스텔,https://smartstore.naver.com/main/products/12574306962,https://shopping-phinf.pstatic.net/main_9011881/90118817815.jpg,data\processed\washer_dryer\naver_0173.jpg,1000,1000,approved,2026-05-26T14:11:33
드럼건조기,삼성전자 삼성 WD80R3320KW 화이트,https://search.shopping.naver.com/catalog/53807148021,https://shopping-phinf.pstatic.net/main_5380714/53807148021.20250327161409.jpg,data\staging\washer_dryer\드럼건조기\stg_0053.jpg,500,500,dedup_deleted,2026-05-26T14:11:34
드럼건조기,삼성전자 삼성 WD40F09N0Y 화이트,https://search.shopping.naver.com/catalog/59943655994,https://shopping-phinf.pstatic.net/main_5994365/59943655994.20260506160458.jpg,data\staging\washer_dryer\드럼건조기\stg_0054.jpg,500,500,dedup_deleted,2026-05-26T14:11:34
드럼건조기,삼성전자 비스포크AI콤보 25/15kg 다크스틸(WD25DB8995BZ),https://search.shopping.naver.com/catalog/53901248381,https://shopping-phinf.pstatic.net/main_5390124/53901248381.20250401150646.jpg,data\processed\washer_dryer\naver_0175.jpg,1000,1000,approved,2026-05-26T14:11:35
드럼건조기,LG 트롬 드럼 세탁기+건조기 겸용 오피스텔 원룸 건조겸용세탁기 9kg 빌트인 FR9WPB,https://smartstore.naver.com/main/products/10142293636,https://shopping-phinf.pstatic.net/main_8768679/87686796837.2.jpg,data\processed\washer_dryer\naver_0176.jpg,1000,1000,approved,2026-05-26T14:11:35
드럼건조기,삼성전자 (현대Hmall)삼성 비스포크 AI콤보 세탁건조기 WD90H25AHY 본사직배설치,https://link.gmarket.co.kr/gate/pcs?item-no=4750913001&sub-id=1003&service-code=10000003&lcd=100000092,https://shopping-phinf.pstatic.net/main_6000075/60000753239.jpg,data\processed\washer_dryer\naver_0177.jpg,600,600,approved,2026-05-26T14:11:36
드럼건조기,삼성전자 삼성 WF25DG8650BE 그레이지,https://search.shopping.naver.com/catalog/53871857410,https://shopping-phinf.pstatic.net/main_5387185/53871857410.20250331084249.jpg,data\staging\washer_dryer\드럼건조기\stg_0061.jpg,1000,1000,dedup_deleted,2026-05-26T14:11:38
드럼건조기,삼성전자 비스포크 AI 원바디 WF90F21GBT + DV90F20BBT 21kg+20kg 실버스틸 세탁기 건조기 세트 방문설치,https://link.coupang.com/re/PCSNAVERPCSDP?pageKey=9039311394&ctag=9039311394&lptag=I26520370444&itemId=26520370444&vendorItemId=93494739685&spec=10305197,https://shopping-phinf.pstatic.net/main_5878410/58784100306.jpg,data\staging\washer_dryer\드럼건조기\stg_0062.jpg,1000,1000,deleted,2026-05-26T14:11:38
드럼건조기,LG전자 오브제컬렉션 FH25EAE,https://search.shopping.naver.com/catalog/56244544680,https://shopping-phinf.pstatic.net/main_5624454/56244544680.20250814103120.jpg,data\staging\washer_dryer\드럼건조기\stg_0063.jpg,500,500,dedup_deleted,2026-05-26T14:11:38
드럼건조기,삼성전자 비스포크 WD25DB8690BE 그레이지,https://search.shopping.naver.com/catalog/53528948892,https://shopping-phinf.pstatic.net/main_5352894/53528948892.20250313123116.jpg,data\processed\washer_dryer\naver_0180.jpg,892,684,approved,2026-05-26T14:11:39
드럼건조기,LG전자 워시콤보 FH25VA 스테인리스,https://search.shopping.naver.com/catalog/55797272612,https://shopping-phinf.pstatic.net/main_5579727/55797272612.20251015225657.jpg,data\staging\washer_dryer\드럼건조기\stg_0065.jpg,350,350,dedup_deleted,2026-05-26T14:11:39
드럼건조기,LG전자 25년 신모델 트롬 건조겸용 FY9WT 일반 드럼세탁기 원룸세탁기 오피스텔 9KG,https://smartstore.naver.com/main/products/11433412129,https://shopping-phinf.pstatic.net/main_8897792/88977922494.jpg,data\processed\washer_dryer\naver_0181.jpg,1000,1000,approved,2026-05-26T14:11:40
드럼건조기,중고드럼세탁기 건조기 냉장고 AAA급선별,https://smartstore.naver.com/main/products/6009255577,https://shopping-phinf.pstatic.net/main_8355375/83553755065.1.jpg,data\processed\washer_dryer\naver_0183.jpg,2598,3344,approved,2026-05-26T14:11:41
드럼건조기,LG전자 LG전자 오브제 워시콤보 FH25WAX 세탁25kg 건조15kg 미니워시 4kg,https://link.gmarket.co.kr/gate/pcs?item-no=4081006956&sub-id=1003&service-code=10000003&lcd=100000092,https://shopping-phinf.pstatic.net/main_4978116/49781165209.54.jpg,data\processed\washer_dryer\naver_0185.jpg,600,600,approved,2026-05-26T14:11:42
드럼건조기,LG 워시콤보+미니워시 3in1 FH25WAX (FH25WA+FX4WC),https://smartstore.naver.com/main/products/10740796455,https://shopping-phinf.pstatic.net/main_8828530/88285302377.22.jpg,data\staging\washer_dryer\드럼건조기\stg_0071.jpg,1000,1000,dedup_deleted,2026-05-26T14:11:42
드럼건조기,LG전자 RG18EN + FX4EC (RG18ENX) 네이처 베이지,https://search.shopping.naver.com/catalog/53807135021,https://shopping-phinf.pstatic.net/main_5380713/53807135021.20250327154701.jpg,data\staging\washer_dryer\드럼건조기\stg_0072.jpg,500,500,dedup_deleted,2026-05-26T14:11:43
드럼건조기,삼성 비스포크 AI콤보 세탁25kg 건조18kg 일체형 WD90F25CHB,https://smartstore.naver.com/main/products/11359586580,https://shopping-phinf.pstatic.net/main_8890409/88904096931.5.jpg,data\processed\washer_dryer\naver_0186.jpg,1000,1000,approved,2026-05-26T14:11:43
드럼건조기,삼성전자 삼성 AI 세탁기25kg WF25DG8650BW 화이트 1등급,https://link.gmarket.co.kr/gate/pcs?item-no=4332887988&sub-id=1003&service-code=10000003&lcd=100000092,https://shopping-phinf.pstatic.net/main_5324685/53246850714.40.jpg,data\staging\washer_dryer\드럼건조기\stg_0074.jpg,600,600,dedup_deleted,2026-05-26T14:11:44
드럼건조기,LG전자 25년 신모델 트롬 건조겸용 FY9WTB 빌트인 드럼세탁기 원룸 오피스텔 9KG,https://smartstore.naver.com/main/products/11391029135,https://shopping-phinf.pstatic.net/main_8893553/88935539500.jpg,data\processed\washer_dryer\naver_0187.jpg,1000,1000,approved,2026-05-26T14:11:44
드럼건조기,삼성 비스코프 세탁기 콤보 AI자동세제투입 25+18kg 워시콤보 올인원 그레이지,https://smartstore.naver.com/main/products/11838609853,https://shopping-phinf.pstatic.net/main_8938312/89383120446.3.jpg,data\processed\washer_dryer\naver_0188.jpg,1080,1080,approved,2026-05-26T14:11:45
드럼건조기,삼성전자 비스포크AI WF80H21GD 다크스틸(WF80H21GDS),https://search.shopping.naver.com/catalog/60038942851,https://shopping-phinf.pstatic.net/main_6003894/60038942851.20260514123901.jpg,data\processed\washer_dryer\naver_0189.jpg,566,617,approved,2026-05-26T14:11:45
드럼건조기,LG 트롬 드럼 건조기19kg 엘지건조기 오브제컬렉션 화이트 FG19WN,https://smartstore.naver.com/main/products/13100611870,https://shopping-phinf.pstatic.net/main_9064512/90645122962.jpg,data\staging\washer_dryer\드럼건조기\stg_0078.jpg,600,600,dedup_deleted,2026-05-26T14:11:45
드럼건조기,LG전자 트롬 빌트인 원룸 세탁기 9kg 신모델 F9WTBQ,https://smartstore.naver.com/main/products/6873139648,https://shopping-phinf.pstatic.net/main_8441763/84417639970.4.jpg,data\processed\washer_dryer\naver_0190.jpg,1024,1024,approved,2026-05-26T14:11:46
드럼건조기,[전국설치]LG 트롬 드럼세탁기9키로 FY9WT 빌트인 신모델 건조기겸용트롬 인증점,https://smartstore.naver.com/main/products/7275861696,https://shopping-phinf.pstatic.net/main_8482036/84820362018.6.jpg,data\processed\washer_dryer\naver_0191.jpg,1000,1000,approved,2026-05-26T14:11:46
드럼건조기,삼성 드럼 세탁기 렌탈 그랑데 21kg WF21T6000KV 5년약정,http://hothae33.rentbiz.kr/shop/view.php?index_no=13504,https://shopping-phinf.pstatic.net/main_5147209/51472096478.jpg,data\processed\washer_dryer\naver_0192.jpg,600,600,approved,2026-05-26T14:11:47
드럼건조기,삼성 비스코프 AI 워시 콤보 올인원 세탁기건조기일체형 25kg 15kg 1등급 그레이지,https://smartstore.naver.com/main/products/12427833955,https://shopping-phinf.pstatic.net/main_8997234/89972344702.jpg,data\staging\washer_dryer\드럼건조기\stg_0082.jpg,1000,1000,dedup_deleted,2026-05-26T14:11:47
드럼건조기,LG 트롬 세탁기 12kg 건조기 10kg 올인원 일체형 1등급 드럼 AI 2024년형,https://smartstore.naver.com/main/products/11215118902,https://shopping-phinf.pstatic.net/main_8875962/88759629233.jpg,data\staging\washer_dryer\드럼건조기\stg_0083.jpg,1000,1000,deleted,2026-05-26T14:11:48
드럼건조기,"LG전자 워시콤보 FH25GAG, 방문주기12개월, 의무사용 72개월",https://search.shopping.naver.com/catalog/59126733074,https://shopping-phinf.pstatic.net/main_5912673/59126733074.20260303120405.jpg,data\staging\washer_dryer\드럼건조기\stg_0084.jpg,1000,1000,dedup_deleted,2026-05-26T14:11:48
드럼건조기,LG전자 트롬 오브제컬렉션 세탁기 건조기 세트 24kg+20kg FX24GNGRENE 방문설치 세탁건조기 콤보,https://link.coupang.com/re/PCSNAVERPCSDP?pageKey=9452299464&ctag=9452299464&lptag=I28120729046&itemId=28120729046&vendorItemId=95076558903&spec=10305197,https://shopping-phinf.pstatic.net/main_5947177/59471771477.1.jpg,data\staging\washer_dryer\드럼건조기\stg_0085.jpg,1000,1000,dedup_deleted,2026-05-26T14:11:49
드럼건조기,LG전자 트롬 세탁기건조기일체형 9kg 드럼세탁기 가정용 원룸 건조겸용세탁기,https://smartstore.naver.com/main/products/10486519321,https://shopping-phinf.pstatic.net/main_8803102/88031024622.4.jpg,data\staging\washer_dryer\드럼건조기\stg_0086.jpg,1024,1024,deleted,2026-05-26T14:11:49
드럼건조기,삼성/LG 드럼세탁기 14kg+ 건조기 14kg 세트,https://smartstore.naver.com/main/products/13100435006,https://shopping-phinf.pstatic.net/main_9064494/90644946098.jpg,data\staging\washer_dryer\드럼건조기\stg_0087.jpg,1000,1000,deleted,2026-05-26T14:11:50
드럼건조기,삼성전자 비스포크 WD90H25BHBN1 블랙캐비어 (WD90H25BHB),https://search.shopping.naver.com/catalog/60116163899,https://shopping-phinf.pstatic.net/main_6011616/60116163899.20260520172347.jpg,data\staging\washer_dryer\드럼건조기\stg_0088.jpg,1000,1000,dedup_deleted,2026-05-26T14:11:50
드럼건조기,삼성 2025 신모델 비스포크 드럼 세탁기+건조기겸용 빌트인 건조겸용세탁기 25kg,https://smartstore.naver.com/main/products/13429140205,https://shopping-phinf.pstatic.net/main_9097365/90973650541.jpg,data\staging\washer_dryer\드럼건조기\stg_0089.jpg,492,492,dedup_deleted,2026-05-26T14:11:51
드럼건조기,삼성전자 그랑데AI 원바디 타워형 세탁기 25kg 건조기 22kg 가정용 드럼세탁건조기,https://smartstore.naver.com/main/products/12343968415,https://shopping-phinf.pstatic.net/main_8988847/89888479132.jpg,data\staging\washer_dryer\드럼건조기\stg_0090.jpg,800,800,deleted,2026-05-26T14:11:52
드럼건조기,삼성 건조 겸용 빌트인 세탁기 WD40F09N0Y 9KG,https://smartstore.naver.com/main/products/12375306698,https://shopping-phinf.pstatic.net/main_8991981/89919817415.jpg,data\staging\washer_dryer\드럼건조기\stg_0091.jpg,1000,1000,dedup_deleted,2026-05-26T14:11:52
드럼건조기,LG전자 워시콤보 FH24ENE 네이처 베이지,https://search.shopping.naver.com/catalog/58034584953,https://shopping-phinf.pstatic.net/main_5803458/58034584953.20251205165845.jpg,data\staging\washer_dryer\드럼건조기\stg_0092.jpg,500,500,dedup_deleted,2026-05-26T14:11:53
드럼건조기,[전국배송] LG트롬 워시콤보 올인원 세탁건조기 FH25EA+FX4EC (FH25EAX),https://smartstore.naver.com/main/products/13176520987,https://shopping-phinf.pstatic.net/main_9072103/90721032084.1.jpg,data\processed\washer_dryer\naver_0193.jpg,1155,1006,approved,2026-05-26T14:11:53
드럼건조기,LG전자 LG시그니처 FH25LMTH 리얼스테인리스,https://search.shopping.naver.com/catalog/53872737198,https://shopping-phinf.pstatic.net/main_5387273/53872737198.20250331101325.jpg,data\processed\washer_dryer\naver_0194.jpg,350,350,approved,2026-05-26T14:11:54
드럼건조기,삼성 8kg 드럼 빌트인 전용 건조겸용 세탁기 건조기일체형 WD80R3320KW,https://smartstore.naver.com/main/products/6998683385,https://shopping-phinf.pstatic.net/main_8454318/84543183707.jpg,data\processed\washer_dryer\naver_0195.jpg,1080,1080,approved,2026-05-26T14:11:54
드럼건조기,삼성 비스포크 워시콤보 1등급 세탁기 건조기 일체형,https://smartstore.naver.com/main/products/13340293851,https://shopping-phinf.pstatic.net/main_9088480/90884804183.jpg,data\processed\washer_dryer\naver_0196.jpg,1024,1024,approved,2026-05-26T14:11:55
드럼건조기,삼성 AI 콤보 세탁기 렌탈 25+18kg WD90F25CHY 60개월의무,http://inssar.rentbiz.kr/shop/view.php?index_no=19589,https://shopping-phinf.pstatic.net/main_5991952/59919523124.jpg,data\processed\washer_dryer\naver_0197.jpg,600,600,approved,2026-05-26T14:11:55
드럼건조기,LG전자 트롬 9KG 세탁건조기일체형 드럼세탁기 가정용 원룸 빌트인 건조겸용세탁기,https://smartstore.naver.com/main/products/10477454165,https://shopping-phinf.pstatic.net/main_8802195/88021959466.1.jpg,data\processed\washer_dryer\naver_0198.jpg,800,800,approved,2026-05-26T14:11:56
드럼건조기,지멘스 드럼 건조기 9000873271 마더 보드 세탁기,https://link.gmarket.co.kr/gate/pcs?item-no=4052077463&sub-id=1003&service-code=10000003&lcd=100000092,https://shopping-phinf.pstatic.net/main_6010774/60107749719.jpg,data\staging\washer_dryer\드럼건조기\stg_0099.jpg,600,600,deleted,2026-05-26T14:11:56
삼성 건조기,삼성전자 삼성 AI 건조기 21kg 그레이지(DV21DG8600BE),https://search.shopping.naver.com/catalog/53940871291,https://shopping-phinf.pstatic.net/main_5394087/53940871291.20250408170918.jpg,data\staging\washer_dryer\삼성_건조기\stg_0000.jpg,500,500,dedup_deleted,2026-05-26T14:11:57
삼성 건조기,삼성 건조기 렌탈 그랑데 AI 60개월약정 DV17T8740BP,https://rentalstores.cafe24.com/product/detail.html?product_no=4529,https://shopping-phinf.pstatic.net/main_5867077/58670778792.jpg,data\staging\washer_dryer\삼성_건조기\stg_0001.jpg,1890,1890,dedup_deleted,2026-05-26T14:11:58
삼성 건조기,삼성전자 삼성 DV21DG8200B 화이트(DV21DG8200BW),https://search.shopping.naver.com/catalog/59676059859,https://shopping-phinf.pstatic.net/main_5967605/59676059859.20260415160325.jpg,data\staging\washer_dryer\삼성_건조기\stg_0003.jpg,500,500,dedup_deleted,2026-05-26T14:11:59
삼성 건조기,(삼성설치)히트펌프 건조기 9kg 화이트 DV90TA040TE 실내가능,https://smartstore.naver.com/main/products/11082334243,https://shopping-phinf.pstatic.net/main_8862684/88626844565.2.jpg,data\staging\washer_dryer\삼성_건조기\stg_0004.jpg,1000,1000,dedup_deleted,2026-05-26T14:11:59
삼성 건조기,삼성 건조기 렌탈 60개월약정 DV17T8740BPP,https://rentaldirect4.cafe24.com/product/detail.html?product_no=9338,https://shopping-phinf.pstatic.net/main_5781417/57814172998.jpg,data\staging\washer_dryer\삼성_건조기\stg_0005.jpg,2000,2000,dedup_deleted,2026-05-26T14:12:00
삼성 건조기,삼성 건조기 렌탈 비스포크 그랑데 AI 60개월약정 DV20CB8800BW,https://rentalstores.cafe24.com/product/detail.html?product_no=9742,https://shopping-phinf.pstatic.net/main_5867077/58670778479.jpg,data\staging\washer_dryer\삼성_건조기\stg_0006.jpg,1890,1890,dedup_deleted,2026-05-26T14:12:00
삼성 건조기,삼성 건조기 렌탈 60개월약정 DV20CB8800BWR,https://rentaldirect4.cafe24.com/product/detail.html?product_no=10199,https://shopping-phinf.pstatic.net/main_5781415/57814152689.jpg,data\staging\washer_dryer\삼성_건조기\stg_0007.jpg,2000,2000,dedup_deleted,2026-05-26T14:12:01
삼성 건조기,삼성전자 삼성 DV90T5540BV 블랙 케비어,https://search.shopping.naver.com/catalog/53509044620,https://shopping-phinf.pstatic.net/main_5350904/53509044620.20250312145942.jpg,data\staging\washer_dryer\삼성_건조기\stg_0008.jpg,1000,1000,dedup_deleted,2026-05-26T14:12:01
삼성 건조기,삼성전자 비스포크 BESPOKE 그랑데 건조기 AI 20kg (올인원컨트롤)   그레이지(DV20CB8890BE),https://search.shopping.naver.com/catalog/54024876194,https://shopping-phinf.pstatic.net/main_5402487/54024876194.20250408172641.jpg,data\staging\washer_dryer\삼성_건조기\stg_0010.jpg,500,500,dedup_deleted,2026-05-26T14:12:02
삼성 건조기,(삼성설치포함)1등급 AI 건조기 21kg 블랙캐비어 DV21DG8200BV,https://smartstore.naver.com/main/products/12608231831,https://shopping-phinf.pstatic.net/main_9015274/90152742687.jpg,data\staging\washer_dryer\삼성_건조기\stg_0011.jpg,1000,1000,dedup_deleted,2026-05-26T14:12:03
삼성 건조기,삼성전자 삼성 DV90TA040KE 화이트,https://search.shopping.naver.com/catalog/53596421245,https://shopping-phinf.pstatic.net/main_5359642/53596421245.20250317104542.jpg,data\staging\washer_dryer\삼성_건조기\stg_0012.jpg,707,600,dedup_deleted,2026-05-26T14:12:03
삼성 건조기,삼성 건조기21kg 대형 ai 드럼건조기 열풍건조 화이트,https://smartstore.naver.com/main/products/12276132236,https://shopping-phinf.pstatic.net/main_8982064/89820642952.jpg,data\staging\washer_dryer\삼성_건조기\stg_0013.jpg,600,600,dedup_deleted,2026-05-26T14:12:04
삼성 건조기,삼성건조기9KG 미니 건조기 빨래 수건 원룸 DV90TA040KE 1인,https://smartstore.naver.com/main/products/12215617703,https://shopping-phinf.pstatic.net/main_8976012/89760128408.1.jpg,data\processed\washer_dryer\naver_0250.jpg,1080,1080,approved,2026-05-26T14:12:04
삼성 건조기,삼성 건조기9KG 소형 건조기 빨래 건조기 1인 원룸 히트펌프 화이트,https://smartstore.naver.com/main/products/11387344633,https://shopping-phinf.pstatic.net/main_8893185/88931854998.jpg,data\staging\washer_dryer\삼성_건조기\stg_0015.jpg,600,600,dedup_deleted,2026-05-26T14:12:05
삼성 건조기,삼성전자 그랑데AI DV90T5440KW 화이트,https://search.shopping.naver.com/catalog/53530244150,https://shopping-phinf.pstatic.net/main_5353024/53530244150.20250313151957.jpg,data\staging\washer_dryer\삼성_건조기\stg_0016.jpg,1000,1000,dedup_deleted,2026-05-26T14:12:05
삼성 건조기,삼성전자 삼성 DV90TA040TE 화이트,https://search.shopping.naver.com/catalog/53530132028,https://shopping-phinf.pstatic.net/main_5353013/53530132028.20250313151021.jpg,data\staging\washer_dryer\삼성_건조기\stg_0017.jpg,1000,1000,dedup_deleted,2026-05-26T14:12:06
삼성 건조기,삼성 건조기17KG 1등급 그랑데 AI 드럼건조기,https://smartstore.naver.com/main/products/8722736570,https://shopping-phinf.pstatic.net/main_8626723/86267236893.2.jpg,data\processed\washer_dryer\naver_0251.jpg,600,600,approved,2026-05-26T14:12:06
삼성 건조기,삼성전자 비스포크AI DV90F22CDS 그레이지(DV90F22CDY),https://search.shopping.naver.com/catalog/56454648333,https://shopping-phinf.pstatic.net/main_5645464/56454648333.20250827120141.jpg,data\staging\washer_dryer\삼성_건조기\stg_0019.jpg,500,500,dedup_deleted,2026-05-26T14:12:06
삼성 건조기,삼성전자 AI 건조기 상단 설치 키트 SKK-ATE,https://www.samsung.com/sec/living-accessories/accessory-skk-atw-d2c2/SKK-ATE/?samsungstore=000201,https://shopping-phinf.pstatic.net/main_5603392/56033929400.2.jpg,data\processed\washer_dryer\naver_0252.jpg,802,615,approved,2026-05-26T14:12:07
삼성 건조기,삼성 건조기 렌탈 AI 21Kg DV21DG8600BV 5년의무구독,http://inssar.rentbiz.kr/shop/view.php?index_no=20391,https://shopping-phinf.pstatic.net/main_5729134/57291341968.jpg,data\staging\washer_dryer\삼성_건조기\stg_0022.jpg,600,600,dedup_deleted,2026-05-26T14:12:08
삼성 건조기,삼성전자 비스포크 그랑데AI 1등급 건조기 17kg 화이트 DV17CB6600BW,https://smartstore.naver.com/main/products/9866404771,https://shopping-phinf.pstatic.net/main_8741090/87410907044.4.jpg,data\staging\washer_dryer\삼성_건조기\stg_0023.jpg,1000,1000,dedup_deleted,2026-05-26T14:12:08
삼성 건조기,삼성 비스포크 그랑데 건조기 AI 슬림 10kg DV10BB8440GH 1등급 화이트 방문설치,https://smartstore.naver.com/main/products/13128677929,https://shopping-phinf.pstatic.net/main_9067318/90673189019.jpg,data\processed\washer_dryer\naver_0253.jpg,1000,1000,approved,2026-05-26T14:12:09
삼성 건조기,삼성전자 AI 건조기 21kg 방문설치,https://link.coupang.com/re/PCSNAVERPCSDP?pageKey=6385495067&ctag=6385495067&lptag=l820266984375&itemId=58240667839&vendorItemId=92090282782&spec=10305197,https://shopping-phinf.pstatic.net/main_5976683/59766835987.jpg,data\staging\washer_dryer\삼성_건조기\stg_0026.jpg,1000,1000,dedup_deleted,2026-05-26T14:12:10
삼성 건조기,삼성전자 그랑데 DV17T8520BV 블랙 케비어,https://search.shopping.naver.com/catalog/53509044599,https://shopping-phinf.pstatic.net/main_5350904/53509044599.20250911133435.jpg,data\staging\washer_dryer\삼성_건조기\stg_0027.jpg,900,900,dedup_deleted,2026-05-26T14:12:10
삼성 건조기,삼성 건조기 렌탈 9kg DV90T5540BV 60개월약정,http://inssar.rentbiz.kr/shop/view.php?index_no=8752,https://shopping-phinf.pstatic.net/main_4907757/49077579381.jpg,data\staging\washer_dryer\삼성_건조기\stg_0028.jpg,600,600,dedup_deleted,2026-05-26T14:12:11
삼성 건조기,삼성전자 비스포크 그랑데 건조기 AI 20kg 화이트(DV20CB8600BW),https://search.shopping.naver.com/catalog/53755961892,https://shopping-phinf.pstatic.net/main_5375596/53755961892.20250325161310.jpg,data\staging\washer_dryer\삼성_건조기\stg_0029.jpg,500,500,dedup_deleted,2026-05-26T14:12:11
삼성 건조기,삼성 건조기 9kg 초고속 살균 블랙 캐비어,https://smartstore.naver.com/main/products/11852572249,https://shopping-phinf.pstatic.net/main_8939708/89397082843.jpg,data\processed\washer_dryer\naver_0254.jpg,1536,1024,approved,2026-05-26T14:12:11
삼성 건조기,삼성 9KG 미니건조기 소형 DV90TA040KE 원룸 수건,https://smartstore.naver.com/main/products/11734533472,https://shopping-phinf.pstatic.net/main_8927904/89279043971.jpg,data\processed\washer_dryer\naver_0255.jpg,1080,1080,approved,2026-05-26T14:12:12
삼성 건조기,삼성전자 AI 건조기 21kg 방문설치,https://link.coupang.com/re/PCSNAVERPCSDP?pageKey=6385495067&ctag=6385495067&lptag=l246285608669&itemId=58240666869&vendorItemId=92090282778&spec=10305197,https://shopping-phinf.pstatic.net/main_5976739/59767397932.jpg,data\staging\washer_dryer\삼성_건조기\stg_0032.jpg,1000,1000,dedup_deleted,2026-05-26T14:12:12
삼성 건조기,삼성전자 그랑데 건조기 AI 19kg 화이트(DV19T8745BW),https://search.shopping.naver.com/catalog/55133816066,https://shopping-phinf.pstatic.net/main_5513381/55133816066.20250605143348.jpg,data\staging\washer_dryer\삼성_건조기\stg_0033.jpg,300,300,dedup_deleted,2026-05-26T14:12:13
삼성 건조기,삼성 건조기 렌탈 10Kg DV10BB8440GH 60개월,http://inssar.rentbiz.kr/shop/view.php?index_no=7105,https://shopping-phinf.pstatic.net/main_4907756/49077563565.jpg,data\staging\washer_dryer\삼성_건조기\stg_0034.jpg,600,600,dedup_deleted,2026-05-26T14:12:13
삼성 건조기,삼성 건조기 렌탈 그랑데AI 17kg DV17CB6600BW 60개월약정,http://inssar.rentbiz.kr/shop/view.php?index_no=8962,https://shopping-phinf.pstatic.net/main_4907778/49077787729.jpg,data\processed\washer_dryer\naver_0256.jpg,600,600,approved,2026-05-26T14:12:14
삼성 건조기,삼성 건조기 렌탈 그랑데 AI 20kg DV20CB8600BW 의무60개월,http://inssar.rentbiz.kr/shop/view.php?index_no=7166,https://shopping-phinf.pstatic.net/main_4907758/49077583044.jpg,data\staging\washer_dryer\삼성_건조기\stg_0036.jpg,600,600,dedup_deleted,2026-05-26T14:12:14
삼성 건조기,삼성 건조기 DV14A9100KV 14kg 업소용 대용량 세탁기건조기일체형 소상공인제품,https://smartstore.naver.com/main/products/5605545661,https://shopping-phinf.pstatic.net/main_8315004/83150042162.2.jpg,data\processed\washer_dryer\naver_0257.jpg,1000,1000,approved,2026-05-26T14:12:15
삼성 건조기,삼성전자 삼성 소형 건조기9kg DV90T5440KW 화이트 1등급,https://link.auction.co.kr/gate/pcs?item-no=C595403799&sub-id=1&service-code=10000003,https://shopping-phinf.pstatic.net/main_3215384/32153848609.107.jpg,data\processed\washer_dryer\naver_0258.jpg,600,600,approved,2026-05-26T14:12:15
삼성 건조기,삼성전자 그랑데AI 건조기 AI 17kg 화이트(DV17T8740BW),https://search.shopping.naver.com/catalog/53873851989,https://shopping-phinf.pstatic.net/main_5387385/53873851989.20250331150030.jpg,data\staging\washer_dryer\삼성_건조기\stg_0039.jpg,450,450,dedup_deleted,2026-05-26T14:12:16
삼성 건조기,삼성 건조기 렌탈 AI 21Kg DV21DG8600BV 60개월의무,http://inssar.rentbiz.kr/shop/view.php?index_no=21750,https://shopping-phinf.pstatic.net/main_5991025/59910259689.jpg,data\staging\washer_dryer\삼성_건조기\stg_0040.jpg,600,600,dedup_deleted,2026-05-26T14:12:16
삼성 건조기,삼성 AI 건조기 21kg 대용량 DV21DG8600BV 1등급,https://smartstore.naver.com/main/products/11461043460,https://shopping-phinf.pstatic.net/main_8900555/89005553825.3.jpg,data\processed\washer_dryer\naver_0259.jpg,1000,1000,approved,2026-05-26T14:12:17
삼성 건조기,삼성 비스포크AI 건조기 슬림 10kg DV10BB8440GB 1등급,https://smartstore.naver.com/main/products/11734987132,https://shopping-phinf.pstatic.net/main_8927949/89279497631.1.jpg,data\staging\washer_dryer\삼성_건조기\stg_0042.jpg,1000,1000,dedup_deleted,2026-05-26T14:12:17
삼성 건조기,삼성 AI 건조기 21kg 대용량 DV21DG8600BW 1등급,https://smartstore.naver.com/main/products/11514490160,https://shopping-phinf.pstatic.net/main_8905900/89059000533.4.jpg,data\processed\washer_dryer\naver_0260.jpg,1000,1000,approved,2026-05-26T14:12:18
삼성 건조기,삼성전자 AI 건조기 21kg DV21DG8200BW 화이트 방문설치 의류건조기 빨래건조기 AI맞춤건조 1등급,https://link.coupang.com/re/PCSNAVERPCSDP?pageKey=8643556970&ctag=8643556970&lptag=I25086486973&itemId=25086486973&vendorItemId=92090282782&spec=10305197,https://shopping-phinf.pstatic.net/main_5355392/53553921744.31.jpg,data\staging\washer_dryer\삼성_건조기\stg_0044.jpg,1000,1000,dedup_deleted,2026-05-26T14:12:18
삼성 건조기,삼성 인버터 건조기 DV90T5440KW 1등급,https://smartstore.naver.com/main/products/7323335158,https://shopping-phinf.pstatic.net/main_8486783/84867835480.50.jpg,data\processed\washer_dryer\naver_0261.jpg,1000,1000,approved,2026-05-26T14:12:19
삼성 건조기,삼성 건조기 렌탈 9kg DV90TA040KE 60개월약정,http://hothae33.rentbiz.kr/shop/view.php?index_no=8754,https://shopping-phinf.pstatic.net/main_5147206/51472064592.jpg,data\processed\washer_dryer\naver_0262.jpg,600,600,approved,2026-05-26T14:12:19
삼성 건조기,삼성 건조기 렌탈 10Kg DV10BB8440GB 60개월,http://inssar.rentbiz.kr/shop/view.php?index_no=7106,https://shopping-phinf.pstatic.net/main_4907789/49077894835.jpg,data\processed\washer_dryer\naver_0263.jpg,600,600,approved,2026-05-26T14:12:20
삼성 건조기,삼성 건조기 렌탈 9kg DV90TA040KE 60개월약정,http://inssar.rentbiz.kr/shop/view.php?index_no=8754,https://shopping-phinf.pstatic.net/main_4907791/49077913740.jpg,data\staging\washer_dryer\삼성_건조기\stg_0048.jpg,600,600,dedup_deleted,2026-05-26T14:12:20
삼성 건조기,삼성 건조기 렌탈 비스포크 그랑데 AI 20kg DV20CB8800BE 60개월의무,http://inssar.rentbiz.kr/shop/view.php?index_no=21738,https://shopping-phinf.pstatic.net/main_5991025/59910257637.jpg,data\processed\washer_dryer\naver_0264.jpg,600,600,approved,2026-05-26T14:12:21
삼성 건조기,삼성 건조기 렌탈 비스포크 그랑데 AI 20kg DV20CB8800BE 60개월의무,http://hothae33.rentbiz.kr/shop/view.php?index_no=21738,https://shopping-phinf.pstatic.net/main_5991026/59910267242.jpg,data\staging\washer_dryer\삼성_건조기\stg_0050.jpg,600,600,dedup_deleted,2026-05-26T14:12:21
삼성 건조기,삼성 건조기 렌탈 그랑데AI 17kg DV17CB6600BW 5년약정,http://hothae33.rentbiz.kr/shop/view.php?index_no=13701,https://shopping-phinf.pstatic.net/main_5831396/58313963621.jpg,data\staging\washer_dryer\삼성_건조기\stg_0051.jpg,600,600,dedup_deleted,2026-05-26T14:12:22
삼성 건조기,삼성 건조기 렌탈 그랑데AI 17kg DV17CB6600BW 5년약정,http://inssar.rentbiz.kr/shop/view.php?index_no=13701,https://shopping-phinf.pstatic.net/main_5831397/58313979833.jpg,data\staging\washer_dryer\삼성_건조기\stg_0052.jpg,600,600,dedup_deleted,2026-05-26T14:12:22
삼성 건조기,삼성 건조기 렌탈 9kg DV90T5540BV 60개월의무,http://hothae33.rentbiz.kr/shop/view.php?index_no=13073,https://shopping-phinf.pstatic.net/main_5147187/51471870971.jpg,data\staging\washer_dryer\삼성_건조기\stg_0053.jpg,600,600,dedup_deleted,2026-05-26T14:12:23
삼성 건조기,삼성 건조기 렌탈 9kg DV90T5540BV 60개월약정,http://hothae33.rentbiz.kr/shop/view.php?index_no=8752,https://shopping-phinf.pstatic.net/main_5147155/51471554019.jpg,data\staging\washer_dryer\삼성_건조기\stg_0054.jpg,600,600,dedup_deleted,2026-05-26T14:12:24
삼성 건조기,삼성 건조기 렌탈 9kg DV90T5540BV 5년약정,http://inssar.rentbiz.kr/shop/view.php?index_no=13706,https://shopping-phinf.pstatic.net/main_5065828/50658281161.jpg,data\staging\washer_dryer\삼성_건조기\stg_0055.jpg,600,600,dedup_deleted,2026-05-26T14:12:24
삼성 건조기,삼성 건조기 렌탈 21kg AI DV21DG8600BE 60개월약정,http://hothae33.rentbiz.kr/shop/view.php?index_no=19667,https://shopping-phinf.pstatic.net/main_5631771/56317715556.jpg,data\staging\washer_dryer\삼성_건조기\stg_0056.jpg,600,600,dedup_deleted,2026-05-26T14:12:25
삼성 건조기,삼성 건조기 렌탈 AI 21Kg DV21DG8600BV 60개월,http://inssar.rentbiz.kr/shop/view.php?index_no=20372,https://shopping-phinf.pstatic.net/main_5729138/57291384829.jpg,data\staging\washer_dryer\삼성_건조기\stg_0057.jpg,600,600,dedup_deleted,2026-05-26T14:12:26
삼성 건조기,삼성 건조기 렌탈 9kg DV90TA040KE 60개월의무,http://inssar.rentbiz.kr/shop/view.php?index_no=13072,https://shopping-phinf.pstatic.net/main_5064136/50641363574.jpg,data\staging\washer_dryer\삼성_건조기\stg_0058.jpg,600,600,dedup_deleted,2026-05-26T14:12:26
삼성 건조기,삼성 건조기 렌탈 9kg DV90TA040KE 의무60개월,http://hothae33.rentbiz.kr/shop/view.php?index_no=10760,https://shopping-phinf.pstatic.net/main_5147206/51472069774.jpg,data\staging\washer_dryer\삼성_건조기\stg_0059.jpg,600,600,dedup_deleted,2026-05-26T14:12:27
삼성 건조기,삼성 건조기 렌탈 9kg DV90T5540BV 의무60개월,http://inssar.rentbiz.kr/shop/view.php?index_no=10761,https://shopping-phinf.pstatic.net/main_5054972/50549729929.jpg,data\staging\washer_dryer\삼성_건조기\stg_0060.jpg,600,600,dedup_deleted,2026-05-26T14:12:27
삼성 건조기,삼성 건조기 렌탈 21kg AI DV21DG8600BE 60개월약정,http://inssar.rentbiz.kr/shop/view.php?index_no=19667,https://shopping-phinf.pstatic.net/main_5631772/56317723364.jpg,data\staging\washer_dryer\삼성_건조기\stg_0061.jpg,600,600,dedup_deleted,2026-05-26T14:12:28
삼성 건조기,삼성 건조기 렌탈 AI 21Kg DV21DG8600BV 의무60개월,http://hothae33.rentbiz.kr/shop/view.php?index_no=20387,https://shopping-phinf.pstatic.net/main_5729129/57291299969.jpg,data\staging\washer_dryer\삼성_건조기\stg_0062.jpg,600,600,dedup_deleted,2026-05-26T14:12:29
삼성 건조기,삼성 건조기 렌탈 9kg DV90T5540BV 5년약정,http://hothae33.rentbiz.kr/shop/view.php?index_no=13706,https://shopping-phinf.pstatic.net/main_5147150/51471501999.jpg,data\staging\washer_dryer\삼성_건조기\stg_0063.jpg,600,600,dedup_deleted,2026-05-26T14:12:30
삼성 건조기,삼성 건조기 렌탈 9kg DV90T5540BV 60개월의무,http://inssar.rentbiz.kr/shop/view.php?index_no=13073,https://shopping-phinf.pstatic.net/main_5064176/50641760891.jpg,data\staging\washer_dryer\삼성_건조기\stg_0064.jpg,600,600,dedup_deleted,2026-05-26T14:12:30
삼성 건조기,삼성 건조기 렌탈 21kg AI DV21DG8600BW 60개월의무,http://hothae33.rentbiz.kr/shop/view.php?index_no=19583,https://shopping-phinf.pstatic.net/main_5614654/56146541752.jpg,data\staging\washer_dryer\삼성_건조기\stg_0065.jpg,600,600,dedup_deleted,2026-05-26T14:12:31
삼성 건조기,삼성 건조기 렌탈 9kg DV90TA040KE 5년약정,http://inssar.rentbiz.kr/shop/view.php?index_no=13705,https://shopping-phinf.pstatic.net/main_5065832/50658325717.jpg,data\staging\washer_dryer\삼성_건조기\stg_0066.jpg,600,600,dedup_deleted,2026-05-26T14:12:31
삼성 건조기,삼성 건조기 렌탈 21kg AI DV21DG8600BW 5년약정,http://inssar.rentbiz.kr/shop/view.php?index_no=19597,https://shopping-phinf.pstatic.net/main_5614657/56146571817.jpg,data\staging\washer_dryer\삼성_건조기\stg_0067.jpg,600,600,dedup_deleted,2026-05-26T14:12:32
삼성 건조기,삼성 건조기 렌탈 AI 21Kg DV21DG8600BV 60개월,http://hothae33.rentbiz.kr/shop/view.php?index_no=20372,https://shopping-phinf.pstatic.net/main_5729128/57291284162.jpg,data\staging\washer_dryer\삼성_건조기\stg_0068.jpg,600,600,dedup_deleted,2026-05-26T14:12:32
삼성 건조기,삼성 건조기 렌탈 21kg AI DV21DG8600BE 5년약정,http://inssar.rentbiz.kr/shop/view.php?index_no=19596,https://shopping-phinf.pstatic.net/main_5614669/56146692652.jpg,data\staging\washer_dryer\삼성_건조기\stg_0069.jpg,600,600,dedup_deleted,2026-05-26T14:12:33
삼성 건조기,삼성 건조기 렌탈 21kg AI DV21DG8600BW 5년약정,http://hothae33.rentbiz.kr/shop/view.php?index_no=19597,https://shopping-phinf.pstatic.net/main_5614665/56146656297.jpg,data\staging\washer_dryer\삼성_건조기\stg_0070.jpg,600,600,dedup_deleted,2026-05-26T14:12:33
삼성 건조기,삼성 건조기 렌탈 9kg DV90T5540BV 의무60개월,http://hothae33.rentbiz.kr/shop/view.php?index_no=10761,https://shopping-phinf.pstatic.net/main_5147147/51471475962.jpg,data\staging\washer_dryer\삼성_건조기\stg_0071.jpg,600,600,dedup_deleted,2026-05-26T14:12:34
삼성 건조기,삼성 건조기 렌탈 10Kg DV10BB8440GH 60개월,http://hothae33.rentbiz.kr/shop/view.php?index_no=7105,https://shopping-phinf.pstatic.net/main_5147170/51471709397.jpg,data\staging\washer_dryer\삼성_건조기\stg_0072.jpg,600,600,dedup_deleted,2026-05-26T14:12:35
삼성 건조기,삼성 건조기 렌탈 21kg AI DV21DG8600BW 60개월약정,http://hothae33.rentbiz.kr/shop/view.php?index_no=19668,https://shopping-phinf.pstatic.net/main_5631773/56317730997.jpg,data\staging\washer_dryer\삼성_건조기\stg_0073.jpg,600,600,dedup_deleted,2026-05-26T14:12:35
삼성 건조기,삼성 건조기 렌탈 9kg DV90TA040KE 의무60개월,http://inssar.rentbiz.kr/shop/view.php?index_no=10760,https://shopping-phinf.pstatic.net/main_5054976/50549760266.jpg,data\staging\washer_dryer\삼성_건조기\stg_0074.jpg,600,600,dedup_deleted,2026-05-26T14:12:36
삼성 건조기,삼성 건조기 렌탈 10Kg DV10BB8440GB 60개월,http://hothae33.rentbiz.kr/shop/view.php?index_no=7106,https://shopping-phinf.pstatic.net/main_5147205/51472055910.jpg,data\staging\washer_dryer\삼성_건조기\stg_0075.jpg,600,600,dedup_deleted,2026-05-26T14:12:36
삼성 건조기,삼성 건조기 렌탈 21kg AI DV21DG8600BW 60개월의무,http://inssar.rentbiz.kr/shop/view.php?index_no=19583,https://shopping-phinf.pstatic.net/main_5614659/56146593583.jpg,data\staging\washer_dryer\삼성_건조기\stg_0076.jpg,600,600,dedup_deleted,2026-05-26T14:12:37
삼성 건조기,삼성 건조기 렌탈 21kg AI DV21DG8600BW 60개월약정,http://inssar.rentbiz.kr/shop/view.php?index_no=19668,https://shopping-phinf.pstatic.net/main_5631772/56317725128.jpg,data\staging\washer_dryer\삼성_건조기\stg_0077.jpg,600,600,dedup_deleted,2026-05-26T14:12:38
삼성 건조기,삼성 건조기 렌탈 9kg DV90TA040KE 60개월의무,http://hothae33.rentbiz.kr/shop/view.php?index_no=13072,https://shopping-phinf.pstatic.net/main_5147178/51471786873.jpg,data\staging\washer_dryer\삼성_건조기\stg_0078.jpg,600,600,dedup_deleted,2026-05-26T14:12:38
삼성 건조기,삼성 건조기 렌탈 AI 21Kg DV21DG8600BV 의무60개월,http://inssar.rentbiz.kr/shop/view.php?index_no=20387,https://shopping-phinf.pstatic.net/main_5729135/57291358830.jpg,data\staging\washer_dryer\삼성_건조기\stg_0079.jpg,600,600,dedup_deleted,2026-05-26T14:12:39
삼성 건조기,삼성 건조기 렌탈 9kg DV90TA040KE 5년약정,http://hothae33.rentbiz.kr/shop/view.php?index_no=13705,https://shopping-phinf.pstatic.net/main_5147205/51472052800.jpg,data\staging\washer_dryer\삼성_건조기\stg_0080.jpg,600,600,dedup_deleted,2026-05-26T14:12:39
삼성 건조기,삼성 건조기 렌탈 21kg AI DV21DG8600BE 5년약정,http://hothae33.rentbiz.kr/shop/view.php?index_no=19596,https://shopping-phinf.pstatic.net/main_5614661/56146613300.jpg,data\staging\washer_dryer\삼성_건조기\stg_0081.jpg,600,600,dedup_deleted,2026-05-26T14:12:40
삼성 건조기,삼성 건조기 렌탈 AI 21Kg DV21DG8600BV 5년의무구독,http://hothae33.rentbiz.kr/shop/view.php?index_no=20391,https://shopping-phinf.pstatic.net/main_5729139/57291396853.jpg,data\staging\washer_dryer\삼성_건조기\stg_0082.jpg,600,600,dedup_deleted,2026-05-26T14:12:40
삼성 건조기,삼성 건조기 렌탈 그랑데AI 17kg DV17CB6600BW 의무60개월,http://hothae33.rentbiz.kr/shop/view.php?index_no=10755,https://shopping-phinf.pstatic.net/main_5147188/51471888563.jpg,data\staging\washer_dryer\삼성_건조기\stg_0083.jpg,600,600,dedup_deleted,2026-05-26T14:12:41
삼성 건조기,삼성 건조기 렌탈 그랑데AI 17kg DV17CB6600BW 60개월의무,http://inssar.rentbiz.kr/shop/view.php?index_no=13067,https://shopping-phinf.pstatic.net/main_5064180/50641800423.jpg,data\staging\washer_dryer\삼성_건조기\stg_0084.jpg,600,600,dedup_deleted,2026-05-26T14:12:42
삼성 건조기,삼성 건조기 렌탈 그랑데 AI 20kg DV20CB8600BW 60개월약정,http://inssar.rentbiz.kr/shop/view.php?index_no=17272,https://shopping-phinf.pstatic.net/main_5346464/53464647328.jpg,data\staging\washer_dryer\삼성_건조기\stg_0085.jpg,600,600,dedup_deleted,2026-05-26T14:12:42
삼성 건조기,삼성 건조기 렌탈 그랑데 AI 20kg DV20CB8600BW 의무60개월,http://hothae33.rentbiz.kr/shop/view.php?index_no=7166,https://shopping-phinf.pstatic.net/main_5147159/51471594049.jpg,data\staging\washer_dryer\삼성_건조기\stg_0086.jpg,600,600,dedup_deleted,2026-05-26T14:12:43
삼성 건조기,삼성 건조기 렌탈 그랑데 AI 20kg DV20CB8600BW 5년약정,http://inssar.rentbiz.kr/shop/view.php?index_no=13604,https://shopping-phinf.pstatic.net/main_5065830/50658303004.jpg,data\staging\washer_dryer\삼성_건조기\stg_0087.jpg,600,600,dedup_deleted,2026-05-26T14:12:43
삼성 건조기,삼성 건조기 렌탈 그랑데AI 17kg DV17CB6600BW 60개월의무,http://hothae33.rentbiz.kr/shop/view.php?index_no=13067,https://shopping-phinf.pstatic.net/main_5147181/51471815864.jpg,data\staging\washer_dryer\삼성_건조기\stg_0088.jpg,600,600,dedup_deleted,2026-05-26T14:12:44
삼성 건조기,삼성 건조기 렌탈 그랑데AI 17kg DV17CB6600BW 의무60개월,http://inssar.rentbiz.kr/shop/view.php?index_no=10755,https://shopping-phinf.pstatic.net/main_5054979/50549793259.jpg,data\staging\washer_dryer\삼성_건조기\stg_0089.jpg,600,600,dedup_deleted,2026-05-26T14:12:44
삼성 건조기,삼성 건조기 렌탈 그랑데AI 17kg DV17CB6600BW 60개월약정,http://hothae33.rentbiz.kr/shop/view.php?index_no=8962,https://shopping-phinf.pstatic.net/main_5147168/51471685277.jpg,data\staging\washer_dryer\삼성_건조기\stg_0090.jpg,600,600,dedup_deleted,2026-05-26T14:12:45
삼성 건조기,삼성 건조기 렌탈 그랑데 AI 20kg DV20CB8600BW 60개월약정,http://hothae33.rentbiz.kr/shop/view.php?index_no=17272,https://shopping-phinf.pstatic.net/main_5346463/53464630651.jpg,data\staging\washer_dryer\삼성_건조기\stg_0091.jpg,600,600,dedup_deleted,2026-05-26T14:12:46
삼성 건조기,삼성 건조기 렌탈 그랑데 AI 20kg DV20CB8600BW 5년약정,http://hothae33.rentbiz.kr/shop/view.php?index_no=13604,https://shopping-phinf.pstatic.net/main_5147165/51471652771.jpg,data\staging\washer_dryer\삼성_건조기\stg_0092.jpg,600,600,dedup_deleted,2026-05-26T14:12:46
삼성 건조기,삼성 건조기 렌탈 그랑데 AI 20kg DV20CB8600BW 60개월의무약정,http://inssar.rentbiz.kr/shop/view.php?index_no=12952,https://shopping-phinf.pstatic.net/main_5064164/50641646027.jpg,data\staging\washer_dryer\삼성_건조기\stg_0093.jpg,600,600,dedup_deleted,2026-05-26T14:12:47
삼성 건조기,삼성 건조기 렌탈 그랑데 AI 20kg DV20CB8600BW 60개월의무약정,http://hothae33.rentbiz.kr/shop/view.php?index_no=12952,https://shopping-phinf.pstatic.net/main_5147147/51471474738.jpg,data\staging\washer_dryer\삼성_건조기\stg_0094.jpg,600,600,dedup_deleted,2026-05-26T14:12:47
삼성 건조기,삼성 건조기 렌탈 비스포크 그랑데 AI 20kg DV20CB8800BE 의무60개월,http://hothae33.rentbiz.kr/shop/view.php?index_no=14947,https://shopping-phinf.pstatic.net/main_5147146/51471461242.jpg,data\staging\washer_dryer\삼성_건조기\stg_0095.jpg,600,600,dedup_deleted,2026-05-26T14:12:48
삼성 건조기,삼성 건조기 렌탈 비스포크 그랑데 AI 20kg DV20CB8800BE 의무60개월,http://inssar.rentbiz.kr/shop/view.php?index_no=14947,https://shopping-phinf.pstatic.net/main_5112280/51122806894.jpg,data\staging\washer_dryer\삼성_건조기\stg_0096.jpg,600,600,dedup_deleted,2026-05-26T14:12:49
삼성 건조기,삼성전자 AI 삼성건조기21KG 1등급 DV21DG8600BV 방문설치,https://smartstore.naver.com/main/products/13279606938,https://shopping-phinf.pstatic.net/main_9082411/90824117269.jpg,data\processed\washer_dryer\naver_0265.jpg,1000,1000,approved,2026-05-26T14:12:49
삼성 건조기,삼성전자 비스포크AI DV80F20DDY 그레이지(DV80F20DDY),https://search.shopping.naver.com/catalog/56454486890,https://shopping-phinf.pstatic.net/main_5645448/56454486890.20250827112235.jpg,data\staging\washer_dryer\삼성_건조기\stg_0098.jpg,500,500,dedup_deleted,2026-05-26T14:12:49
삼성 건조기,[✨이벤트✨] 삼성 드럼건조기 DV90TA040KE 화이트 9KG 소형건조기 9키로,https://smartstore.naver.com/main/products/12742024342,https://shopping-phinf.pstatic.net/main_9028653/90286535283.jpg,data\processed\washer_dryer\naver_0266.jpg,600,600,approved,2026-05-26T14:12:50
LG 건조기,LG전자 [품질보증리퍼] 삼성/LG 전기 인버터 건조기 9kg 이상,https://www.lotteon.com/p/product/LO2621162559?sitmNo=LO2621162559_2621162560&ch_no=100065&ch_dtl_no=1000030&entryPoint=pcs&dp_infw_cd=CHT,https://shopping-phinf.pstatic.net/main_5891546/58915468059.jpg,data\processed\washer_dryer\naver_0000.jpg,1000,1000,approved,2026-05-26T14:12:51
LG 건조기,LG전자 LG 트롬 오브제컬렉션 건조기 20kg 네이처 그린(RD20GNG),https://search.shopping.naver.com/catalog/53527651381,https://shopping-phinf.pstatic.net/main_5352765/53527651381.20251021124255.jpg,data\staging\washer_dryer\LG_건조기\stg_0002.jpg,1000,1000,dedup_deleted,2026-05-26T14:12:52
LG 건조기,LG전자 트롬 RH18WTSN 화이트,https://search.shopping.naver.com/catalog/53508743373,https://shopping-phinf.pstatic.net/main_5350874/53508743373.20251015223517.jpg,data\staging\washer_dryer\LG_건조기\stg_0003.jpg,350,350,dedup_deleted,2026-05-26T14:12:52
LG 건조기,LG 건조기렌탈 트롬 오브제 18KG RG18WNT 방문관리 6년약정,https://bestrentalshop.co.kr/product.php?no=8439,https://shopping-phinf.pstatic.net/main_5836127/58361274392.jpg,data\processed\washer_dryer\naver_0002.jpg,500,500,approved,2026-05-26T14:12:53
LG 건조기,[전국설치] LG 트롬 건조기 신모델 10kg RH10WTW 화이트 소형 의류건조기 인증점,https://smartstore.naver.com/main/products/7999729087,https://shopping-phinf.pstatic.net/main_8554422/85544229410.3.jpg,data\processed\washer_dryer\naver_0003.jpg,1000,1000,approved,2026-05-26T14:12:53
LG 건조기,엘지 트롬건조기 9kg,https://link.coupang.com/re/PCSNAVERPCSDP?pageKey=9522044634&ctag=9522044634&lptag=I28386837461&itemId=28386837461&vendorItemId=95338383651&spec=10305199,https://shopping-phinf.pstatic.net/main_5990703/59907031991.jpg,data\processed\washer_dryer\naver_0004.jpg,1000,1000,approved,2026-05-26T14:12:54
LG 건조기,LG전자 LG 트롬 오브제컬렉션 건조기 20kg 모던 스테인레스(RD20VN),https://search.shopping.naver.com/catalog/53599048729,https://shopping-phinf.pstatic.net/main_5359904/53599048729.20251021124335.jpg,data\processed\washer_dryer\naver_0005.jpg,1000,1000,approved,2026-05-26T14:12:54
LG 건조기,LG 건조기 렌탈 트롬 듀얼 인버터 히트펌프 10kg RH10WTA 6년약정,https://rental-all.co.kr/product/detail.html?product_no=8379,https://shopping-phinf.pstatic.net/main_5601530/56015307846.jpg,data\processed\washer_dryer\naver_0006.jpg,600,600,approved,2026-05-26T14:12:55
LG 건조기,LG전자 트롬 오브제컬렉션 의류 건조기 25KG 네이처 베이지 RD25ES LG물류 새제품,https://smartstore.naver.com/main/products/13495735327,https://shopping-phinf.pstatic.net/main_9104024/91040245679.jpg,data\processed\washer_dryer\naver_0007.jpg,1000,1000,approved,2026-05-26T14:12:55
LG 건조기,LG전자 트롬 RD20WNA 화이트,https://search.shopping.naver.com/catalog/53527930365,https://shopping-phinf.pstatic.net/main_5352793/53527930365.20251015224258.jpg,data\staging\washer_dryer\LG_건조기\stg_0010.jpg,350,350,dedup_deleted,2026-05-26T14:12:55
LG 건조기,LG전자 [품질보증리퍼] 삼성/LG 전기 인버터 건조기 14kg 이상,https://www.lotteon.com/p/product/LO2621162569?sitmNo=LO2621162569_2621162570&ch_no=100065&ch_dtl_no=1000030&entryPoint=pcs&dp_infw_cd=CHT,https://shopping-phinf.pstatic.net/main_5891545/58915459702.jpg,data\processed\washer_dryer\naver_0008.jpg,1000,1000,approved,2026-05-26T14:12:56
LG 건조기,LG전자 LG 트롬 오브제컬렉션 건조기 18kg 릴리 화이트(RG18WN),https://search.shopping.naver.com/catalog/53596326576,https://shopping-phinf.pstatic.net/main_5359632/53596326576.20251021124612.jpg,data\staging\washer_dryer\LG_건조기\stg_0012.jpg,1000,1000,dedup_deleted,2026-05-26T14:12:56
LG 건조기,LG전자 트롬 RG20WN 화이트,https://search.shopping.naver.com/catalog/53531271288,https://shopping-phinf.pstatic.net/main_5353127/53531271288.20251015223631.jpg,data\staging\washer_dryer\LG_건조기\stg_0013.jpg,350,350,dedup_deleted,2026-05-26T14:12:57
LG 건조기,LG전자 트롬 RH10WTA 화이트,https://search.shopping.naver.com/catalog/53545757120,https://shopping-phinf.pstatic.net/main_5354575/53545757120.20251015224048.jpg,data\staging\washer_dryer\LG_건조기\stg_0014.jpg,350,350,dedup_deleted,2026-05-26T14:12:57
LG 건조기,LG전자 트롬 RH10WTW 화이트,https://search.shopping.naver.com/catalog/53645644344,https://shopping-phinf.pstatic.net/main_5364564/53645644344.20251015223719.jpg,data\staging\washer_dryer\LG_건조기\stg_0015.jpg,350,350,dedup_deleted,2026-05-26T14:12:58
LG 건조기,LG 워시콤보 세탁기 건조기 렌탈 72개월의무 12개월방문관리 FH25EAE,https://rentalstores.cafe24.com/product/detail.html?product_no=10496,https://shopping-phinf.pstatic.net/main_5867077/58670778047.jpg,data\staging\washer_dryer\LG_건조기\stg_0016.jpg,1890,1890,dedup_deleted,2026-05-26T14:12:58
LG 건조기,LG 건조기10kg 트롬 히트펌프 엘지 소형 드럼 건조기,https://smartstore.naver.com/main/products/12674839183,https://shopping-phinf.pstatic.net/main_9021935/90219350089.jpg,data\staging\washer_dryer\LG_건조기\stg_0017.jpg,600,600,dedup_deleted,2026-05-26T14:12:59
LG 건조기,[중고] LG듀얼인버터건조기 9KG 건조기 RH9WG 화이트,https://smartstore.naver.com/main/products/13280503977,https://shopping-phinf.pstatic.net/main_9082501/90825014309.jpg,data\processed\washer_dryer\naver_0009.jpg,3022,3856,approved,2026-05-26T14:12:59
LG 건조기,LG전자 트롬 RD20WSQ 릴리 화이트,https://search.shopping.naver.com/catalog/53597221836,https://shopping-phinf.pstatic.net/main_5359722/53597221836.20251015224605.jpg,data\staging\washer_dryer\LG_건조기\stg_0019.jpg,350,350,dedup_deleted,2026-05-26T14:13:00
LG 건조기,LG전자 RG19VNS 모던 스테인레스(RG19VNS),https://search.shopping.naver.com/catalog/53547476936,https://shopping-phinf.pstatic.net/main_5354747/53547476936.20251020191937.jpg,data\staging\washer_dryer\LG_건조기\stg_0022.jpg,1000,1000,dedup_deleted,2026-05-26T14:13:01
LG 건조기,LG전자 트롬 RG20VN 스테인리스 실버,https://search.shopping.naver.com/catalog/53667086514,https://shopping-phinf.pstatic.net/main_5366708/53667086514.20250320164655.jpg,data\staging\washer_dryer\LG_건조기\stg_0024.jpg,350,350,dedup_deleted,2026-05-26T14:13:02
LG 건조기,LG 건조기 렌탈 오브제컬렉션 18kg RG18WNT 방문 6년약정 설치비면제,https://rental-center.com/product.php?no=8487,https://shopping-phinf.pstatic.net/main_5840428/58404288550.1.jpg,data\staging\washer_dryer\LG_건조기\stg_0025.jpg,722,722,dedup_deleted,2026-05-26T14:13:02
LG 건조기,LG전자 트롬 RH10VTA 모던 스테인리스,https://search.shopping.naver.com/catalog/53645621208,https://shopping-phinf.pstatic.net/main_5364562/53645621208.20251015224524.jpg,data\processed\washer_dryer\naver_0010.jpg,350,350,approved,2026-05-26T14:13:03
LG 건조기,LG전자 트롬 RG20EN 네이처 베이지,https://search.shopping.naver.com/catalog/53645621111,https://shopping-phinf.pstatic.net/main_5364562/53645621111.20251015230437.jpg,data\staging\washer_dryer\LG_건조기\stg_0027.jpg,1000,1000,dedup_deleted,2026-05-26T14:13:03
LG 건조기,LG 건조기 서랍형 키트 DKW(화이트),https://lgsj.co.kr/product/detail.html?product_no=178&cate_no=264&display_group=1&utm_source=naver&utm_medium=shopping&utm_campaign=knowledge_shopping&mkt_in=Y&ghost_mall_id=naver&ref=naver_open,https://shopping-phinf.pstatic.net/main_5743347/57433473131.jpg,data\processed\washer_dryer\naver_0011.jpg,1000,1000,approved,2026-05-26T14:13:04
LG 건조기,(엘지직접설치)오브제컬렉션 트롬 건조기 19kg 1등급 네이처 베이지 RG19EN,https://smartstore.naver.com/main/products/11079419201,https://shopping-phinf.pstatic.net/main_8862392/88623929523.1.jpg,data\processed\washer_dryer\naver_0012.jpg,1000,1000,approved,2026-05-26T14:13:05
LG 건조기,LG전자 트롬 RG20KN 스페이스 블랙,https://search.shopping.naver.com/catalog/53938450167,https://shopping-phinf.pstatic.net/main_5393845/53938450167.20251015225330.jpg,data\staging\washer_dryer\LG_건조기\stg_0030.jpg,350,350,dedup_deleted,2026-05-26T14:13:05
LG 건조기,LG전자 트롬 건조기 20kg 방문설치,https://link.coupang.com/re/PCSNAVERPCSDP?pageKey=6061866320&ctag=6061866320&lptag=l2412030111545&itemId=50114542113&vendorItemId=82624116755&spec=10305197,https://shopping-phinf.pstatic.net/main_5086663/50866635960.206.jpg,data\processed\washer_dryer\naver_0013.jpg,1000,1000,approved,2026-05-26T14:13:06
LG 건조기,LG 건조기 렌탈 10kg RH10WTA 60개월,http://inssar.rentbiz.kr/shop/view.php?index_no=9293,https://shopping-phinf.pstatic.net/main_4907776/49077768822.jpg,data\staging\washer_dryer\LG_건조기\stg_0032.jpg,600,600,dedup_deleted,2026-05-26T14:13:06
LG 건조기,LG 건조기20kg 트롬 화이트 엘지 드럼건조기 1등급,https://smartstore.naver.com/main/products/10390045785,https://shopping-phinf.pstatic.net/main_8793455/87934550644.jpg,data\staging\washer_dryer\LG_건조기\stg_0033.jpg,600,600,dedup_deleted,2026-05-26T14:13:07
LG 건조기,LG 건조기렌탈 18kg 트롬 오브제컬렉션 RG18WNT 6년약정,https://bestrental.shop/shop/item.php?it_id=1742283970,https://shopping-phinf.pstatic.net/main_5367149/53671496324.jpg,data\staging\washer_dryer\LG_건조기\stg_0034.jpg,500,500,dedup_deleted,2026-05-26T14:13:07
LG 건조기,LG전자 트롬 RG18WNW 릴리 화이트,https://search.shopping.naver.com/catalog/53938450537,https://shopping-phinf.pstatic.net/main_5393845/53938450537.20251015225155.jpg,data\staging\washer_dryer\LG_건조기\stg_0035.jpg,350,350,dedup_deleted,2026-05-26T14:13:08
LG 건조기,LG전자 트롬 RD25GSG 네이처 그린,https://search.shopping.naver.com/catalog/57149436107,https://shopping-phinf.pstatic.net/main_5714943/57149436107.20251010100139.jpg,data\staging\washer_dryer\LG_건조기\stg_0036.jpg,350,350,dedup_deleted,2026-05-26T14:13:08
LG 건조기,LG전자 트롬 RD25IS 네이처 에센스 화이트,https://search.shopping.naver.com/catalog/57309626375,https://shopping-phinf.pstatic.net/main_5730962/57309626375.20251021095426.jpg,data\staging\washer_dryer\LG_건조기\stg_0037.jpg,722,644,dedup_deleted,2026-05-26T14:13:08
LG 건조기,LG전자 트롬 RG18WNST 릴리 화이트,https://search.shopping.naver.com/catalog/53940366817,https://shopping-phinf.pstatic.net/main_5394036/53940366817.20251015225437.jpg,data\staging\washer_dryer\LG_건조기\stg_0038.jpg,350,350,dedup_deleted,2026-05-26T14:13:09
LG 건조기,LG전자 트롬 오브제 컬렉션 건조기 19kg 방문설치,https://link.coupang.com/re/PCSNAVERPCSDP?pageKey=2275667332&ctag=2275667332&lptag=l703296426075&itemId=00249736567&vendorItemId=87970474933&spec=10305197,https://shopping-phinf.pstatic.net/main_5889747/58897472843.2.jpg,data\staging\washer_dryer\LG_건조기\stg_0039.jpg,1000,1000,dedup_deleted,2026-05-26T14:13:10
LG 건조기,LG 건조기 렌탈 트롬 AI 오브제컬렉션25kg RD25 6년약정,https://rental-all.co.kr/product/detail.html?product_no=15492,https://shopping-phinf.pstatic.net/main_5958948/59589488014.jpg,data\processed\washer_dryer\naver_0014.jpg,600,600,approved,2026-05-26T14:13:10
LG 건조기,LG 건조기 렌탈 트롬 오브제컬렉션 21kg RD21 6년약정,https://rental-all.co.kr/product/detail.html?product_no=3299,https://shopping-phinf.pstatic.net/main_5601530/56015307236.2.jpg,data\processed\washer_dryer\naver_0015.jpg,1000,1000,approved,2026-05-26T14:13:11
LG 건조기,LG 건조기 렌탈 10kg RH10VTA 60개월,http://inssar.rentbiz.kr/shop/view.php?index_no=9292,https://shopping-phinf.pstatic.net/main_4907775/49077758344.jpg,data\processed\washer_dryer\naver_0016.jpg,600,600,approved,2026-05-26T14:13:11
LG 건조기,LG전자 건조기 트롬 20KG RD20WNA 화이트 엘지건조기 1등급 DD모터,https://smartstore.naver.com/main/products/10419268407,https://shopping-phinf.pstatic.net/main_8796377/87963773393.1.jpg,data\processed\washer_dryer\naver_0017.jpg,1000,1000,approved,2026-05-26T14:13:12
LG 건조기,LG전자 트롬 RH18VTLN 모던 스테인리스,https://search.shopping.naver.com/catalog/54044608611,https://shopping-phinf.pstatic.net/main_5404460/54044608611.20250408093603.jpg,data\processed\washer_dryer\naver_0018.jpg,935,935,approved,2026-05-26T14:13:12
LG 건조기,LG 건조기 렌탈 구독 방문12개월 의무약정 6년 RH10VTA,https://lgrex.kr/product/detail.html?product_no=1368&cate_no=172&display_group=1&utm_source=naver&utm_medium=shopping&utm_campaign=knowledge_shopping&mkt_in=Y&ghost_mall_id=naver&ref=naver_open,https://shopping-phinf.pstatic.net/main_5355182/53551823119.1.jpg,data\processed\washer_dryer\naver_0019.jpg,300,300,approved,2026-05-26T14:13:13
LG 건조기,LG전자 트롬 RD22GS 네이처 그린,https://search.shopping.naver.com/catalog/53546968676,https://shopping-phinf.pstatic.net/main_5354696/53546968676.20250724181714.jpg,data\processed\washer_dryer\naver_0020.jpg,1000,1000,approved,2026-05-26T14:13:13
LG 건조기,[전국설치] LG 트롬 건조기 RH10WTW 신모델 10kg 1등급 듀얼인버터,https://smartstore.naver.com/main/products/7108499828,https://shopping-phinf.pstatic.net/main_8465300/84653000150.5.jpg,data\processed\washer_dryer\naver_0021.jpg,662,662,approved,2026-05-26T14:13:14
LG 건조기,LG 건조기20KG 트롬 네이처그린 엘지건조기 1등급,https://smartstore.naver.com/main/products/10389557380,https://shopping-phinf.pstatic.net/main_8793406/87934062239.1.jpg,data\staging\washer_dryer\LG_건조기\stg_0048.jpg,1000,1000,dedup_deleted,2026-05-26T14:13:14
LG 건조기,LG전자 트롬 건조기 20kg 방문설치,https://link.coupang.com/re/PCSNAVERPCSDP?pageKey=6061866320&ctag=6061866320&lptag=l514101411532&itemId=50114541113&vendorItemId=82624116758&spec=10305197,https://shopping-phinf.pstatic.net/main_5528906/55289067668.40.jpg,data\processed\washer_dryer\naver_0022.jpg,2000,2000,approved,2026-05-26T14:13:15
LG 건조기,LG 건조기 렌탈 10kg RH10VTA 60개월의무,http://inssar.rentbiz.kr/shop/view.php?index_no=21294,https://shopping-phinf.pstatic.net/main_5991953/59919532580.jpg,data\staging\washer_dryer\LG_건조기\stg_0050.jpg,600,600,dedup_deleted,2026-05-26T14:13:15
LG 건조기,LG 건조기 렌탈 19KG RG19VNS 60개월,http://inssar.rentbiz.kr/shop/view.php?index_no=13219,https://shopping-phinf.pstatic.net/main_5991952/59919525543.jpg,data\staging\washer_dryer\LG_건조기\stg_0051.jpg,600,600,dedup_deleted,2026-05-26T14:13:16
LG 건조기,LG 건조기 렌탈 19KG RG19KN 60개월의무,http://inssar.rentbiz.kr/shop/view.php?index_no=13218,https://shopping-phinf.pstatic.net/main_5991952/59919527018.jpg,data\processed\washer_dryer\naver_0023.jpg,600,600,approved,2026-05-26T14:13:17
LG 건조기,LG 건조기 렌탈 10kg RH10WTW 60개월의무,http://inssar.rentbiz.kr/shop/view.php?index_no=13036,https://shopping-phinf.pstatic.net/main_5991952/59919525667.jpg,data\staging\washer_dryer\LG_건조기\stg_0053.jpg,600,600,dedup_deleted,2026-05-26T14:13:17
LG 건조기,LG 건조기 렌탈 10kg RH10WTA 60개월의무,http://inssar.rentbiz.kr/shop/view.php?index_no=21293,https://shopping-phinf.pstatic.net/main_5991952/59919523329.jpg,data\staging\washer_dryer\LG_건조기\stg_0054.jpg,600,600,dedup_deleted,2026-05-26T14:13:18
LG 건조기,LG 건조기 렌탈 19KG RG19KN 60개월의무,http://hothae33.rentbiz.kr/shop/view.php?index_no=13218,https://shopping-phinf.pstatic.net/main_5991027/59910271556.jpg,data\staging\washer_dryer\LG_건조기\stg_0055.jpg,600,600,dedup_deleted,2026-05-26T14:13:18
LG 건조기,LG 건조기 렌탈 10kg RH10WTW 60개월의무,http://hothae33.rentbiz.kr/shop/view.php?index_no=13036,https://shopping-phinf.pstatic.net/main_5991026/59910267153.jpg,data\staging\washer_dryer\LG_건조기\stg_0056.jpg,600,600,dedup_deleted,2026-05-26T14:13:19
LG 건조기,LG 건조기 렌탈 19KG RG19VNS 60개월,http://hothae33.rentbiz.kr/shop/view.php?index_no=13219,https://shopping-phinf.pstatic.net/main_5991026/59910267315.jpg,data\staging\washer_dryer\LG_건조기\stg_0057.jpg,600,600,dedup_deleted,2026-05-26T14:13:20
LG 건조기,LG 건조기 렌탈 10kg RH10VTA 60개월의무,http://hothae33.rentbiz.kr/shop/view.php?index_no=21294,https://shopping-phinf.pstatic.net/main_5991026/59910267267.jpg,data\staging\washer_dryer\LG_건조기\stg_0058.jpg,600,600,dedup_deleted,2026-05-26T14:13:20
LG 건조기,LG 건조기 렌탈 10kg RH10WTA 60개월의무,http://hothae33.rentbiz.kr/shop/view.php?index_no=21293,https://shopping-phinf.pstatic.net/main_5991026/59910265849.jpg,data\staging\washer_dryer\LG_건조기\stg_0059.jpg,600,600,dedup_deleted,2026-05-26T14:13:21
LG 건조기,LG 건조기 렌탈 19KG RH19WTWN 60개월약정,http://inssar.rentbiz.kr/shop/view.php?index_no=21388,https://shopping-phinf.pstatic.net/main_5876651/58766510410.jpg,data\staging\washer_dryer\LG_건조기\stg_0060.jpg,600,600,dedup_deleted,2026-05-26T14:13:21
LG 건조기,LG 건조기 렌탈 19KG RH19WTWN 60개월약정,http://hothae33.rentbiz.kr/shop/view.php?index_no=21388,https://shopping-phinf.pstatic.net/main_5876653/58766539068.jpg,data\staging\washer_dryer\LG_건조기\stg_0061.jpg,600,600,dedup_deleted,2026-05-26T14:13:22
LG 건조기,LG 건조기 렌탈 19KG RG19KN 60개월약정,http://hothae33.rentbiz.kr/shop/view.php?index_no=6871,https://shopping-phinf.pstatic.net/main_5868919/58689194645.jpg,data\staging\washer_dryer\LG_건조기\stg_0062.jpg,600,600,dedup_deleted,2026-05-26T14:13:23
LG 건조기,LG 건조기 렌탈 10kg RH10WTA 60개월약정,http://hothae33.rentbiz.kr/shop/view.php?index_no=21391,https://shopping-phinf.pstatic.net/main_5868912/58689127496.jpg,data\staging\washer_dryer\LG_건조기\stg_0063.jpg,600,600,dedup_deleted,2026-05-26T14:13:23
LG 건조기,LG 건조기 렌탈 10kg RH10VTA 60개월약정,http://hothae33.rentbiz.kr/shop/view.php?index_no=21392,https://shopping-phinf.pstatic.net/main_5868914/58689146646.jpg,data\staging\washer_dryer\LG_건조기\stg_0064.jpg,600,600,dedup_deleted,2026-05-26T14:13:24
LG 건조기,LG 건조기 렌탈 19KG RG19KN 60개월약정,http://inssar.rentbiz.kr/shop/view.php?index_no=6871,https://shopping-phinf.pstatic.net/main_5868916/58689161753.jpg,data\staging\washer_dryer\LG_건조기\stg_0065.jpg,600,600,dedup_deleted,2026-05-26T14:13:24
LG 건조기,LG 건조기 렌탈 19KG RG19VNS 60개월약정,http://hothae33.rentbiz.kr/shop/view.php?index_no=6870,https://shopping-phinf.pstatic.net/main_5868913/58689139435.jpg,data\staging\washer_dryer\LG_건조기\stg_0066.jpg,600,600,dedup_deleted,2026-05-26T14:13:25
LG 건조기,LG 건조기 렌탈 19KG RG19VNS 60개월약정,http://inssar.rentbiz.kr/shop/view.php?index_no=6870,https://shopping-phinf.pstatic.net/main_5868919/58689192522.jpg,data\staging\washer_dryer\LG_건조기\stg_0067.jpg,600,600,dedup_deleted,2026-05-26T14:13:26
LG 건조기,LG 건조기 렌탈 10kg RH10WTA 60개월약정,http://inssar.rentbiz.kr/shop/view.php?index_no=21391,https://shopping-phinf.pstatic.net/main_5868912/58689126914.jpg,data\staging\washer_dryer\LG_건조기\stg_0068.jpg,600,600,dedup_deleted,2026-05-26T14:13:26
LG 건조기,LG 건조기 렌탈 10kg RH10VTA 60개월약정,http://inssar.rentbiz.kr/shop/view.php?index_no=21392,https://shopping-phinf.pstatic.net/main_5868912/58689120912.jpg,data\staging\washer_dryer\LG_건조기\stg_0069.jpg,600,600,dedup_deleted,2026-05-26T14:13:27
LG 건조기,LG 건조기 렌탈 10kg RH10WTA 의무60개월,http://inssar.rentbiz.kr/shop/view.php?index_no=15585,https://shopping-phinf.pstatic.net/main_5797760/57977605594.jpg,data\staging\washer_dryer\LG_건조기\stg_0070.jpg,600,600,dedup_deleted,2026-05-26T14:13:28
LG 건조기,LG 건조기 렌탈 10kg RH10WTW 의무60개월,http://hothae33.rentbiz.kr/shop/view.php?index_no=15584,https://shopping-phinf.pstatic.net/main_5797764/57977648232.jpg,data\staging\washer_dryer\LG_건조기\stg_0071.jpg,600,600,dedup_deleted,2026-05-26T14:13:28
LG 건조기,LG 건조기 렌탈 10kg RH10VTA 의무60개월,http://hothae33.rentbiz.kr/shop/view.php?index_no=15586,https://shopping-phinf.pstatic.net/main_5797761/57977619952.jpg,data\staging\washer_dryer\LG_건조기\stg_0072.jpg,600,600,dedup_deleted,2026-05-26T14:13:29
LG 건조기,LG 건조기 렌탈 19KG RH19WTWN 60개월,http://inssar.rentbiz.kr/shop/view.php?index_no=20524,https://shopping-phinf.pstatic.net/main_6009570/60095705039.jpg,data\staging\washer_dryer\LG_건조기\stg_0073.jpg,600,600,dedup_deleted,2026-05-26T14:13:29
LG 건조기,LG 건조기 렌탈 19KG RH19WTWN 60개월,http://hothae33.rentbiz.kr/shop/view.php?index_no=20524,https://shopping-phinf.pstatic.net/main_6009567/60095675171.jpg,data\staging\washer_dryer\LG_건조기\stg_0074.jpg,600,600,dedup_deleted,2026-05-26T14:13:30
LG 건조기,LG 건조기 렌탈 10kg RH10WTA 의무60개월,http://hothae33.rentbiz.kr/shop/view.php?index_no=15585,https://shopping-phinf.pstatic.net/main_5797760/57977606601.jpg,data\staging\washer_dryer\LG_건조기\stg_0075.jpg,600,600,dedup_deleted,2026-05-26T14:13:31
LG 건조기,LG 건조기 렌탈 10kg RH10WTW 의무60개월,http://inssar.rentbiz.kr/shop/view.php?index_no=15584,https://shopping-phinf.pstatic.net/main_5797762/57977624838.jpg,data\staging\washer_dryer\LG_건조기\stg_0076.jpg,600,600,dedup_deleted,2026-05-26T14:13:31
LG 건조기,LG 건조기 렌탈 10kg RH10VTA 의무60개월,http://inssar.rentbiz.kr/shop/view.php?index_no=15586,https://shopping-phinf.pstatic.net/main_5797764/57977642092.jpg,data\staging\washer_dryer\LG_건조기\stg_0077.jpg,600,600,dedup_deleted,2026-05-26T14:13:32
LG 건조기,LG 건조기 렌탈 19KG RG19KN 5년약정,http://inssar.rentbiz.kr/shop/view.php?index_no=13851,https://shopping-phinf.pstatic.net/main_5064137/50641372246.jpg,data\staging\washer_dryer\LG_건조기\stg_0078.jpg,600,600,dedup_deleted,2026-05-26T14:13:33
LG 건조기,LG 건조기 렌탈 10kg RH10WTW 60개월,http://inssar.rentbiz.kr/shop/view.php?index_no=10475,https://shopping-phinf.pstatic.net/main_5054711/50547116406.jpg,data\staging\washer_dryer\LG_건조기\stg_0079.jpg,600,600,dedup_deleted,2026-05-26T14:13:33
LG 건조기,LG 건조기 렌탈 10kg RH10WTA 60개월,http://hothae33.rentbiz.kr/shop/view.php?index_no=9293,https://shopping-phinf.pstatic.net/main_5147201/51472018991.jpg,data\staging\washer_dryer\LG_건조기\stg_0080.jpg,600,600,dedup_deleted,2026-05-26T14:13:34
LG 건조기,LG 건조기 렌탈 19KG RG19KN 60개월,http://inssar.rentbiz.kr/shop/view.php?index_no=10592,https://shopping-phinf.pstatic.net/main_5054716/50547168921.jpg,data\staging\washer_dryer\LG_건조기\stg_0081.jpg,600,600,dedup_deleted,2026-05-26T14:13:34
LG 건조기,LG 건조기 렌탈 19KG RG19VNS 5년약정,http://inssar.rentbiz.kr/shop/view.php?index_no=13852,https://shopping-phinf.pstatic.net/main_5064167/50641679333.jpg,data\staging\washer_dryer\LG_건조기\stg_0082.jpg,600,600,dedup_deleted,2026-05-26T14:13:35
LG 건조기,LG 건조기 렌탈 10kg RH10WTW 5년약정,http://hothae33.rentbiz.kr/shop/view.php?index_no=13669,https://shopping-phinf.pstatic.net/main_5147208/51472087488.jpg,data\staging\washer_dryer\LG_건조기\stg_0083.jpg,600,600,dedup_deleted,2026-05-26T14:13:36
LG 건조기,LG 건조기 렌탈 19KG RG19KN 5년약정,http://hothae33.rentbiz.kr/shop/view.php?index_no=13851,https://shopping-phinf.pstatic.net/main_5147208/51472081468.jpg,data\staging\washer_dryer\LG_건조기\stg_0084.jpg,600,600,dedup_deleted,2026-05-26T14:13:36
LG 건조기,LG 건조기 렌탈 10kg RH10WTW 5년약정,http://inssar.rentbiz.kr/shop/view.php?index_no=13669,https://shopping-phinf.pstatic.net/main_5064163/50641638308.jpg,data\staging\washer_dryer\LG_건조기\stg_0085.jpg,600,600,dedup_deleted,2026-05-26T14:13:37
LG 건조기,LG 건조기 렌탈 19KG RG19VNS 60개월,http://hothae33.rentbiz.kr/shop/view.php?index_no=10593,https://shopping-phinf.pstatic.net/main_5147195/51471951628.jpg,data\staging\washer_dryer\LG_건조기\stg_0086.jpg,600,600,dedup_deleted,2026-05-26T14:13:38
LG 건조기,LG 건조기 렌탈 10kg RH10VTA 60개월,http://hothae33.rentbiz.kr/shop/view.php?index_no=9292,https://shopping-phinf.pstatic.net/main_5147165/51471653178.jpg,data\staging\washer_dryer\LG_건조기\stg_0087.jpg,600,600,dedup_deleted,2026-05-26T14:13:38
LG 건조기,LG 건조기 렌탈 19KG RG19VNS 60개월,http://hothae33.rentbiz.kr/shop/view.php?index_no=10915,https://shopping-phinf.pstatic.net/main_5147148/51471486548.jpg,data\staging\washer_dryer\LG_건조기\stg_0088.jpg,600,600,dedup_deleted,2026-05-26T14:13:39
LG 건조기,LG 건조기 렌탈 19KG RG19VNS 60개월,http://inssar.rentbiz.kr/shop/view.php?index_no=10915,https://shopping-phinf.pstatic.net/main_5054972/50549724932.jpg,data\staging\washer_dryer\LG_건조기\stg_0089.jpg,600,600,dedup_deleted,2026-05-26T14:13:40
LG 건조기,LG 건조기 렌탈 19KG RG19KN 의무60개월,http://inssar.rentbiz.kr/shop/view.php?index_no=10914,https://shopping-phinf.pstatic.net/main_5054982/50549824427.jpg,data\staging\washer_dryer\LG_건조기\stg_0090.jpg,600,600,dedup_deleted,2026-05-26T14:13:40
LG 건조기,LG 건조기 렌탈 19KG RG19KN 의무60개월,http://hothae33.rentbiz.kr/shop/view.php?index_no=10914,https://shopping-phinf.pstatic.net/main_5147161/51471619982.jpg,data\staging\washer_dryer\LG_건조기\stg_0091.jpg,600,600,dedup_deleted,2026-05-26T14:13:41
LG 건조기,LG 건조기 렌탈 19KG RG19KN 60개월,http://hothae33.rentbiz.kr/shop/view.php?index_no=10592,https://shopping-phinf.pstatic.net/main_5147168/51471686955.jpg,data\staging\washer_dryer\LG_건조기\stg_0092.jpg,600,600,dedup_deleted,2026-05-26T14:13:41
LG 건조기,LG 건조기 렌탈 19KG RG19VNS 5년약정,http://hothae33.rentbiz.kr/shop/view.php?index_no=13852,https://shopping-phinf.pstatic.net/main_5147172/51471726695.jpg,data\staging\washer_dryer\LG_건조기\stg_0093.jpg,600,600,dedup_deleted,2026-05-26T14:13:42
LG 건조기,LG 건조기 렌탈 10kg RH10WTW 60개월,http://hothae33.rentbiz.kr/shop/view.php?index_no=10475,https://shopping-phinf.pstatic.net/main_5147197/51471976245.jpg,data\staging\washer_dryer\LG_건조기\stg_0094.jpg,600,600,dedup_deleted,2026-05-26T14:13:42
LG 건조기,LG 건조기 렌탈 19KG RG19VNS 60개월,http://inssar.rentbiz.kr/shop/view.php?index_no=10593,https://shopping-phinf.pstatic.net/main_5054711/50547119792.jpg,data\staging\washer_dryer\LG_건조기\stg_0095.jpg,600,600,dedup_deleted,2026-05-26T14:13:43
LG 건조기,LG전자 트롬 RG18WNWT 릴리 화이트,https://search.shopping.naver.com/catalog/53939306931,https://shopping-phinf.pstatic.net/main_5393930/53939306931.20251015224118.jpg,data\staging\washer_dryer\LG_건조기\stg_0096.jpg,350,350,dedup_deleted,2026-05-26T14:13:43
LG 건조기,LG전자 트롬 RD20KNT 스페이스 블랙,https://search.shopping.naver.com/catalog/54026839997,https://shopping-phinf.pstatic.net/main_5402683/54026839997.20251015225527.jpg,data\staging\washer_dryer\LG_건조기\stg_0097.jpg,350,350,dedup_deleted,2026-05-26T14:13:44
LG 건조기,LG전자 오브제컬렉션 RD21ES 네이처 베이지,https://search.shopping.naver.com/catalog/53940383197,https://shopping-phinf.pstatic.net/main_5394038/53940383197.20250403155924.jpg,data\staging\washer_dryer\LG_건조기\stg_0098.jpg,500,500,dedup_deleted,2026-05-26T14:13:44
LG 건조기,LG전자 트롬 RD25TS 토프,https://search.shopping.naver.com/catalog/57149622290,https://shopping-phinf.pstatic.net/main_5714962/57149622290.20251010110443.jpg,data\staging\washer_dryer\LG_건조기\stg_0099.jpg,350,350,dedup_deleted,2026-05-26T14:13:45
세탁건조기,엣지홈 옷장형 빨래건조기 스타일러 10kg 세탁 미니건조기 소형원룸 경량패딩의류 휴대용수건,https://smartstore.naver.com/main/products/12344528423,https://shopping-phinf.pstatic.net/main_8988903/89889039140.3.jpg,data\staging\washer_dryer\세탁건조기\stg_0001.jpg,500,500,dedup_deleted,2026-05-26T14:13:46
세탁건조기,대웅 AI 미니의류건조기 세탁 원룸 소형빨래건조기 휴대용,https://smartstore.naver.com/main/products/13369116830,https://shopping-phinf.pstatic.net/main_9091362/90913627166.jpg,data\staging\washer_dryer\세탁건조기\stg_0003.jpg,1000,1000,dedup_deleted,2026-05-26T14:13:47
세탁건조기,LG전자 트롬 FX23GNGR + RD20ENE (FX23GNR-ENE) 1개,https://search.shopping.naver.com/catalog/59232574837,https://shopping-phinf.pstatic.net/main_5923257/59232574837.20260312120224.jpg,data\processed\washer_dryer\naver_0301.jpg,1000,1000,approved,2026-05-26T14:13:48
세탁건조기,삼성전자 비스포크AI콤보 Bespoke AI 콤보 25/20kg (177.8mm LCD) 블랙캐비어 (WD90H25BHB),https://search.shopping.naver.com/catalog/59473054822,https://shopping-phinf.pstatic.net/main_5947305/59473054822.20260401091926.jpg,data\staging\washer_dryer\세탁건조기\stg_0006.jpg,500,500,dedup_deleted,2026-05-26T14:13:49
세탁건조기,삼성전자  비스포크AI콤보 25/18kg  화이트(WD90F25CHW),https://search.shopping.naver.com/catalog/59747093841,https://shopping-phinf.pstatic.net/main_5974709/59747093841.20260421143112.jpg,data\staging\washer_dryer\세탁건조기\stg_0008.jpg,500,500,dedup_deleted,2026-05-26T14:13:50
세탁건조기,LG 트롬 오브제 워시타워 원바디 세탁기 건조기 세트 화이트 트루스팀 1등급,https://smartstore.naver.com/main/products/11277590770,https://shopping-phinf.pstatic.net/main_8882210/88822101101.4.jpg,data\processed\washer_dryer\naver_0302.jpg,1000,1000,approved,2026-05-26T14:13:50
세탁건조기,LG전자 트롬 (FG19WNR + RG18WNST) FG19WNR-8WN 1개,https://search.shopping.naver.com/catalog/59232757244,https://shopping-phinf.pstatic.net/main_5923275/59232757244.20260312122817.jpg,data\processed\washer_dryer\naver_0303.jpg,1000,1000,approved,2026-05-26T14:13:51
세탁건조기,삼성전자 비스포크 WF2522HDEEE 1개,https://search.shopping.naver.com/catalog/59307151724,https://shopping-phinf.pstatic.net/main_5930715/59307151724.20260318171150.jpg,data\staging\washer_dryer\세탁건조기\stg_0013.jpg,850,850,dedup_deleted,2026-05-26T14:13:52
세탁건조기,한경희 미니건조기 5kg 원룸 수건 아기옷 빨래건조기 소형,https://smartstore.naver.com/main/products/8677078481,https://shopping-phinf.pstatic.net/main_8622157/86221578804.15.jpg,data\staging\washer_dryer\세탁건조기\stg_0014.jpg,1000,1000,dedup_deleted,2026-05-26T14:13:52
세탁건조기,하츠 몽그리 PRO 미니건조기 8kg UV살균 수건 소형 원룸,https://smartstore.naver.com/main/products/12004744981,https://shopping-phinf.pstatic.net/main_8954925/89549255669.3.jpg,data\staging\washer_dryer\세탁건조기\stg_0020.jpg,1000,1000,dedup_deleted,2026-05-26T14:13:55
세탁건조기,LG전자 FA25GJF + RA25EJF (WA2525GEHF) 1개,https://search.shopping.naver.com/catalog/59469488118,https://shopping-phinf.pstatic.net/main_5946948/59469488118.20260331103847.jpg,data\staging\washer_dryer\세탁건조기\stg_0022.jpg,700,700,dedup_deleted,2026-05-26T14:13:56
세탁건조기,삼성전자 삼성 WF21DG6650BW + DV21DG8600BW (WF21DG6650BW2T),https://search.shopping.naver.com/catalog/53375327999,https://shopping-phinf.pstatic.net/main_5337532/53375327999.20250305181226.jpg,data\staging\washer_dryer\세탁건조기\stg_0023.jpg,750,750,deleted,2026-05-26T14:13:56
세탁건조기,LG전자 워시타워 FX24WXD + RD20WXD (W20WD),https://search.shopping.naver.com/catalog/30402965618,https://shopping-phinf.pstatic.net/main_3040296/30402965618.20220103155159.jpg,data\staging\washer_dryer\세탁건조기\stg_0027.jpg,1000,1000,dedup_deleted,2026-05-26T14:13:58
세탁건조기,LG 트롬 워시타워 오브제 원바디 세탁기 건조기 세트 그린/베이지 1등급,https://smartstore.naver.com/main/products/11277616151,https://shopping-phinf.pstatic.net/main_8882212/88822126482.4.jpg,data\processed\washer_dryer\naver_0305.jpg,1000,1000,approved,2026-05-26T14:13:59
세탁건조기,LG전자 LG 트롬 오브제컬렉션 건조기 19kg 네이처 베이지(RG19EN),https://search.shopping.naver.com/catalog/53663467561,https://shopping-phinf.pstatic.net/main_5366346/53663467561.20251020191422.jpg,data\staging\washer_dryer\세탁건조기\stg_0030.jpg,1000,1000,dedup_deleted,2026-05-26T14:14:00
세탁건조기,앳홈 미닉스 MNMD-110 그레이지,https://search.shopping.naver.com/catalog/53645829389,https://shopping-phinf.pstatic.net/main_5364582/53645829389.20250408171354.jpg,data\staging\washer_dryer\세탁건조기\stg_0031.jpg,750,750,dedup_deleted,2026-05-26T14:14:00
세탁건조기,삼성전자 비스포크 WF2520HCEED,https://search.shopping.naver.com/catalog/48545529619,https://shopping-phinf.pstatic.net/main_4854552/48545529619.20240619140443.jpg,data\processed\washer_dryer\naver_0306.jpg,1000,1000,approved,2026-05-26T14:14:01
세탁건조기,LG전자 워시타워 FX24WJAD + RD21WJAD (W21WAM),https://search.shopping.naver.com/catalog/48863997618,https://shopping-phinf.pstatic.net/main_4886399/48863997618.20240702110736.jpg,data\staging\washer_dryer\세탁건조기\stg_0033.jpg,1000,1000,dedup_deleted,2026-05-26T14:14:01
세탁건조기,삼성 비스포크 24kg+20kg 그랑데 원바디 세탁기건조기 세트 워시 타워형,https://smartstore.naver.com/main/products/9221779838,https://shopping-phinf.pstatic.net/main_8676628/86766280161.1.jpg,data\staging\washer_dryer\세탁건조기\stg_0037.jpg,651,650,dedup_deleted,2026-05-26T14:14:03
세탁건조기,삼성전자 비스포크 DV10BB8440GB 블랙캐비어(DV10BB8440GB),https://search.shopping.naver.com/catalog/53939327959,https://shopping-phinf.pstatic.net/main_5393932/53939327959.20250403144918.jpg,data\staging\washer_dryer\세탁건조기\stg_0039.jpg,500,500,dedup_deleted,2026-05-26T14:14:04
세탁건조기,삼성전자 비스포크 WF21CB6650BW + DV17CB6600BW (WF21CB6650BW7N),https://search.shopping.naver.com/catalog/50637498620,https://shopping-phinf.pstatic.net/main_5063749/50637498620.20241002164744.jpg,data\staging\washer_dryer\세탁건조기\stg_0040.jpg,550,550,dedup_deleted,2026-05-26T14:14:04
세탁건조기,삼성전자 비스포크그랑데AI원바디 WF2420HCVVC,https://search.shopping.naver.com/catalog/39384448618,https://shopping-phinf.pstatic.net/main_3938444/39384448618.20230414164543.jpg,data\processed\washer_dryer\naver_0309.jpg,1000,1000,approved,2026-05-26T14:14:06
세탁건조기,삼성전자 비스포크 WF24CB8850BE + DV20CB8800BE (WF24D20CEEC),https://search.shopping.naver.com/catalog/43009962618,https://shopping-phinf.pstatic.net/main_4300996/43009962618.20231012092827.jpg,data\staging\washer_dryer\세탁건조기\stg_0045.jpg,1000,1000,dedup_deleted,2026-05-26T14:14:06
세탁건조기,위닉스 HS3H400 크림블루,https://search.shopping.naver.com/catalog/53626574493,https://shopping-phinf.pstatic.net/main_5362657/53626574493.20250618095814.jpg,data\staging\washer_dryer\세탁건조기\stg_0046.jpg,500,500,dedup_deleted,2026-05-26T14:14:07
세탁건조기,삼성전자 삼성 WF21DG6650BV+DV21DG8600BV（WF21DG6650BV2T）,https://search.shopping.naver.com/catalog/53058039657,https://shopping-phinf.pstatic.net/main_5305803/53058039657.20250217153808.jpg,data\staging\washer_dryer\세탁건조기\stg_0047.jpg,750,750,deleted,2026-05-26T14:14:07
세탁건조기,LG전자 워시타워 FX24WJADR+RD21WJAD (W2421WAMR) 1개,https://search.shopping.naver.com/catalog/59645379413,https://shopping-phinf.pstatic.net/main_5964537/59645379413.20260413153635.jpg,data\processed\washer_dryer\naver_0310.jpg,1000,1000,approved,2026-05-26T14:14:08
세탁건조기,LG 트롬 세탁기 건조기 세트 FX23WNR-2WQ 트루스팀 세탁 23kg 건조 20kg 1등급,https://smartstore.naver.com/main/products/8174565872,https://shopping-phinf.pstatic.net/main_8571906/85719066195.84.jpg,data\processed\washer_dryer\naver_0311.jpg,1000,1000,approved,2026-05-26T14:14:08
세탁건조기,LG전자 워시타워 FX23WJN + RD20WJN (W20WANQ),https://search.shopping.naver.com/catalog/36170503618,https://shopping-phinf.pstatic.net/main_3617050/36170503618.20221129135056.jpg,data\processed\washer_dryer\naver_0312.jpg,934,935,approved,2026-05-26T14:14:09
세탁건조기,LG전자 트롬 FA25IJF + RA25IJF (WA2525IIHF),https://search.shopping.naver.com/catalog/53758690302,https://shopping-phinf.pstatic.net/main_5375869/53758690302.20250402105431.jpg,data\staging\washer_dryer\세탁건조기\stg_0051.jpg,350,350,dedup_deleted,2026-05-26T14:14:09
세탁건조기,LG전자 워시타워 FL25WJU + RL21WJU (WL21WDU),https://search.shopping.naver.com/catalog/39741085619,https://shopping-phinf.pstatic.net/main_3974108/39741085619.20251015224017.jpg,data\staging\washer_dryer\세탁건조기\stg_0052.jpg,350,350,dedup_deleted,2026-05-26T14:14:10
세탁건조기,LG 트롬 세탁건조기세트 1등급 FG19WNR-8WN 세탁기19kg 건조기18KG,https://smartstore.naver.com/main/products/8363539701,https://shopping-phinf.pstatic.net/main_8590804/85908040024.101.jpg,data\processed\washer_dryer\naver_0313.jpg,1000,1000,approved,2026-05-26T14:14:10
세탁건조기,LG전자 트롬 오브제컬렉션 FX23GNR-ENE 1등급 23kg + 20kg 세탁기건조기 세트,https://smartstore.naver.com/main/products/6420025600,https://shopping-phinf.pstatic.net/main_8396452/83964525933.194.jpg,data\processed\washer_dryer\naver_0314.jpg,1000,1000,approved,2026-05-26T14:14:11
세탁건조기,삼성전자 삼성 WF25DG8650BW+DV21DG8600BW (WF25DG8650BW2T),https://search.shopping.naver.com/catalog/53531271335,https://shopping-phinf.pstatic.net/main_5353127/53531271335.20250313165337.jpg,data\processed\washer_dryer\naver_0315.jpg,750,750,approved,2026-05-26T14:14:11
세탁건조기,삼성전자 비스포크 WF90F21GB + DV90F20BB (WH90F2120GBH) 다크스틸,https://search.shopping.naver.com/catalog/59968752217,https://shopping-phinf.pstatic.net/main_5996875/59968752217.20260508162424.jpg,data\processed\washer_dryer\naver_0316.jpg,500,500,approved,2026-05-26T14:14:12
세탁건조기,LG전자 트롬 RH19WTWN 화이트,https://search.shopping.naver.com/catalog/53597150685,https://shopping-phinf.pstatic.net/main_5359715/53597150685.20251015224900.jpg,data\staging\washer_dryer\세탁건조기\stg_0057.jpg,350,350,dedup_deleted,2026-05-26T14:14:12
세탁건조기,한경희 미니건조기 5kg 빨래 원룸 의류 소형 건조기 드라이업 패키지 (배기필터 5매+받침대),https://smartstore.naver.com/main/products/7576287078,https://shopping-phinf.pstatic.net/main_8512078/85120787400.12.jpg,data\staging\washer_dryer\세탁건조기\stg_0058.jpg,800,800,dedup_deleted,2026-05-26T14:14:12
세탁건조기,미닉스 미니건조기 3.5kg PRO+빨래 소형 원룸 수건 아기옷 살균,https://smartstore.naver.com/main/products/10870833797,https://shopping-phinf.pstatic.net/main_8841533/88415339810.6.jpg,data\staging\washer_dryer\세탁건조기\stg_0060.jpg,1000,1000,dedup_deleted,2026-05-26T14:14:13
세탁건조기,LG전자 트롬 F12WVAR + RH10WTA (F12WVR-10WB) 1개,https://search.shopping.naver.com/catalog/59759791036,https://shopping-phinf.pstatic.net/main_5975979/59759791036.20260422101445.jpg,data\processed\washer_dryer\naver_0317.jpg,1000,1000,approved,2026-05-26T14:14:14
세탁건조기,LG전자 워시타워 FA25EJFB + RA25GJFB (WA2525EGZF),https://search.shopping.naver.com/catalog/53758514760,https://shopping-phinf.pstatic.net/main_5375851/53758514760.20250325192337.jpg,data\processed\washer_dryer\naver_0318.jpg,1000,1201,approved,2026-05-26T14:14:15
세탁건조기,LG전자 워시타워 FX23WXNW + RD20WXNW (W20WAN),https://search.shopping.naver.com/catalog/31368381619,https://shopping-phinf.pstatic.net/main_3136838/31368381619.20220318144716.jpg,data\processed\washer_dryer\naver_0319.jpg,1000,1000,approved,2026-05-26T14:14:16
세탁건조기,LG전자 오브제컬렉션 RD21ESE 네이처 베이지,https://search.shopping.naver.com/catalog/53530846783,https://shopping-phinf.pstatic.net/main_5353084/53530846783.20251015223742.jpg,data\staging\washer_dryer\세탁건조기\stg_0066.jpg,350,350,dedup_deleted,2026-05-26T14:14:16
세탁건조기,LG전자 오브제컬렉션 (FX24ENER+RD20GNG) FX24ENR-GNG 1개,https://search.shopping.naver.com/catalog/59232635004,https://shopping-phinf.pstatic.net/main_5923263/59232635004.20260312121131.jpg,data\staging\washer_dryer\세탁건조기\stg_0067.jpg,1000,1000,dedup_deleted,2026-05-26T14:14:17
세탁건조기,삼성전자 비스포크 그랑데AI 20kg 건조기 화이트(DV20CB8800BW),https://search.shopping.naver.com/catalog/55797471661,https://shopping-phinf.pstatic.net/main_5579747/55797471661.20250715110311.jpg,data\staging\washer_dryer\세탁건조기\stg_0068.jpg,500,500,dedup_deleted,2026-05-26T14:14:17
세탁건조기,삼성전자 삼성 WF25DG8650BV + DV21DG8600BV (WF25DG8650BV2T),https://search.shopping.naver.com/catalog/53072178344,https://shopping-phinf.pstatic.net/main_5307217/53072178344.20250218103222.jpg,data\staging\washer_dryer\세탁건조기\stg_0069.jpg,750,750,dedup_deleted,2026-05-26T14:14:17
세탁건조기,LG전자 트롬 RD25ESE 네이처 베이지,https://search.shopping.naver.com/catalog/57988926581,https://shopping-phinf.pstatic.net/main_5798892/57988926581.20251202100439.jpg,data\staging\washer_dryer\세탁건조기\stg_0070.jpg,1000,1000,dedup_deleted,2026-05-26T14:14:18
세탁건조기,삼성전자 비스포크 WF25CB8895BV + DV20CB8890BV (WF25D20CVVP),https://search.shopping.naver.com/catalog/38608969618,https://shopping-phinf.pstatic.net/main_3860896/38608969618.20240527182010.jpg,data\staging\washer_dryer\세탁건조기\stg_0071.jpg,1000,1000,dedup_deleted,2026-05-26T14:14:18
세탁건조기,삼성전자 비스포크그랑데AI원바디 WF2420HCWWC,https://search.shopping.naver.com/catalog/39384215618,https://shopping-phinf.pstatic.net/main_3938421/39384215618.20230414163506.jpg,data\staging\washer_dryer\세탁건조기\stg_0072.jpg,1000,1000,dedup_deleted,2026-05-26T14:14:19
세탁건조기,삼성전자 삼성 비스포크 AI 원바디 25KG+22KG 건조오토오픈도어 세제자동 WF2522HDEEE 그레이지,https://link.gmarket.co.kr/gate/pcs?item-no=4510307178&sub-id=1003&service-code=10000003&lcd=100000092,https://shopping-phinf.pstatic.net/main_5635917/56359176798.21.jpg,data\processed\washer_dryer\naver_0320.jpg,600,600,approved,2026-05-26T14:14:19
세탁건조기,LG전자 워시타워 FL25EJUE + RL21GJUG (WL21EGZU) 1개,https://search.shopping.naver.com/catalog/59400904984,https://shopping-phinf.pstatic.net/main_5940090/59400904984.20260326151352.jpg,data\staging\washer_dryer\세탁건조기\stg_0074.jpg,350,350,dedup_deleted,2026-05-26T14:14:20
세탁건조기,삼성전자 비스포크 WW13BB844DGB + DV10BB8440GB (WW13BB844DGB1S) 1개,https://search.shopping.naver.com/catalog/59458617995,https://shopping-phinf.pstatic.net/main_5945861/59458617995.20260330173323.jpg,data\staging\washer_dryer\세탁건조기\stg_0077.jpg,500,500,dedup_deleted,2026-05-26T14:14:21
세탁건조기,삼성전자 Bespoke AI 원바디 세탁건조기 세트 WH90F2120GBHY  21kg+20kg  그레이지,https://link.coupang.com/re/PCSNAVERPCSDP?pageKey=9126838640&ctag=9126838640&lptag=I26851009525&itemId=26851009525&vendorItemId=93820827638&spec=10305197,https://shopping-phinf.pstatic.net/main_5890181/58901815951.jpg,data\staging\washer_dryer\세탁건조기\stg_0079.jpg,1000,1000,dedup_deleted,2026-05-26T14:14:22
세탁건조기,LG전자 워시타워 FX24GJAD + RD21EJAD (W21GEAM),https://search.shopping.naver.com/catalog/48864793618,https://shopping-phinf.pstatic.net/main_4886479/48864793618.20240702120116.jpg,data\staging\washer_dryer\세탁건조기\stg_0080.jpg,1000,1000,dedup_deleted,2026-05-26T14:14:22
세탁건조기,삼성전자 비스포크그랑데AI원바디 WF2520HCVVD,https://search.shopping.naver.com/catalog/48545513620,https://shopping-phinf.pstatic.net/main_4854551/48545513620.20240619141016.jpg,data\staging\washer_dryer\세탁건조기\stg_0082.jpg,1000,1000,dedup_deleted,2026-05-26T14:14:23
세탁건조기,삼성전자 (현대Hmall)삼성 비스포크 콤보 세탁건조기 WD90H25AHS 본사직배설치,https://link.gmarket.co.kr/gate/pcs?item-no=4750913304&sub-id=1003&service-code=10000003&lcd=100000092,https://shopping-phinf.pstatic.net/main_6000076/60000769681.jpg,data\staging\washer_dryer\세탁건조기\stg_0083.jpg,600,600,dedup_deleted,2026-05-26T14:14:24
세탁건조기,삼성전자 비스포크 WF80H2420BDHW,https://search.shopping.naver.com/catalog/59192025488,https://shopping-phinf.pstatic.net/main_5919202/59192025488.20260309152524.jpg,data\processed\washer_dryer\naver_0321.jpg,500,500,approved,2026-05-26T14:14:24
세탁건조기,위닉스 HS3P400-OEK 화이트베이지,https://search.shopping.naver.com/catalog/55830790014,https://shopping-phinf.pstatic.net/main_5583079/55830790014.20250717144939.jpg,data\staging\washer_dryer\세탁건조기\stg_0085.jpg,600,600,dedup_deleted,2026-05-26T14:14:25
세탁건조기,마이디어 건조겸용 드럼세탁기 12kg+8kg MFK03D120B/WK-KR 에너지 1등급 방문설치 세탁건조기 일체형,https://link.coupang.com/re/PCSNAVERPCSDP?pageKey=8574563430&ctag=8574563430&lptag=I24846366292&itemId=24846366292&vendorItemId=91853508689&spec=10305197,https://shopping-phinf.pstatic.net/main_5611841/56118410867.jpg,data\staging\washer_dryer\세탁건조기\stg_0086.jpg,1000,1000,dedup_deleted,2026-05-26T14:14:25
세탁건조기,삼성 세탁기 건조기 렌탈 60개월약정 WF2117HCEEC,https://rentaldirect4.cafe24.com/product/detail.html?product_no=2554,https://shopping-phinf.pstatic.net/main_5545289/55452890236.jpg,data\staging\washer_dryer\세탁건조기\stg_0087.jpg,2000,2000,dedup_deleted,2026-05-26T14:14:25
세탁건조기,LG전자 트롬 워시콤보 + 미니워시 FH25 네이처 그린 FH25GSG+FX4GC (FH25GSGX),https://search.shopping.naver.com/catalog/52997859181,https://shopping-phinf.pstatic.net/main_5299785/52997859181.20250213102805.jpg,data\staging\washer_dryer\세탁건조기\stg_0089.jpg,350,350,dedup_deleted,2026-05-26T14:14:26
세탁건조기,LG전자 워시타워 F13WJANR + RH10WJAN (W1310WAN) 1개,https://search.shopping.naver.com/catalog/59618537084,https://shopping-phinf.pstatic.net/main_5961853/59618537084.20260410142606.jpg,data\staging\washer_dryer\세탁건조기\stg_0090.jpg,1000,1000,dedup_deleted,2026-05-26T14:14:27
세탁건조기,LG전자 워시타워 FX24EJAD + RD21GJAD (W21EGAM),https://search.shopping.naver.com/catalog/48864705619,https://shopping-phinf.pstatic.net/main_4886470/48864705619.20240702115012.jpg,data\staging\washer_dryer\세탁건조기\stg_0093.jpg,1000,1000,dedup_deleted,2026-05-26T14:14:28
세탁건조기,LG 세탁기 렌탈 72개월약정 FX25ESER,https://rentaldirect4.cafe24.com/product/detail.html?product_no=2417,https://shopping-phinf.pstatic.net/main_5545288/55452885984.jpg,data\staging\washer_dryer\세탁건조기\stg_0095.jpg,2000,2000,dedup_deleted,2026-05-26T14:14:29
세탁건조기,2025년 삼성전자 AI비스포크 타워형 세탁건조기 25KG+21KG 병렬설치가능 블랙 WF25DG8250BV2T,https://smartstore.naver.com/main/products/11929268528,https://shopping-phinf.pstatic.net/main_8947377/89473779216.jpg,data\staging\washer_dryer\세탁건조기\stg_0096.jpg,1000,1000,dedup_deleted,2026-05-26T14:14:30
세탁건조기,LG전자 워시타워 FL25EJN + RL21GJN (WL21EGN),https://search.shopping.naver.com/catalog/42303231618,https://shopping-phinf.pstatic.net/main_4230323/42303231618.20230829174315.jpg,data\staging\washer_dryer\세탁건조기\stg_0097.jpg,750,750,dedup_deleted,2026-05-26T14:14:30
세탁건조기,삼성 세탁기 렌탈 60개월약정 WF24CB8850BW,https://rentaldirect4.cafe24.com/product/detail.html?product_no=2552,https://shopping-phinf.pstatic.net/main_5545303/55453030206.jpg,data\staging\washer_dryer\세탁건조기\stg_0098.jpg,2000,2000,dedup_deleted,2026-05-26T14:14:31
세탁건조기,LG전자 워시타워 FX23EJN + D20GJN (W20EGAN),https://search.shopping.naver.com/catalog/31912971619,https://shopping-phinf.pstatic.net/main_3191297/31912971619.20220419180148.jpg,data\staging\washer_dryer\세탁건조기\stg_0099.jpg,1000,1000,dedup_deleted,2026-05-26T14:14:31
세탁건조기 일체형,삼성 세탁기 건조기 세트 일체형 워시타워형WW90T3000KW + DV90TA040KE 신모델로,https://smartstore.naver.com/main/products/7943019984,https://shopping-phinf.pstatic.net/main_8548752/85487520307.3.jpg,data\staging\washer_dryer\세탁건조기_일체형\stg_0000.jpg,1080,1080,dedup_deleted,2026-05-26T14:14:32
세탁건조기 일체형,삼성 원바디 워시 타워형 세탁기 건조기 일체형 24+20kg 1등급,https://smartstore.naver.com/main/products/9894312114,https://shopping-phinf.pstatic.net/main_8743881/87438814387.2.jpg,data\staging\washer_dryer\세탁건조기_일체형\stg_0001.jpg,1000,1000,dedup_deleted,2026-05-26T14:14:33
세탁건조기 일체형,삼성 세탁9키로 건조6키로 세탁건조겸용 빌트인 일체형드럼세탁기,https://smartstore.naver.com/main/products/8992069315,https://shopping-phinf.pstatic.net/main_8653656/86536569638.1.jpg,data\staging\washer_dryer\세탁건조기_일체형\stg_0002.jpg,800,800,dedup_deleted,2026-05-26T14:14:33
세탁건조기 일체형,삼성 세탁기건조기 일체형 그랑데 ai 비스포크 워시 타워형 21+17kg,https://smartstore.naver.com/main/products/12238069810,https://shopping-phinf.pstatic.net/main_8978258/89782580526.1.jpg,data\staging\washer_dryer\세탁건조기_일체형\stg_0003.jpg,600,600,dedup_deleted,2026-05-26T14:14:33
세탁건조기 일체형,1등급 엘지 오브제 트롬 원바디 워시타워 25+21KG 일체형 베이지그린 WL21EGN,https://smartstore.naver.com/main/products/12697479196,https://shopping-phinf.pstatic.net/main_9024199/90241990120.jpg,data\staging\washer_dryer\세탁건조기_일체형\stg_0004.jpg,1000,1000,dedup_deleted,2026-05-26T14:14:34
세탁건조기 일체형,엘지전자 세탁건조기일체형 25KG 미니워시 트롬 오브제컬렉션 워시콤보 건조기겸용세탁기,https://smartstore.naver.com/main/products/11277497430,https://shopping-phinf.pstatic.net/main_8882200/88822007761.jpg,data\processed\washer_dryer\naver_0322.jpg,1000,1000,approved,2026-05-26T14:14:34
세탁건조기 일체형,LG전자 워시타워 FX24WJN + RD20WJN (W20WHN),https://search.shopping.naver.com/catalog/37988116618,https://shopping-phinf.pstatic.net/main_3798811/37988116618.20251015223645.jpg,data\staging\washer_dryer\세탁건조기_일체형\stg_0006.jpg,350,350,dedup_deleted,2026-05-26T14:14:35
세탁건조기 일체형,LG 트롬 세탁기건조기 일체형 워시타워형 1등급 12KG +10KG 화이트,https://smartstore.naver.com/main/products/11725649302,https://shopping-phinf.pstatic.net/main_8927015/89270159815.jpg,data\processed\washer_dryer\naver_0323.jpg,1080,1080,approved,2026-05-26T14:14:35
세탁건조기 일체형,삼성 비스포크AI 그랑데 워시 타워형 세탁기 건조기 일체형 21+17kg 1등급,https://smartstore.naver.com/main/products/12942628675,https://shopping-phinf.pstatic.net/main_9048713/90487139685.jpg,data\staging\washer_dryer\세탁건조기_일체형\stg_0008.jpg,492,492,dedup_deleted,2026-05-26T14:14:36
세탁건조기 일체형,삼성 비스포크 세탁기건조기 세트 일체형 24+20kg 원바디 워시 타워형,https://smartstore.naver.com/main/products/10223867719,https://shopping-phinf.pstatic.net/main_8776837/87768371256.jpg,data\processed\washer_dryer\naver_0324.jpg,1000,1000,approved,2026-05-26T14:14:36
세탁건조기 일체형,LG 워시타워 W20WANQ 오브제컬렉션 세탁기 + 건조기 일체형 / 화이트,https://smartstore.naver.com/main/products/10795842637,https://shopping-phinf.pstatic.net/main_8834034/88340348627.3.jpg,data\processed\washer_dryer\naver_0325.jpg,568,532,approved,2026-05-26T14:14:37
세탁건조기 일체형,삼성 드럼 세탁기 건조기 워시타워 9KG 세트 일체형 설치포함,https://smartstore.naver.com/main/products/11213947516,https://shopping-phinf.pstatic.net/main_8875845/88758457847.2.jpg,data\processed\washer_dryer\naver_0326.jpg,1000,1000,approved,2026-05-26T14:14:37
세탁건조기 일체형,LG 세탁기건조기 일체형 세트 24+20kg 엘지오브제세탁기 트롬 워시타워,https://smartstore.naver.com/main/products/9887381806,https://shopping-phinf.pstatic.net/main_8743188/87431884079.jpg,data\staging\washer_dryer\세탁건조기_일체형\stg_0012.jpg,1000,1000,dedup_deleted,2026-05-26T14:14:37
세탁건조기 일체형,삼성 세탁기건조기 일체형 세트 21키로 세탁기 + 17키로 건조기 1등급 워시타워형,https://smartstore.naver.com/main/products/8252286927,https://shopping-phinf.pstatic.net/main_8579678/85796787250.8.jpg,data\staging\washer_dryer\세탁건조기_일체형\stg_0013.jpg,500,500,dedup_deleted,2026-05-26T14:14:38
세탁건조기 일체형,LG 트롬 세탁기건조기 일체형 세트 W20WHN 워시타워 24+20,https://smartstore.naver.com/main/products/10412545527,https://shopping-phinf.pstatic.net/main_8795705/87957050503.jpg,data\staging\washer_dryer\세탁건조기_일체형\stg_0014.jpg,1080,1080,dedup_deleted,2026-05-26T14:14:38
세탁건조기 일체형,LG 세탁기건조기 일체형 키트 24+20kg 세트 오브제 트롬 드럼세탁기,https://smartstore.naver.com/main/products/10997437134,https://shopping-phinf.pstatic.net/main_8854194/88541943187.1.jpg,data\processed\washer_dryer\naver_0327.jpg,600,600,approved,2026-05-26T14:14:39
세탁건조기 일체형,LG전자 세탁기건조기세트 일체형 트루스팀 세탁기 24kg 건조기 21kg,https://smartstore.naver.com/main/products/10648660870,https://shopping-phinf.pstatic.net/main_8819316/88193166768.5.jpg,data\processed\washer_dryer\naver_0328.jpg,1000,1000,approved,2026-05-26T14:14:39
세탁건조기 일체형,삼성 세탁건조기 일체형 세트 1등급 13+10KG 자동세제투입 WW13BB844DGH1S,https://smartstore.naver.com/main/products/11725984887,https://shopping-phinf.pstatic.net/main_8927049/89270495386.jpg,data\processed\washer_dryer\naver_0329.jpg,1080,1080,approved,2026-05-26T14:14:40
세탁건조기 일체형,삼성 세탁기건조기 일체형 세트 세탁기24kg 건조기20kg 비스포크 그랑데ai,https://smartstore.naver.com/main/products/9418949179,https://shopping-phinf.pstatic.net/main_8696344/86963449502.1.jpg,data\processed\washer_dryer\naver_0330.jpg,1000,1000,approved,2026-05-26T14:14:40
세탁건조기 일체형,세탁 건조기 일체형 미니 워시타워 세탁건조기일체형 소형 내마모 Folding 160cm,https://smartstore.naver.com/main/products/11819710920,https://shopping-phinf.pstatic.net/main_8936422/89364221507.jpg,data\processed\washer_dryer\naver_0331.jpg,1000,1000,approved,2026-05-26T14:14:40
세탁건조기 일체형,LG 세탁건조기 일체형 컴팩트 워시타워 13kg 렌탈 W10WAN 6년구독 방문관리포함,https://lghello-rental.com/product/detail.html?product_no=13340&cate_no=427&display_group=1&utm_source=naver&utm_medium=shopping&utm_campaign=knowledge_shopping&mkt_in=Y&ghost_mall_id=naver&ref=naver_open,https://shopping-phinf.pstatic.net/main_5102039/51020399230.jpg,data\staging\washer_dryer\세탁건조기_일체형\stg_0020.jpg,500,500,dedup_deleted,2026-05-26T14:14:41
세탁건조기 일체형,삼성 세탁건조기 일체형 비스포크 AI 원바디 WH90F2520GBHW 25+20,https://smartstore.naver.com/main/products/13267481607,https://shopping-phinf.pstatic.net/main_9081199/90811991939.jpg,data\processed\washer_dryer\naver_0332.jpg,1080,1080,approved,2026-05-26T14:14:41
세탁건조기 일체형,삼성 비스포크 워시타워형 세탁건조기세트 일체형 13kg+10kg 세제자동투입 소형 1등급,https://smartstore.naver.com/main/products/13068067937,https://shopping-phinf.pstatic.net/main_9061257/90612579029.jpg,data\staging\washer_dryer\세탁건조기_일체형\stg_0022.jpg,1080,1080,dedup_deleted,2026-05-26T14:14:42
세탁건조기 일체형,엘지 오브제컬렉션 트롬 세탁건조기일체형 25/20KG 가정용 드럼세탁기건조기세트,https://smartstore.naver.com/main/products/11904606710,https://shopping-phinf.pstatic.net/main_8944911/89449117319.jpg,data\staging\washer_dryer\세탁건조기_일체형\stg_0023.jpg,1000,1000,dedup_deleted,2026-05-26T14:14:42
세탁건조기 일체형,삼성 세탁기 건조기 세트 WW90T3000KW + DV90TA040KE 일체형 전국설치,https://smartstore.naver.com/main/products/9905243484,https://shopping-phinf.pstatic.net/main_8744974/87449745757.4.jpg,data\processed\washer_dryer\naver_0333.jpg,600,600,approved,2026-05-26T14:14:43
세탁건조기 일체형,LG 세탁건조기 일체형 워시타워 25kg 렌탈 WL22YMZU 6년 구독 방문관리포함,https://60smart.co.kr/product/detail.html?product_no=13334&cate_no=427&display_group=1&utm_source=naver&utm_medium=shopping&utm_campaign=knowledge_shopping&mkt_in=Y&ghost_mall_id=naver&ref=naver_open,https://shopping-phinf.pstatic.net/main_5102047/51020479826.jpg,data\processed\washer_dryer\naver_0334.jpg,500,500,approved,2026-05-26T14:14:43
세탁건조기 일체형,삼성 세탁건조기 일체형 비스포크 AI콤보 렌탈 1등급 WD90F25CHY 약정5년,https://rental-home.co.kr/product/detail.html?product_no=15057&cate_no=427&display_group=1&utm_source=naver&utm_medium=shopping&utm_campaign=knowledge_shopping&mkt_in=Y&ghost_mall_id=naver&ref=naver_open,https://shopping-phinf.pstatic.net/main_5592138/55921380842.jpg,data\processed\washer_dryer\naver_0335.jpg,500,500,approved,2026-05-26T14:14:44
세탁건조기 일체형,삼성 세탁기 건조기 일체형 세트 AI 21+21 블랙 1등급 워시타워형,https://smartstore.naver.com/main/products/12958028293,https://shopping-phinf.pstatic.net/main_9050253/90502539303.jpg,data\processed\washer_dryer\naver_0336.jpg,640,640,approved,2026-05-26T14:14:44
세탁건조기 일체형,세탁건조기 일체형 올인원 겸용 타워형 세탁기,https://smartstore.naver.com/main/products/13220554294,https://shopping-phinf.pstatic.net/main_9076506/90765064625.jpg,data\processed\washer_dryer\naver_0337.jpg,1440,1440,approved,2026-05-26T14:14:45
세탁건조기 일체형,엘지전자 워시타워 24+20KG 원바디 일체형 방문설치 폐가전수거 릴리화이트 W20WHN,https://smartstore.naver.com/main/products/12153507741,https://shopping-phinf.pstatic.net/main_8969801/89698018446.jpg,data\processed\washer_dryer\naver_0338.jpg,1000,1000,approved,2026-05-26T14:14:45
세탁건조기 일체형,LG 트롬 일체형 세탁기 워시타워 컴팩트 세탁건조기일체형,https://smartstore.naver.com/main/products/10807227276,https://shopping-phinf.pstatic.net/main_8835173/88351733266.jpg,data\processed\washer_dryer\naver_0339.jpg,1000,1000,approved,2026-05-26T14:14:46
세탁건조기 일체형,해밀턴 비치 세탁 건조기 일체형 2.7 cu ft 화이트,https://smartstore.naver.com/main/products/13152259514,https://shopping-phinf.pstatic.net/main_9069677/90696770606.jpg,data\processed\washer_dryer\naver_0340.jpg,1113,1500,approved,2026-05-26T14:14:46
세탁건조기 일체형,삼성 그랑데 AI원바디 세탁 건조기 일체형 워시타워 25KG 22KG 세제자동투입 1등급,https://smartstore.naver.com/main/products/12936840975,https://shopping-phinf.pstatic.net/main_9048135/90481351985.jpg,data\staging\washer_dryer\세탁건조기_일체형\stg_0032.jpg,1000,1000,dedup_deleted,2026-05-26T14:14:47
세탁건조기 일체형,LG 트롬 오브제컬렉션 워시타워 25/20kg 1등급 W2520WHM 세탁건조기일체형,https://smartstore.naver.com/main/products/12592750045,https://shopping-phinf.pstatic.net/main_9013726/90137260901.jpg,data\staging\washer_dryer\세탁건조기_일체형\stg_0033.jpg,1000,1000,dedup_deleted,2026-05-26T14:14:47
세탁건조기 일체형,LG 워시콤보 세탁 건조기 일체형 렌탈 25kg FH25WA 약정5년,https://lghello-rental.com/product/detail.html?product_no=13553&cate_no=427&display_group=1&utm_source=naver&utm_medium=shopping&utm_campaign=knowledge_shopping&mkt_in=Y&ghost_mall_id=naver&ref=naver_open,https://shopping-phinf.pstatic.net/main_5172304/51723044510.jpg,data\processed\washer_dryer\naver_0341.jpg,500,500,approved,2026-05-26T14:14:48
세탁건조기 일체형,LG 워시타워 세탁 건조기 일체형 WA2525KDF 1등급 블랙,https://smartstore.naver.com/main/products/12057502358,https://shopping-phinf.pstatic.net/main_8960201/89602013057.jpg,data\staging\washer_dryer\세탁건조기_일체형\stg_0035.jpg,1080,1080,dedup_deleted,2026-05-26T14:14:48
세탁건조기 일체형,삼성 비스포크AI 원바디 일체형 세제자동투입 25kg+20kg WF2520HCEED 1등급,https://smartstore.naver.com/main/products/10087195780,https://shopping-phinf.pstatic.net/main_8763169/87631698438.40.jpg,data\processed\washer_dryer\naver_0342.jpg,1000,1000,approved,2026-05-26T14:14:49
세탁건조기 일체형,LG 세탁기 건조기 일체형 23+20kg 세트 엘지오브제 트롬 워시타워,https://smartstore.naver.com/main/products/10385842638,https://shopping-phinf.pstatic.net/main_8793034/87930347479.1.jpg,data\staging\washer_dryer\세탁건조기_일체형\stg_0037.jpg,1000,1000,dedup_deleted,2026-05-26T14:14:49
세탁건조기 일체형,LG전자 26년형 소용량 13+10kg 세탁건조기 일체형세트 컴팩트 화이트,https://smartstore.naver.com/main/products/13329817962,https://shopping-phinf.pstatic.net/main_9087432/90874328294.jpg,data\processed\washer_dryer\naver_0343.jpg,1024,1024,approved,2026-05-26T14:14:50
세탁건조기 일체형,세탁 건조기 일체형 오피스텔 세탁기 원룸 기숙사 4.5kg 드럼,https://smartstore.naver.com/main/products/13313507110,https://shopping-phinf.pstatic.net/main_9085801/90858017442.jpg,data\processed\washer_dryer\naver_0344.jpg,1000,1000,approved,2026-05-26T14:14:51
세탁건조기 일체형,세탁 건조기 일체형 오피스텔 세탁기 원룸 기숙사 4.5kg 드럼,https://smartstore.naver.com/main/products/13079988928,https://shopping-phinf.pstatic.net/main_9062450/90624500020.jpg,data\staging\washer_dryer\세탁건조기_일체형\stg_0040.jpg,1000,1000,dedup_deleted,2026-05-26T14:14:51
세탁건조기 일체형,미니 워시타워 세탁건조기일체형 소형 내마모 Folding 160cm 48 0 25 원룸,https://smartstore.naver.com/main/products/12430112328,https://shopping-phinf.pstatic.net/main_8997462/89974623075.jpg,data\staging\washer_dryer\세탁건조기_일체형\stg_0041.jpg,1000,1000,dedup_deleted,2026-05-26T14:14:51
세탁건조기 일체형,LG 트롬 세탁기 건조기세트 25Kg/21Kg 타워형 세탁건조기 일체형,https://smartstore.naver.com/main/products/10433793543,https://shopping-phinf.pstatic.net/main_8797829/87978298579.jpg,data\processed\washer_dryer\naver_0345.jpg,1000,1000,approved,2026-05-26T14:14:52
세탁건조기 일체형,미니 세탁건조기일체형 소형 가정용 속옷 양말 원룸 티타늄 데스크탑 sh-fj341,https://smartstore.naver.com/main/products/11806998089,https://shopping-phinf.pstatic.net/main_8935150/89351508676.jpg,data\processed\washer_dryer\naver_0346.jpg,800,800,approved,2026-05-26T14:14:52
세탁건조기 일체형,BESPOKE 그랑데 AI 원바디 세탁건조기 21KG 17KG 세탁건조기일체형,https://smartstore.naver.com/main/products/11292140573,https://shopping-phinf.pstatic.net/main_8883665/88836650904.jpg,data\processed\washer_dryer\naver_0347.jpg,1000,1000,approved,2026-05-26T14:14:53
세탁건조기 일체형,LG 워시콤보 세탁 건조기 일체형 렌탈 25kg FH25WA 약정5년,https://rental-home.co.kr/product/detail.html?product_no=13553&cate_no=427&display_group=1&utm_source=naver&utm_medium=shopping&utm_campaign=knowledge_shopping&mkt_in=Y&ghost_mall_id=naver&ref=naver_open,https://shopping-phinf.pstatic.net/main_5172315/51723152630.jpg,data\staging\washer_dryer\세탁건조기_일체형\stg_0045.jpg,500,500,dedup_deleted,2026-05-26T14:14:54
세탁건조기 일체형,LG 워시콤보 세탁 건조기 일체형 렌탈 25kg FH25WA 약정5년,https://60smart.co.kr/product/detail.html?product_no=13553&cate_no=427&display_group=1&utm_source=naver&utm_medium=shopping&utm_campaign=knowledge_shopping&mkt_in=Y&ghost_mall_id=naver&ref=naver_open,https://shopping-phinf.pstatic.net/main_5172340/51723406295.jpg,data\staging\washer_dryer\세탁건조기_일체형\stg_0046.jpg,500,500,dedup_deleted,2026-05-26T14:14:54
세탁건조기 일체형,LG 워시콤보 세탁건조기 일체형 렌탈 15kg FH25GAG 약정5년,https://rental-home.co.kr/product/detail.html?product_no=13549&cate_no=427&display_group=1&utm_source=naver&utm_medium=shopping&utm_campaign=knowledge_shopping&mkt_in=Y&ghost_mall_id=naver&ref=naver_open,https://shopping-phinf.pstatic.net/main_5172326/51723265290.jpg,data\processed\washer_dryer\naver_0348.jpg,500,500,approved,2026-05-26T14:14:54
세탁건조기 일체형,LG 워시콤보 세탁건조기 일체형 렌탈 15kg FH25GAG 약정5년,https://lghello-rental.com/product/detail.html?product_no=13549&cate_no=427&display_group=1&utm_source=naver&utm_medium=shopping&utm_campaign=knowledge_shopping&mkt_in=Y&ghost_mall_id=naver&ref=naver_open,https://shopping-phinf.pstatic.net/main_5172351/51723517612.jpg,data\staging\washer_dryer\세탁건조기_일체형\stg_0048.jpg,500,500,dedup_deleted,2026-05-26T14:14:55
세탁건조기 일체형,LG 워시콤보 세탁건조기 일체형 렌탈 15kg FH25GAG 약정5년,https://60smart.co.kr/product/detail.html?product_no=13549&cate_no=427&display_group=1&utm_source=naver&utm_medium=shopping&utm_campaign=knowledge_shopping&mkt_in=Y&ghost_mall_id=naver&ref=naver_open,https://shopping-phinf.pstatic.net/main_5172284/51722848334.jpg,data\staging\washer_dryer\세탁건조기_일체형\stg_0049.jpg,500,500,dedup_deleted,2026-05-26T14:14:55
세탁건조기 일체형,LG 워시콤보 세탁건조기 일체형 렌탈 15kg FH25GAG 약정5년,https://coway-codi.com/product/detail.html?product_no=13549&cate_no=427&display_group=1&utm_source=naver&utm_medium=shopping&utm_campaign=knowledge_shopping&mkt_in=Y&ghost_mall_id=naver&ref=naver_open,https://shopping-phinf.pstatic.net/main_5172309/51723096749.jpg,data\staging\washer_dryer\세탁건조기_일체형\stg_0050.jpg,500,500,dedup_deleted,2026-05-26T14:14:56
세탁건조기 일체형,삼성 원바디 세탁기 렌탈 세탁건조기일체형 24kg WF2420HCEEC 의무5년,https://rental-home.co.kr/product/detail.html?product_no=12896&cate_no=427&display_group=1&utm_source=naver&utm_medium=shopping&utm_campaign=knowledge_shopping&mkt_in=Y&ghost_mall_id=naver&ref=naver_open,https://shopping-phinf.pstatic.net/main_5063642/50636428975.jpg,data\staging\washer_dryer\세탁건조기_일체형\stg_0051.jpg,500,500,dedup_deleted,2026-05-26T14:14:56
세탁건조기 일체형,삼성 원바디 세탁기 렌탈 세탁건조기일체형 24kg WF2420HCEEC 의무5년,https://coway-codi.com/product/detail.html?product_no=12896&cate_no=427&display_group=1&utm_source=naver&utm_medium=shopping&utm_campaign=knowledge_shopping&mkt_in=Y&ghost_mall_id=naver&ref=naver_open,https://shopping-phinf.pstatic.net/main_5063635/50636356162.jpg,data\staging\washer_dryer\세탁건조기_일체형\stg_0052.jpg,500,500,dedup_deleted,2026-05-26T14:14:57
세탁건조기 일체형,삼성 세탁건조기 일체형 21kg 1등급 세탁기 렌탈 WH90F2120GBHY 의무5년,https://60smart.co.kr/product/detail.html?product_no=15708&cate_no=427&display_group=1&utm_source=naver&utm_medium=shopping&utm_campaign=knowledge_shopping&mkt_in=Y&ghost_mall_id=naver&ref=naver_open,https://shopping-phinf.pstatic.net/main_5723841/57238417771.jpg,data\staging\washer_dryer\세탁건조기_일체형\stg_0053.jpg,495,500,dedup_deleted,2026-05-26T14:14:57
세탁건조기 일체형,삼성 세탁건조기 일체형 21kg 1등급 세탁기 렌탈 WH90F2120GBHY 의무5년,https://lghello-rental.com/product/detail.html?product_no=15708&cate_no=427&display_group=1&utm_source=naver&utm_medium=shopping&utm_campaign=knowledge_shopping&mkt_in=Y&ghost_mall_id=naver&ref=naver_open,https://shopping-phinf.pstatic.net/main_5723844/57238449235.jpg,data\staging\washer_dryer\세탁건조기_일체형\stg_0054.jpg,495,500,dedup_deleted,2026-05-26T14:14:58
세탁건조기 일체형,삼성 원바디 세탁기 렌탈 세탁건조기일체형 24kg WF2420HCEEC 의무5년,https://lghello-rental.com/product/detail.html?product_no=12896&cate_no=427&display_group=1&utm_source=naver&utm_medium=shopping&utm_campaign=knowledge_shopping&mkt_in=Y&ghost_mall_id=naver&ref=naver_open,https://shopping-phinf.pstatic.net/main_5063678/50636784488.jpg,data\staging\washer_dryer\세탁건조기_일체형\stg_0055.jpg,500,500,dedup_deleted,2026-05-26T14:14:58
세탁건조기 일체형,BESPOKE 그랑데AI 25/17Kg 세탁건조기일체형 가정용 건조겸용세탁기 방문설치,https://smartstore.naver.com/main/products/11303455572,https://shopping-phinf.pstatic.net/main_8884796/88847965903.jpg,data\processed\washer_dryer\naver_0349.jpg,1000,1000,approved,2026-05-26T14:14:59
세탁건조기 일체형,LG 워시콤보 세탁건조기 일체형 오브제컬렉션 25kg 건조기 15kg FH25VA 약정5년,https://coway-codi.com/product/detail.html?product_no=10927&cate_no=427&display_group=1&utm_source=naver&utm_medium=shopping&utm_campaign=knowledge_shopping&mkt_in=Y&ghost_mall_id=naver&ref=naver_open,https://shopping-phinf.pstatic.net/main_4681476/46814765548.jpg,data\staging\washer_dryer\세탁건조기_일체형\stg_0057.jpg,500,500,dedup_deleted,2026-05-26T14:15:00
세탁건조기 일체형,LG 워시콤보 세탁건조기 일체형 오브제컬렉션 25kg 건조기 15kg FH25VA 약정5년,https://lghello-rental.com/product/detail.html?product_no=10927&cate_no=427&display_group=1&utm_source=naver&utm_medium=shopping&utm_campaign=knowledge_shopping&mkt_in=Y&ghost_mall_id=naver&ref=naver_open,https://shopping-phinf.pstatic.net/main_4681460/46814605603.jpg,data\staging\washer_dryer\세탁건조기_일체형\stg_0058.jpg,500,500,dedup_deleted,2026-05-26T14:15:00
세탁건조기 일체형,LG 트롬 1등급 워시타워 드럼세탁기25kg 건조기22kg 가정용 세탁건조기일체형,https://smartstore.naver.com/main/products/10221908766,https://shopping-phinf.pstatic.net/main_8776641/87766412294.jpg,data\processed\washer_dryer\naver_0350.jpg,1000,1000,approved,2026-05-26T14:15:00
세탁건조기 일체형,LG 워시콤보 세탁건조기 일체형 렌탈 오브제컬렉션 25kg 약정5년 FH25EAEF,https://60smart.co.kr/product/detail.html?product_no=13463&cate_no=427&display_group=1&utm_source=naver&utm_medium=shopping&utm_campaign=knowledge_shopping&mkt_in=Y&ghost_mall_id=naver&ref=naver_open,https://shopping-phinf.pstatic.net/main_5155520/51555208448.jpg,data\processed\washer_dryer\naver_0351.jpg,500,500,approved,2026-05-26T14:15:01
세탁건조기 일체형,LG 워시콤보 세탁건조기 일체형 렌탈 오브제컬렉션 25kg 약정5년 FH25EAEF,https://rental-home.co.kr/product/detail.html?product_no=13463&cate_no=427&display_group=1&utm_source=naver&utm_medium=shopping&utm_campaign=knowledge_shopping&mkt_in=Y&ghost_mall_id=naver&ref=naver_open,https://shopping-phinf.pstatic.net/main_5155525/51555255265.jpg,data\staging\washer_dryer\세탁건조기_일체형\stg_0061.jpg,500,500,dedup_deleted,2026-05-26T14:15:01
세탁건조기 일체형,LG 트롬 오브제컬렉션 워시타워 드럼세탁기25키로 드럼건조기22키로 세탁건조기일체형,https://smartstore.naver.com/main/products/10219067378,https://shopping-phinf.pstatic.net/main_8776357/87763570905.jpg,data\staging\washer_dryer\세탁건조기_일체형\stg_0062.jpg,1000,1000,dedup_deleted,2026-05-26T14:15:02
세탁건조기 일체형,LG 세탁건조기 일체형 워시타워 25kg 렌탈 WL22YEZU 6년 구독 방문관리포함,https://coway-codi.com/product/detail.html?product_no=13333&cate_no=427&display_group=1&utm_source=naver&utm_medium=shopping&utm_campaign=knowledge_shopping&mkt_in=Y&ghost_mall_id=naver&ref=naver_open,https://shopping-phinf.pstatic.net/main_5101983/51019832770.jpg,data\staging\washer_dryer\세탁건조기_일체형\stg_0063.jpg,500,500,dedup_deleted,2026-05-26T14:15:02
세탁건조기 일체형,LG 세탁건조기 일체형 워시타워 25kg 렌탈 WL22MEZU 6년 구독 방문관리포함,https://lghello-rental.com/product/detail.html?product_no=13331&cate_no=427&display_group=1&utm_source=naver&utm_medium=shopping&utm_campaign=knowledge_shopping&mkt_in=Y&ghost_mall_id=naver&ref=naver_open,https://shopping-phinf.pstatic.net/main_5102024/51020240565.jpg,data\processed\washer_dryer\naver_0352.jpg,500,500,approved,2026-05-26T14:15:03
세탁건조기 일체형,LG 세탁건조기 일체형 워시타워 25kg 렌탈 WL21GGN 6년 구독 방문관리포함,https://lghello-rental.com/product/detail.html?product_no=13336&cate_no=427&display_group=1&utm_source=naver&utm_medium=shopping&utm_campaign=knowledge_shopping&mkt_in=Y&ghost_mall_id=naver&ref=naver_open,https://shopping-phinf.pstatic.net/main_5102010/51020104425.jpg,data\staging\washer_dryer\세탁건조기_일체형\stg_0065.jpg,500,500,dedup_deleted,2026-05-26T14:15:03
세탁건조기 일체형,LG 세탁건조기 일체형 워시타워 25kg 렌탈 WL22MEZU 6년 구독 방문관리포함,https://rental-home.co.kr/product/detail.html?product_no=13331&cate_no=427&display_group=1&utm_source=naver&utm_medium=shopping&utm_campaign=knowledge_shopping&mkt_in=Y&ghost_mall_id=naver&ref=naver_open,https://shopping-phinf.pstatic.net/main_5102009/51020092855.jpg,data\staging\washer_dryer\세탁건조기_일체형\stg_0066.jpg,500,500,dedup_deleted,2026-05-26T14:15:04
세탁건조기 일체형,LG 트롬 워시타워 1등급 드럼세탁기25키로 드럼건조기22키로 세탁건조기일체형,https://smartstore.naver.com/main/products/10221828707,https://shopping-phinf.pstatic.net/main_8776633/87766332235.jpg,data\staging\washer_dryer\세탁건조기_일체형\stg_0067.jpg,1000,1000,dedup_deleted,2026-05-26T14:15:04
세탁건조기 일체형,LG 세탁건조기 일체형 워시타워 25kg 렌탈 WL22YEZU 6년 구독 방문관리포함,https://rental-home.co.kr/product/detail.html?product_no=13333&cate_no=427&display_group=1&utm_source=naver&utm_medium=shopping&utm_campaign=knowledge_shopping&mkt_in=Y&ghost_mall_id=naver&ref=naver_open,https://shopping-phinf.pstatic.net/main_5102034/51020345388.jpg,data\staging\washer_dryer\세탁건조기_일체형\stg_0068.jpg,500,500,dedup_deleted,2026-05-26T14:15:05
세탁건조기 일체형,LG 세탁건조기 일체형 워시타워 25kg 렌탈 WL22YGZU 6년 구독 방문관리포함,https://60smart.co.kr/product/detail.html?product_no=13332&cate_no=427&display_group=1&utm_source=naver&utm_medium=shopping&utm_campaign=knowledge_shopping&mkt_in=Y&ghost_mall_id=naver&ref=naver_open,https://shopping-phinf.pstatic.net/main_5102049/51020496903.jpg,data\processed\washer_dryer\naver_0353.jpg,500,500,approved,2026-05-26T14:15:05
세탁건조기 일체형,LG 세탁건조기 일체형 워시타워 25kg 렌탈 WL21EEN 6년구독 방문관리포함,https://lghello-rental.com/product/detail.html?product_no=13337&cate_no=427&display_group=1&utm_source=naver&utm_medium=shopping&utm_campaign=knowledge_shopping&mkt_in=Y&ghost_mall_id=naver&ref=naver_open,https://shopping-phinf.pstatic.net/main_5102057/51020577638.jpg,data\staging\washer_dryer\세탁건조기_일체형\stg_0070.jpg,500,500,dedup_deleted,2026-05-26T14:15:06
세탁건조기 일체형,LG 세탁건조기 일체형 워시타워 25kg 렌탈 W20WZNM 6년 구독 방문관리포함,https://rental-home.co.kr/product/detail.html?product_no=13335&cate_no=427&display_group=1&utm_source=naver&utm_medium=shopping&utm_campaign=knowledge_shopping&mkt_in=Y&ghost_mall_id=naver&ref=naver_open,https://shopping-phinf.pstatic.net/main_5102022/51020222683.jpg,data\staging\washer_dryer\세탁건조기_일체형\stg_0071.jpg,500,500,dedup_deleted,2026-05-26T14:15:06
세탁건조기 일체형,LG 세탁건조기 일체형 워시타워 25kg 렌탈 WL21EGN 6년구독 방문관리포함,https://rental-home.co.kr/product/detail.html?product_no=13338&cate_no=427&display_group=1&utm_source=naver&utm_medium=shopping&utm_campaign=knowledge_shopping&mkt_in=Y&ghost_mall_id=naver&ref=naver_open,https://shopping-phinf.pstatic.net/main_5102018/51020182858.jpg,data\staging\washer_dryer\세탁건조기_일체형\stg_0072.jpg,500,500,dedup_deleted,2026-05-26T14:15:07
세탁건조기 일체형,LG 세탁건조기 일체형 워시타워 25kg 렌탈 WL22YEZU 6년 구독 방문관리포함,https://60smart.co.kr/product/detail.html?product_no=13333&cate_no=427&display_group=1&utm_source=naver&utm_medium=shopping&utm_campaign=knowledge_shopping&mkt_in=Y&ghost_mall_id=naver&ref=naver_open,https://shopping-phinf.pstatic.net/main_5102026/51020265513.jpg,data\staging\washer_dryer\세탁건조기_일체형\stg_0073.jpg,500,500,dedup_deleted,2026-05-26T14:15:07
세탁건조기 일체형,LG 세탁건조기 일체형 워시타워 25kg 렌탈 W20WZNM 6년 구독 방문관리포함,https://lghello-rental.com/product/detail.html?product_no=13335&cate_no=427&display_group=1&utm_source=naver&utm_medium=shopping&utm_campaign=knowledge_shopping&mkt_in=Y&ghost_mall_id=naver&ref=naver_open,https://shopping-phinf.pstatic.net/main_5102050/51020502810.jpg,data\staging\washer_dryer\세탁건조기_일체형\stg_0074.jpg,500,500,dedup_deleted,2026-05-26T14:15:08
세탁건조기 일체형,LG 세탁건조기 일체형 워시타워 25kg 렌탈 WL22YMZU 6년 구독 방문관리포함,https://lghello-rental.com/product/detail.html?product_no=13334&cate_no=427&display_group=1&utm_source=naver&utm_medium=shopping&utm_campaign=knowledge_shopping&mkt_in=Y&ghost_mall_id=naver&ref=naver_open,https://shopping-phinf.pstatic.net/main_5102058/51020585632.jpg,data\staging\washer_dryer\세탁건조기_일체형\stg_0075.jpg,500,500,dedup_deleted,2026-05-26T14:15:09
세탁건조기 일체형,LG 세탁건조기 일체형 워시타워 25kg 렌탈 WL21EGN 6년구독 방문관리포함,https://coway-codi.com/product/detail.html?product_no=13338&cate_no=427&display_group=1&utm_source=naver&utm_medium=shopping&utm_campaign=knowledge_shopping&mkt_in=Y&ghost_mall_id=naver&ref=naver_open,https://shopping-phinf.pstatic.net/main_5102014/51020145732.jpg,data\staging\washer_dryer\세탁건조기_일체형\stg_0076.jpg,500,500,dedup_deleted,2026-05-26T14:15:09
세탁건조기 일체형,LG 세탁건조기 일체형 워시타워 25kg 렌탈 WL21GGN 6년 구독 방문관리포함,https://60smart.co.kr/product/detail.html?product_no=13336&cate_no=427&display_group=1&utm_source=naver&utm_medium=shopping&utm_campaign=knowledge_shopping&mkt_in=Y&ghost_mall_id=naver&ref=naver_open,https://shopping-phinf.pstatic.net/main_5102037/51020370702.jpg,data\staging\washer_dryer\세탁건조기_일체형\stg_0077.jpg,500,500,dedup_deleted,2026-05-26T14:15:10
세탁건조기 일체형,LG 세탁건조기 일체형 워시타워 25kg 렌탈 WL22MEZU 6년 구독 방문관리포함,https://60smart.co.kr/product/detail.html?product_no=13331&cate_no=427&display_group=1&utm_source=naver&utm_medium=shopping&utm_campaign=knowledge_shopping&mkt_in=Y&ghost_mall_id=naver&ref=naver_open,https://shopping-phinf.pstatic.net/main_5101996/51019968997.jpg,data\staging\washer_dryer\세탁건조기_일체형\stg_0078.jpg,500,500,dedup_deleted,2026-05-26T14:15:10
세탁건조기 일체형,LG 세탁건조기 일체형 워시타워 25kg 렌탈 W20WZNM 6년 구독 방문관리포함,https://coway-codi.com/product/detail.html?product_no=13335&cate_no=427&display_group=1&utm_source=naver&utm_medium=shopping&utm_campaign=knowledge_shopping&mkt_in=Y&ghost_mall_id=naver&ref=naver_open,https://shopping-phinf.pstatic.net/main_5102040/51020406449.jpg,data\staging\washer_dryer\세탁건조기_일체형\stg_0079.jpg,500,500,dedup_deleted,2026-05-26T14:15:11
세탁건조기 일체형,LG 세탁건조기 일체형 워시타워 25kg 렌탈 WL22YGZU 6년 구독 방문관리포함,https://rental-home.co.kr/product/detail.html?product_no=13332&cate_no=427&display_group=1&utm_source=naver&utm_medium=shopping&utm_campaign=knowledge_shopping&mkt_in=Y&ghost_mall_id=naver&ref=naver_open,https://shopping-phinf.pstatic.net/main_5102024/51020244479.jpg,data\staging\washer_dryer\세탁건조기_일체형\stg_0080.jpg,500,500,dedup_deleted,2026-05-26T14:15:12
세탁건조기 일체형,LG 워시콤보 세탁건조기 일체형 렌탈 오브제컬렉션 25kg 약정5년 FH25EAEF,https://coway-codi.com/product/detail.html?product_no=13463&cate_no=427&display_group=1&utm_source=naver&utm_medium=shopping&utm_campaign=knowledge_shopping&mkt_in=Y&ghost_mall_id=naver&ref=naver_open,https://shopping-phinf.pstatic.net/main_5155528/51555283619.jpg,data\staging\washer_dryer\세탁건조기_일체형\stg_0081.jpg,500,500,dedup_deleted,2026-05-26T14:15:12
세탁건조기 일체형,LG 세탁건조기 일체형 워시타워 25kg 렌탈 WL22YMZU 6년 구독 방문관리포함,https://coway-codi.com/product/detail.html?product_no=13334&cate_no=427&display_group=1&utm_source=naver&utm_medium=shopping&utm_campaign=knowledge_shopping&mkt_in=Y&ghost_mall_id=naver&ref=naver_open,https://shopping-phinf.pstatic.net/main_5101983/51019836469.jpg,data\staging\washer_dryer\세탁건조기_일체형\stg_0082.jpg,500,500,dedup_deleted,2026-05-26T14:15:13
세탁건조기 일체형,LG 세탁건조기 일체형 워시타워 25kg 렌탈 WL21EEN 6년구독 방문관리포함,https://60smart.co.kr/product/detail.html?product_no=13337&cate_no=427&display_group=1&utm_source=naver&utm_medium=shopping&utm_campaign=knowledge_shopping&mkt_in=Y&ghost_mall_id=naver&ref=naver_open,https://shopping-phinf.pstatic.net/main_5102041/51020414034.jpg,data\staging\washer_dryer\세탁건조기_일체형\stg_0083.jpg,500,500,dedup_deleted,2026-05-26T14:15:13
세탁건조기 일체형,LG 세탁건조기 일체형 워시타워 25kg 렌탈 WL22YGZU 6년 구독 방문관리포함,https://lghello-rental.com/product/detail.html?product_no=13332&cate_no=427&display_group=1&utm_source=naver&utm_medium=shopping&utm_campaign=knowledge_shopping&mkt_in=Y&ghost_mall_id=naver&ref=naver_open,https://shopping-phinf.pstatic.net/main_5102008/51020089859.jpg,data\staging\washer_dryer\세탁건조기_일체형\stg_0084.jpg,500,500,dedup_deleted,2026-05-26T14:15:14
세탁건조기 일체형,LG 세탁건조기 일체형 워시타워 25kg 렌탈 WL22YMZU 6년 구독 방문관리포함,https://rental-home.co.kr/product/detail.html?product_no=13334&cate_no=427&display_group=1&utm_source=naver&utm_medium=shopping&utm_campaign=knowledge_shopping&mkt_in=Y&ghost_mall_id=naver&ref=naver_open,https://shopping-phinf.pstatic.net/main_5102010/51020105172.jpg,data\staging\washer_dryer\세탁건조기_일체형\stg_0085.jpg,500,500,dedup_deleted,2026-05-26T14:15:14
세탁건조기 일체형,LG 세탁건조기 일체형 워시타워 25kg 렌탈 WL21GGN 6년 구독 방문관리포함,https://coway-codi.com/product/detail.html?product_no=13336&cate_no=427&display_group=1&utm_source=naver&utm_medium=shopping&utm_campaign=knowledge_shopping&mkt_in=Y&ghost_mall_id=naver&ref=naver_open,https://shopping-phinf.pstatic.net/main_5102015/51020159387.jpg,data\staging\washer_dryer\세탁건조기_일체형\stg_0086.jpg,500,500,dedup_deleted,2026-05-26T14:15:15
세탁건조기 일체형,LG 세탁건조기 일체형 워시타워 25kg 렌탈 W20WZNM 6년 구독 방문관리포함,https://60smart.co.kr/product/detail.html?product_no=13335&cate_no=427&display_group=1&utm_source=naver&utm_medium=shopping&utm_campaign=knowledge_shopping&mkt_in=Y&ghost_mall_id=naver&ref=naver_open,https://shopping-phinf.pstatic.net/main_5102050/51020509171.jpg,data\staging\washer_dryer\세탁건조기_일체형\stg_0087.jpg,500,500,dedup_deleted,2026-05-26T14:15:15
세탁건조기 일체형,LG 세탁건조기 일체형 워시타워 25kg 렌탈 WL21EGN 6년구독 방문관리포함,https://60smart.co.kr/product/detail.html?product_no=13338&cate_no=427&display_group=1&utm_source=naver&utm_medium=shopping&utm_campaign=knowledge_shopping&mkt_in=Y&ghost_mall_id=naver&ref=naver_open,https://shopping-phinf.pstatic.net/main_5102018/51020182391.jpg,data\staging\washer_dryer\세탁건조기_일체형\stg_0088.jpg,500,500,dedup_deleted,2026-05-26T14:15:16
세탁건조기 일체형,LG 세탁건조기 일체형 워시타워 25kg 렌탈 WL22YEZU 6년 구독 방문관리포함,https://lghello-rental.com/product/detail.html?product_no=13333&cate_no=427&display_group=1&utm_source=naver&utm_medium=shopping&utm_campaign=knowledge_shopping&mkt_in=Y&ghost_mall_id=naver&ref=naver_open,https://shopping-phinf.pstatic.net/main_5102056/51020565821.jpg,data\staging\washer_dryer\세탁건조기_일체형\stg_0089.jpg,500,500,dedup_deleted,2026-05-26T14:15:17
세탁건조기 일체형,LG 세탁건조기 일체형 워시타워 25kg 렌탈 WL21EGN 6년구독 방문관리포함,https://lghello-rental.com/product/detail.html?product_no=13338&cate_no=427&display_group=1&utm_source=naver&utm_medium=shopping&utm_campaign=knowledge_shopping&mkt_in=Y&ghost_mall_id=naver&ref=naver_open,https://shopping-phinf.pstatic.net/main_5101998/51019986461.jpg,data\staging\washer_dryer\세탁건조기_일체형\stg_0090.jpg,500,500,dedup_deleted,2026-05-26T14:15:17
세탁건조기 일체형,LG 세탁건조기 일체형 워시타워 25kg 렌탈 WL22MEZU 6년 구독 방문관리포함,https://coway-codi.com/product/detail.html?product_no=13331&cate_no=427&display_group=1&utm_source=naver&utm_medium=shopping&utm_campaign=knowledge_shopping&mkt_in=Y&ghost_mall_id=naver&ref=naver_open,https://shopping-phinf.pstatic.net/main_5102018/51020180927.jpg,data\staging\washer_dryer\세탁건조기_일체형\stg_0091.jpg,500,500,dedup_deleted,2026-05-26T14:15:18
세탁건조기 일체형,LG 세탁건조기 일체형 워시타워 25kg 렌탈 WL21EEN 6년구독 방문관리포함,https://rental-home.co.kr/product/detail.html?product_no=13337&cate_no=427&display_group=1&utm_source=naver&utm_medium=shopping&utm_campaign=knowledge_shopping&mkt_in=Y&ghost_mall_id=naver&ref=naver_open,https://shopping-phinf.pstatic.net/main_5102034/51020342007.jpg,data\staging\washer_dryer\세탁건조기_일체형\stg_0092.jpg,500,500,dedup_deleted,2026-05-26T14:15:18
세탁건조기 일체형,LG 세탁건조기 일체형 워시타워 25kg 렌탈 WL21EEN 6년구독 방문관리포함,https://coway-codi.com/product/detail.html?product_no=13337&cate_no=427&display_group=1&utm_source=naver&utm_medium=shopping&utm_campaign=knowledge_shopping&mkt_in=Y&ghost_mall_id=naver&ref=naver_open,https://shopping-phinf.pstatic.net/main_5102015/51020157012.jpg,data\staging\washer_dryer\세탁건조기_일체형\stg_0093.jpg,500,500,dedup_deleted,2026-05-26T14:15:19
세탁건조기 일체형,LG 세탁건조기 일체형 워시타워 25kg 렌탈 WL21GGN 6년 구독 방문관리포함,https://rental-home.co.kr/product/detail.html?product_no=13336&cate_no=427&display_group=1&utm_source=naver&utm_medium=shopping&utm_campaign=knowledge_shopping&mkt_in=Y&ghost_mall_id=naver&ref=naver_open,https://shopping-phinf.pstatic.net/main_5102003/51020032297.jpg,data\staging\washer_dryer\세탁건조기_일체형\stg_0094.jpg,500,500,dedup_deleted,2026-05-26T14:15:19
세탁건조기 일체형,LG 세탁건조기 일체형 워시타워 25kg 렌탈 WL22YGZU 6년 구독 방문관리포함,https://coway-codi.com/product/detail.html?product_no=13332&cate_no=427&display_group=1&utm_source=naver&utm_medium=shopping&utm_campaign=knowledge_shopping&mkt_in=Y&ghost_mall_id=naver&ref=naver_open,https://shopping-phinf.pstatic.net/main_5102062/51020621817.jpg,data\staging\washer_dryer\세탁건조기_일체형\stg_0095.jpg,500,500,dedup_deleted,2026-05-26T14:15:20
세탁건조기 일체형,LG 세탁건조기 일체형 컴팩트 워시타워 13kg 렌탈 W10EGN 6년구독 방문관리포함,https://lghello-rental.com/product/detail.html?product_no=13339&cate_no=427&display_group=1&utm_source=naver&utm_medium=shopping&utm_campaign=knowledge_shopping&mkt_in=Y&ghost_mall_id=naver&ref=naver_open,https://shopping-phinf.pstatic.net/main_5102044/51020443031.jpg,data\processed\washer_dryer\naver_0354.jpg,500,500,approved,2026-05-26T14:15:21
세탁건조기 일체형,LG 세탁건조기 일체형 컴팩트 워시타워 13kg 렌탈 W10WAN 6년구독 방문관리포함,https://rental-home.co.kr/product/detail.html?product_no=13340&cate_no=427&display_group=1&utm_source=naver&utm_medium=shopping&utm_campaign=knowledge_shopping&mkt_in=Y&ghost_mall_id=naver&ref=naver_open,https://shopping-phinf.pstatic.net/main_5102057/51020574544.jpg,data\staging\washer_dryer\세탁건조기_일체형\stg_0097.jpg,500,500,dedup_deleted,2026-05-26T14:15:21
세탁건조기 일체형,LG 세탁건조기 일체형 컴팩트 워시타워 13kg 렌탈 W10WAN 6년구독 방문관리포함,https://coway-codi.com/product/detail.html?product_no=13340&cate_no=427&display_group=1&utm_source=naver&utm_medium=shopping&utm_campaign=knowledge_shopping&mkt_in=Y&ghost_mall_id=naver&ref=naver_open,https://shopping-phinf.pstatic.net/main_5102023/51020239202.jpg,data\staging\washer_dryer\세탁건조기_일체형\stg_0098.jpg,500,500,dedup_deleted,2026-05-26T14:15:22
세탁건조기 일체형,LG 세탁건조기 일체형 컴팩트 워시타워 13kg 렌탈 W10EGN 6년구독 방문관리포함,https://rental-home.co.kr/product/detail.html?product_no=13339&cate_no=427&display_group=1&utm_source=naver&utm_medium=shopping&utm_campaign=knowledge_shopping&mkt_in=Y&ghost_mall_id=naver&ref=naver_open,https://shopping-phinf.pstatic.net/main_5102026/51020268071.jpg,data\staging\washer_dryer\세탁건조기_일체형\stg_0099.jpg,500,500,dedup_deleted,2026-05-26T14:15:22
드럼세탁기,LG 2025 신모델 트롬 드럼 세탁기+건조기겸용 오피스텔원룸 빌트인 건조겸용세탁기 9kg,https://smartstore.naver.com/main/products/11363681882,https://shopping-phinf.pstatic.net/main_8890819/88908192247.jpg,data\staging\washer_dryer\드럼세탁기\stg_0000.jpg,1000,1000,dedup_deleted,2026-05-26T14:15:24
드럼세탁기,LG 워시콤보 미니워시 화이트 세탁기 건조기 일체형 25kg 15kg 4kg,https://smartstore.naver.com/main/products/11277602754,https://shopping-phinf.pstatic.net/main_8882211/88822113085.4.jpg,data\staging\washer_dryer\드럼세탁기\stg_0001.jpg,1000,1000,dedup_deleted,2026-05-26T14:15:24
드럼세탁기,LG 트롬 드럼 세탁기+건조기 원룸 소형 빌트인 건조겸용 일체형 세탁기 9kg,https://smartstore.naver.com/main/products/7714495388,https://shopping-phinf.pstatic.net/main_8525899/85258995710.8.jpg,data\staging\washer_dryer\드럼세탁기\stg_0002.jpg,1000,1000,dedup_deleted,2026-05-26T14:15:25
드럼세탁기,삼성전자 비스포크 Bespoke AI 콤보 25/18kg 그레이지(WD80H25BHY),https://search.shopping.naver.com/catalog/60039991436,https://shopping-phinf.pstatic.net/main_6003999/60039991436.20260514144039.jpg,data\staging\washer_dryer\드럼세탁기\stg_0003.jpg,1000,1000,dedup_deleted,2026-05-26T14:15:25
드럼세탁기,삼성전자 삼성 WF21DG6650B 화이트(WF21DG6650BW),https://search.shopping.naver.com/catalog/54256968649,https://shopping-phinf.pstatic.net/main_5425696/54256968649.20250417154658.jpg,data\staging\washer_dryer\드럼세탁기\stg_0004.jpg,1000,1000,dedup_deleted,2026-05-26T14:15:25
드럼세탁기,삼성전자 비스포크AI콤보 Bespoke AI 콤보 25/20kg (177.8mm LCD) 화이트 (WD90H25BHW),https://search.shopping.naver.com/catalog/59473054823,https://shopping-phinf.pstatic.net/main_5947305/59473054823.20260401091857.jpg,data\processed\washer_dryer\naver_0199.jpg,500,500,approved,2026-05-26T14:15:26
드럼세탁기,삼성전자 비스포크AI콤보 WD90H25AH 다크스틸(WD90H25AHS),https://search.shopping.naver.com/catalog/59759635912,https://shopping-phinf.pstatic.net/main_5975963/59759635912.20260422101153.jpg,data\staging\washer_dryer\드럼세탁기\stg_0006.jpg,600,600,dedup_deleted,2026-05-26T14:15:26
드럼세탁기,이노스 젠틀스노우 올인원 세탁건조기 화이트,https://search.shopping.naver.com/catalog/59319727475,https://shopping-phinf.pstatic.net/main_5931972/59319727475.20260319144703.jpg,data\staging\washer_dryer\드럼세탁기\stg_0007.jpg,1000,1000,dedup_deleted,2026-05-26T14:15:27
드럼세탁기,[전국설치] LG 트롬 드럼세탁기 9kg F9WTBQ 빌트인 원룸 오피스텔 인증점 사업자,https://smartstore.naver.com/main/products/10185669619,https://shopping-phinf.pstatic.net/main_8773017/87730173030.1.jpg,data\processed\washer_dryer\naver_0200.jpg,1000,1000,approved,2026-05-26T14:15:27
드럼세탁기,삼성전자 그랑데 세탁기 21 kg 화이트(WF21T6000KW),https://search.shopping.naver.com/catalog/53901963276,https://shopping-phinf.pstatic.net/main_5390196/53901963276.20250401130348.jpg,data\processed\washer_dryer\naver_0201.jpg,1000,1000,approved,2026-05-26T14:15:28
드럼세탁기,삼성전자 비스포크AI콤보 WD80F25CH 화이트(WD80F25CHW),https://search.shopping.naver.com/catalog/56437890380,https://shopping-phinf.pstatic.net/main_5643789/56437890380.20250826111050.jpg,data\staging\washer_dryer\드럼세탁기\stg_0010.jpg,500,500,dedup_deleted,2026-05-26T14:15:28
드럼세탁기,LG전자 LG 트롬 21kg 스테인리스 실버(F21VDSK),https://search.shopping.naver.com/catalog/53668152581,https://shopping-phinf.pstatic.net/main_5366815/53668152581.20251021123115.jpg,data\processed\washer_dryer\naver_0202.jpg,1000,1000,approved,2026-05-26T14:15:29
드럼세탁기,LG 트롬 워시콤보 1등급 세탁기 건조기 일체형,https://smartstore.naver.com/main/products/11277622861,https://shopping-phinf.pstatic.net/main_8882213/88822133192.4.jpg,data\staging\washer_dryer\드럼세탁기\stg_0012.jpg,1000,1000,dedup_deleted,2026-05-26T14:15:29
드럼세탁기,삼성 그랑데 AI 세탁기 건조기 일체형 AI 25KG +21KG 세트 1등급 화이트,https://smartstore.naver.com/main/products/13093012648,https://shopping-phinf.pstatic.net/main_9063752/90637523740.jpg,data\staging\washer_dryer\드럼세탁기\stg_0013.jpg,1080,1080,dedup_deleted,2026-05-26T14:15:30
드럼세탁기,삼성전자  비스포크AI콤보 25/18kg  그레이지(WD90F25CHY),https://search.shopping.naver.com/catalog/53875748123,https://shopping-phinf.pstatic.net/main_5387574/53875748123.20250331164258.jpg,data\staging\washer_dryer\드럼세탁기\stg_0014.jpg,500,500,dedup_deleted,2026-05-26T14:15:30
드럼세탁기,LG전자 트롬 오브제컬렉션 워시콤보 + 미니워시 FH25 네이처 베이지 FH25ES+FX4EC (FH25ESX),https://search.shopping.naver.com/catalog/53374084219,https://shopping-phinf.pstatic.net/main_5337408/53374084219.20250325103135.jpg,data\staging\washer_dryer\드럼세탁기\stg_0015.jpg,860,1000,dedup_deleted,2026-05-26T14:15:31
드럼세탁기,LG전자 트롬 FY9WT 화이트,https://search.shopping.naver.com/catalog/53806649019,https://shopping-phinf.pstatic.net/main_5380664/53806649019.20250327151602.jpg,data\processed\washer_dryer\naver_0203.jpg,1000,1000,approved,2026-05-26T14:15:31
드럼세탁기,삼성전자 비스포크AI콤보 25/18kg (177.8mm LCD) 다크스틸(WD90F25AHS),https://search.shopping.naver.com/catalog/53901528145,https://shopping-phinf.pstatic.net/main_5390152/53901528145.20250401123743.jpg,data\staging\washer_dryer\드럼세탁기\stg_0017.jpg,500,383,dedup_deleted,2026-05-26T14:15:32
드럼세탁기,LG전자 트롬 오브제컬렉션 워시콤보 25/15kg 릴리 화이트(FH25WA),https://search.shopping.naver.com/catalog/53548752960,https://shopping-phinf.pstatic.net/main_5354875/53548752960.20251021123648.jpg,data\staging\washer_dryer\드럼세탁기\stg_0018.jpg,1000,1000,dedup_deleted,2026-05-26T14:15:32
드럼세탁기,LG전자 LG 트롬 세탁기 12kg 화이트(F12WVA),https://search.shopping.naver.com/catalog/53531354528,https://shopping-phinf.pstatic.net/main_5353135/53531354528.20251021122958.jpg,data\staging\washer_dryer\드럼세탁기\stg_0019.jpg,1000,1000,dedup_deleted,2026-05-26T14:15:32
드럼세탁기,삼성전자 비스포크 그랑데 드럼 세탁기 AI 24kg (올인원컨트롤) 그레이지(WF24CB8850BE),https://search.shopping.naver.com/catalog/53901464347,https://shopping-phinf.pstatic.net/main_5390146/53901464347.20250401122006.jpg,data\staging\washer_dryer\드럼세탁기\stg_0020.jpg,500,383,dedup_deleted,2026-05-26T14:15:33
드럼세탁기,삼성 드럼 세탁기 21KG 그랑데 버블 화이트 1등급 WF21T6000KW 설치포함,https://smartstore.naver.com/main/products/11213691499,https://shopping-phinf.pstatic.net/main_8875820/88758201830.1.jpg,data\processed\washer_dryer\naver_0204.jpg,1000,1000,approved,2026-05-26T14:15:33
드럼세탁기,LG 소형 원룸세탁기 F9WTBQ 빌트인 오피스텔 미니 9kg 드럼세탁기 트롬 사업자용,https://smartstore.naver.com/main/products/10862519070,https://shopping-phinf.pstatic.net/main_8840702/88407025083.4.jpg,data\processed\washer_dryer\naver_0205.jpg,1000,1000,approved,2026-05-26T14:15:34
드럼세탁기,LG전자 LG 트롬 오브제컬렉션 세탁기 24kg 네이처 베이지(FX24ENE),https://search.shopping.naver.com/catalog/53903523735,https://shopping-phinf.pstatic.net/main_5390352/53903523735.20251021124045.jpg,data\staging\washer_dryer\드럼세탁기\stg_0023.jpg,1000,1000,dedup_deleted,2026-05-26T14:15:34
드럼세탁기,삼성 빌트인 원룸 드럼세탁기 9KG WW90T3100KW 오피스텔,https://smartstore.naver.com/main/products/6449836379,https://shopping-phinf.pstatic.net/main_8399433/83994336712.6.jpg,data\processed\washer_dryer\naver_0206.jpg,1080,1080,approved,2026-05-26T14:15:35
드럼세탁기,LG 트롬 오브제컬렉션 25KG 드럼 세탁기 베이지 FX25ENR,https://smartstore.naver.com/main/products/11325646496,https://shopping-phinf.pstatic.net/main_8887015/88870156827.2.jpg,data\processed\washer_dryer\naver_0207.jpg,1000,1000,approved,2026-05-26T14:15:35
드럼세탁기,NEW [ 자동문열림 ] 삼성 비스포크 AI 콤보 1등급 올인원 25 + 18 다크스틸,https://smartstore.naver.com/main/products/11951525551,https://shopping-phinf.pstatic.net/main_8949603/89496036239.jpg,data\staging\washer_dryer\드럼세탁기\stg_0026.jpg,700,700,dedup_deleted,2026-05-26T14:15:36
드럼세탁기,[전국설치] LG 빌트인 드럼세탁기 9키로 FY9WTB 원룸 세탁건조기겸용 트롬 인증점,https://smartstore.naver.com/main/products/7714952693,https://shopping-phinf.pstatic.net/main_8525945/85259453015.4.jpg,data\staging\washer_dryer\드럼세탁기\stg_0027.jpg,1000,1000,dedup_deleted,2026-05-26T14:15:36
드럼세탁기,삼성전자 삼성 WF25DG8650BV 블랙캐비어,https://search.shopping.naver.com/catalog/53871742093,https://shopping-phinf.pstatic.net/main_5387174/53871742093.20250331084056.jpg,data\processed\washer_dryer\naver_0208.jpg,1000,1000,approved,2026-05-26T14:15:37
드럼세탁기,LG전자 트롬 F12WVAR 화이트,https://search.shopping.naver.com/catalog/59217867630,https://shopping-phinf.pstatic.net/main_5921786/59217867630.20260311163413.jpg,data\staging\washer_dryer\드럼세탁기\stg_0029.jpg,1000,1000,dedup_deleted,2026-05-26T14:15:37
드럼세탁기,LG전자 LG 트롬 세탁기 15kg 화이트(F15WQWP),https://search.shopping.naver.com/catalog/53507918904,https://shopping-phinf.pstatic.net/main_5350791/53507918904.20250829165439.jpg,data\processed\washer_dryer\naver_0209.jpg,2000,2000,approved,2026-05-26T14:15:38
드럼세탁기,LG 오브제 AI콤보 세탁기건조기 일체형 + 미니워시4kg 올인원 1등급,https://smartstore.naver.com/main/products/13340219450,https://shopping-phinf.pstatic.net/main_9088472/90884729782.jpg,data\staging\washer_dryer\드럼세탁기\stg_0031.jpg,1024,1024,dedup_deleted,2026-05-26T14:15:38
드럼세탁기,삼성전자 비스포크 BESPOKE 그랑데 드럼 세탁기 AI 슬림 13kg (WW13BB844DGB) 블랙캐비어,https://search.shopping.naver.com/catalog/53824297850,https://shopping-phinf.pstatic.net/main_5382429/53824297850.20250328093202.jpg,data\processed\washer_dryer\naver_0210.jpg,700,700,approved,2026-05-26T14:15:39
드럼세탁기,LG 트롬 세탁건조기 렌탈 워시콤보 일체형 오브제컬렉션 FH24EN 6년약정,https://rental-all.co.kr/product/detail.html?product_no=12232,https://shopping-phinf.pstatic.net/main_5793977/57939773854.jpg,data\staging\washer_dryer\드럼세탁기\stg_0033.jpg,600,600,dedup_deleted,2026-05-26T14:15:39
드럼세탁기,삼성전자 삼성 WF25DG8650BW 화이트,https://search.shopping.naver.com/catalog/53871190437,https://shopping-phinf.pstatic.net/main_5387119/53871190437.20250331083106.jpg,data\staging\washer_dryer\드럼세탁기\stg_0034.jpg,1000,1000,dedup_deleted,2026-05-26T14:15:40
드럼세탁기,LG전자 워시콤보 FH25WA + FX4WC (FH25WAX) 화이트,https://search.shopping.naver.com/catalog/53531842287,https://shopping-phinf.pstatic.net/main_5353184/53531842287.20250313174934.jpg,data\staging\washer_dryer\드럼세탁기\stg_0035.jpg,1000,1000,dedup_deleted,2026-05-26T14:15:40
드럼세탁기,삼성전자 비스포크AI WF80F25BDY 그레이지(WF80F25BDY),https://search.shopping.naver.com/catalog/56438564028,https://shopping-phinf.pstatic.net/main_5643856/56438564028.20250826122403.jpg,data\staging\washer_dryer\드럼세탁기\stg_0036.jpg,1920,1280,dedup_deleted,2026-05-26T14:15:41
드럼세탁기,LG전자 (LG)LG가전 트롬 오브제컬렉션 워시콤보 스팀 미니워시팩 FH25ESX 베이지,https://link.gmarket.co.kr/gate/pcs?item-no=4478756818&sub-id=1003&service-code=10000003&lcd=100000092,https://shopping-phinf.pstatic.net/main_5852749/58527499468.jpg,data\staging\washer_dryer\드럼세탁기\stg_0037.jpg,600,600,dedup_deleted,2026-05-26T14:15:41
드럼세탁기,삼성전자 그랑데 WF19T6000KW 화이트,https://search.shopping.naver.com/catalog/53509044669,https://shopping-phinf.pstatic.net/main_5350904/53509044669.20250312150354.jpg,data\staging\washer_dryer\드럼세탁기\stg_0038.jpg,750,750,dedup_deleted,2026-05-26T14:15:42
드럼세탁기,LG전자 트롬 F9WTQ 화이트,https://search.shopping.naver.com/catalog/53627776248,https://shopping-phinf.pstatic.net/main_5362777/53627776248.20250318164015.jpg,data\staging\washer_dryer\드럼세탁기\stg_0039.jpg,500,500,dedup_deleted,2026-05-26T14:15:42
드럼세탁기,LG전자 트롬 F17NTPR 네이처 에센스 블랙,https://search.shopping.naver.com/catalog/59217669587,https://shopping-phinf.pstatic.net/main_5921766/59217669587.20260311160723.jpg,data\processed\washer_dryer\naver_0211.jpg,1000,1000,approved,2026-05-26T14:15:43
드럼세탁기,LG전자 트롬  F21VDSKR 스테인리스 실버,https://search.shopping.naver.com/catalog/59062383235,https://shopping-phinf.pstatic.net/main_5906238/59062383235.20260226121044.jpg,data\staging\washer_dryer\드럼세탁기\stg_0041.jpg,500,500,dedup_deleted,2026-05-26T14:15:43
드럼세탁기,[전국설치] LG 빌트인 드럼세탁기 9키로 F9WTB 신모델 원룸 오피스텔 트롬 인증점,https://smartstore.naver.com/main/products/7719623476,https://shopping-phinf.pstatic.net/main_8526412/85264123867.7.jpg,data\processed\washer_dryer\naver_0212.jpg,1000,1000,approved,2026-05-26T14:15:44
드럼세탁기,삼성 세탁기 렌탈 비스포크 그랑데 AI 화이트 60개월약정 WF24CB8850BW,https://rentalstores.cafe24.com/product/detail.html?product_no=570,https://shopping-phinf.pstatic.net/main_5867077/58670779640.jpg,data\staging\washer_dryer\드럼세탁기\stg_0043.jpg,1890,1890,dedup_deleted,2026-05-26T14:15:45
드럼세탁기,LG전자 트롬 워시콤보 FH25 네이처 베이지(FH25ESE),https://search.shopping.naver.com/catalog/52997919646,https://shopping-phinf.pstatic.net/main_5299791/52997919646.20251021123439.jpg,data\processed\washer_dryer\naver_0213.jpg,1000,1000,approved,2026-05-26T14:15:45
드럼세탁기,삼성전자 그랑데AI WW12T504DTW 화이트,https://search.shopping.naver.com/catalog/53550577641,https://shopping-phinf.pstatic.net/main_5355057/53550577641.20250314170845.jpg,data\processed\washer_dryer\naver_0214.jpg,500,500,approved,2026-05-26T14:15:46
드럼세탁기,LG전자 FH25EA + FX4EC (FH25EAX) 네이처 베이지,https://search.shopping.naver.com/catalog/53530121479,https://shopping-phinf.pstatic.net/main_5353012/53530121479.20250313150829.jpg,data\staging\washer_dryer\드럼세탁기\stg_0046.jpg,500,500,dedup_deleted,2026-05-26T14:15:46
드럼세탁기,삼성전자 비스포크 그랑데 드럼 세탁기 AI 25kg (올인원컨트롤) 블랙캐비어(WF25CB8895BV),https://search.shopping.naver.com/catalog/53645047552,https://shopping-phinf.pstatic.net/main_5364504/53645047552.20250325163901.jpg,data\processed\washer_dryer\naver_0215.jpg,350,350,approved,2026-05-26T14:15:47
드럼세탁기,LG전자 트롬 FH24WN + FX4WC(FH24WNX) 릴리 화이트,https://search.shopping.naver.com/catalog/59786497852,https://shopping-phinf.pstatic.net/main_5978649/59786497852.20260424143425.jpg,data\staging\washer_dryer\드럼세탁기\stg_0048.jpg,1000,1000,dedup_deleted,2026-05-26T14:15:47
드럼세탁기,LG전자 F9WTBQ 화이트,https://search.shopping.naver.com/catalog/53595552103,https://shopping-phinf.pstatic.net/main_5359555/53595552103.20250317085742.jpg,data\staging\washer_dryer\드럼세탁기\stg_0049.jpg,500,500,dedup_deleted,2026-05-26T14:15:48
드럼세탁기,삼성전자 비스포크AI콤보 WD90H25AH+수납함 그레이지,https://search.shopping.naver.com/catalog/59760766419,https://shopping-phinf.pstatic.net/main_5976076/59760766419.20260422122350.jpg,data\processed\washer_dryer\naver_0216.jpg,600,600,approved,2026-05-26T14:15:48
드럼세탁기,삼성전자 삼성 2025 AI 세탁기 25kg WF25DG8250 블랙캐비어(WF25DG8250BV),https://search.shopping.naver.com/catalog/59558997308,https://shopping-phinf.pstatic.net/main_5955899/59558997308.20260406142027.jpg,data\processed\washer_dryer\naver_0217.jpg,500,500,approved,2026-05-26T14:15:48
드럼세탁기,삼성전자 삼성전자 WF40F09N0Y 드럼세탁기 9kg 빌트인전용 물류설치 폐가전수거,https://link.gmarket.co.kr/gate/pcs?item-no=4685394499&sub-id=1003&service-code=10000003&lcd=100000092,https://shopping-phinf.pstatic.net/main_5905476/59054766634.jpg,data\processed\washer_dryer\naver_0218.jpg,600,600,approved,2026-05-26T14:15:49
드럼세탁기,LG 세탁기 렌탈 오브제컬렉션 25kg 72개월의무 12개월방문관리 FX25GFG,https://rentalstores.cafe24.com/product/detail.html?product_no=10499,https://shopping-phinf.pstatic.net/main_5867077/58670777259.jpg,data\staging\washer_dryer\드럼세탁기\stg_0053.jpg,1890,1890,dedup_deleted,2026-05-26T14:15:49
드럼세탁기,삼성전자 삼성 WW90T3000KW 화이트,https://search.shopping.naver.com/catalog/53510038078,https://shopping-phinf.pstatic.net/main_5351003/53510038078.20250312164051.jpg,data\processed\washer_dryer\naver_0219.jpg,750,750,approved,2026-05-26T14:15:50
드럼세탁기,LG전자 트롬 F21WDSPR 화이트,https://search.shopping.naver.com/catalog/59203912196,https://shopping-phinf.pstatic.net/main_5920391/59203912196.20260310154336.jpg,data\staging\washer_dryer\드럼세탁기\stg_0055.jpg,500,500,dedup_deleted,2026-05-26T14:15:50
드럼세탁기,삼성전자 삼성 WW90T3100KW 화이트,https://search.shopping.naver.com/catalog/53545157254,https://shopping-phinf.pstatic.net/main_5354515/53545157254.20250314094345.jpg,data\processed\washer_dryer\naver_0220.jpg,350,350,approved,2026-05-26T14:15:51
드럼세탁기,LG전자 트롬 F9WTB 화이트,https://search.shopping.naver.com/catalog/53597150710,https://shopping-phinf.pstatic.net/main_5359715/53597150710.20250317121159.jpg,data\processed\washer_dryer\naver_0221.jpg,1000,1000,approved,2026-05-26T14:15:51
드럼세탁기,"[소상공인 정부지원 40% 환급] 이노스 젠틀스노우 올인원 세탁기 건조기 일체형 세탁 10kg, 건조 7kg 방문설치",https://smartstore.naver.com/main/products/13267664689,https://shopping-phinf.pstatic.net/main_9081217/90812175021.jpg,data\staging\washer_dryer\드럼세탁기\stg_0058.jpg,1000,1000,dedup_deleted,2026-05-26T14:15:52
드럼세탁기,삼성 비스포크 AI콤보 세탁25kg 건조18kg 26년형 일체형 1등급 WD80H25BHY,https://smartstore.naver.com/main/products/13135789727,https://shopping-phinf.pstatic.net/main_9068030/90680300819.3.jpg,data\processed\washer_dryer\naver_0222.jpg,1000,1000,approved,2026-05-26T14:15:52
드럼세탁기,삼성 비스포크 AI콤보 세탁기건조기 일체형 WD80H25BHB 25kg+18kg 26년형,https://smartstore.naver.com/main/products/13104010687,https://shopping-phinf.pstatic.net/main_9064852/90648521779.jpg,data\staging\washer_dryer\드럼세탁기\stg_0060.jpg,1000,1000,dedup_deleted,2026-05-26T14:15:53
드럼세탁기,삼성전자 삼성 AI 세탁기 WF21DG6650BV 21kg 블랙,https://link.gmarket.co.kr/gate/pcs?item-no=4315423159&sub-id=1003&service-code=10000003&lcd=100000092,https://shopping-phinf.pstatic.net/main_5295982/52959823487.17.jpg,data\processed\washer_dryer\naver_0223.jpg,1000,1000,approved,2026-05-26T14:15:53
드럼세탁기,LG전자 트롬 FG21EN 네이처 베이지,https://search.shopping.naver.com/catalog/53597131819,https://shopping-phinf.pstatic.net/main_5359713/53597131819.20251015223943.jpg,data\staging\washer_dryer\드럼세탁기\stg_0062.jpg,350,350,dedup_deleted,2026-05-26T14:15:54
드럼세탁기,삼성 비스포크 AI콤보 일체형 세탁건조기 WD90F25CHY 1등급,https://smartstore.naver.com/main/products/11514491040,https://shopping-phinf.pstatic.net/main_8905900/89059001413.6.jpg,data\staging\washer_dryer\드럼세탁기\stg_0063.jpg,1000,1000,dedup_deleted,2026-05-26T14:15:54
드럼세탁기,LG전자 LG 트롬 세탁기 24kg  릴리 화이트(FX24WS),https://search.shopping.naver.com/catalog/53549966200,https://shopping-phinf.pstatic.net/main_5354996/53549966200.20251021124132.jpg,data\staging\washer_dryer\드럼세탁기\stg_0064.jpg,1000,1000,dedup_deleted,2026-05-26T14:15:55
드럼세탁기,중고 드럼세탁기 DL9키로 kg 완전분해통세척완료,https://smartstore.naver.com/main/products/8939995977,https://shopping-phinf.pstatic.net/main_8648449/86484496300.7.jpg,data\processed\washer_dryer\naver_0224.jpg,3060,4080,approved,2026-05-26T14:15:55
드럼세탁기,LG전자 트롬 워시콤보 + 미니워시 FH25 네이처 베이지 FH25ESE+FX4EC (FH25ESEFX),https://search.shopping.naver.com/catalog/52997859180,https://shopping-phinf.pstatic.net/main_5299785/52997859180.20250213103014.jpg,data\staging\washer_dryer\드럼세탁기\stg_0066.jpg,350,350,dedup_deleted,2026-05-26T14:15:56
드럼세탁기,LG전자 트롬 F9WPBY 화이트,https://search.shopping.naver.com/catalog/53549707401,https://shopping-phinf.pstatic.net/main_5354970/53549707401.20250314153636.jpg,data\processed\washer_dryer\naver_0225.jpg,1000,1000,approved,2026-05-26T14:15:56
드럼세탁기,LG전자 F9WT 화이트,https://search.shopping.naver.com/catalog/53624109456,https://shopping-phinf.pstatic.net/main_5362410/53624109456.20250318091338.jpg,data\staging\washer_dryer\드럼세탁기\stg_0068.jpg,500,500,dedup_deleted,2026-05-26T14:15:57
드럼세탁기,LG전자 워시콤보 FH25KA 스페이스 블랙,https://search.shopping.naver.com/catalog/53872547418,https://shopping-phinf.pstatic.net/main_5387254/53872547418.20251015225750.jpg,data\processed\washer_dryer\naver_0226.jpg,350,350,approved,2026-05-26T14:15:57
드럼세탁기,LG전자 트롬 F24VDLP 스테인리스 실버,https://search.shopping.naver.com/catalog/53548859486,https://shopping-phinf.pstatic.net/main_5354885/53548859486.20251015224817.jpg,data\staging\washer_dryer\드럼세탁기\stg_0070.jpg,350,350,dedup_deleted,2026-05-26T14:15:58
드럼세탁기,삼성전자 그랑데 드럼 세탁기 WF19T6000KW 19kg 화이트 방문설치 에너지 1등급 으뜸효율 가전,https://link.coupang.com/re/PCSNAVERPCSDP?pageKey=1722408595&ctag=1722408595&lptag=I2931609886&itemId=2931609886&vendorItemId=70920207939&spec=10305197,https://shopping-phinf.pstatic.net/main_2328165/23281655241.363.jpg,data\processed\washer_dryer\naver_0227.jpg,2000,2000,approved,2026-05-26T14:15:58
드럼세탁기,LG전자 트롬 F17CTP 글로우 에센스 화이트,https://search.shopping.naver.com/catalog/53786238671,https://shopping-phinf.pstatic.net/main_5378623/53786238671.20250326115602.jpg,data\staging\washer_dryer\드럼세탁기\stg_0072.jpg,1000,1000,dedup_deleted,2026-05-26T14:15:59
드럼세탁기,삼성 AI 세탁기 25kg 화이트 대용량 1등급 WF25DG8650BW,https://smartstore.naver.com/main/products/11528271190,https://shopping-phinf.pstatic.net/main_8907278/89072781596.6.jpg,data\staging\washer_dryer\드럼세탁기\stg_0073.jpg,1000,1000,dedup_deleted,2026-05-26T14:15:59
드럼세탁기,삼성 AI 세탁기 21kg WF21DG6650BV 1등급,https://smartstore.naver.com/main/products/11461447219,https://shopping-phinf.pstatic.net/main_8900595/89005957584.5.jpg,data\staging\washer_dryer\드럼세탁기\stg_0074.jpg,1000,1000,dedup_deleted,2026-05-26T14:15:59
드럼세탁기,LG전자 LG 트롬 오브제컬렉션 세탁기 23kg 네이처 베이지(FX23ENE),https://search.shopping.naver.com/catalog/53808205514,https://shopping-phinf.pstatic.net/main_5380820/53808205514.20250826144049.jpg,data\staging\washer_dryer\드럼세탁기\stg_0075.jpg,300,300,dedup_deleted,2026-05-26T14:16:00
드럼세탁기,LG전자 (LG)O LG 오브제컬렉션 워시콤보 + 미니워시 FH25ESX,https://link.gmarket.co.kr/gate/pcs?item-no=4496934290&sub-id=1003&service-code=10000003&lcd=100000092,https://shopping-phinf.pstatic.net/main_5848986/58489869248.jpg,data\processed\washer_dryer\naver_0228.jpg,600,600,approved,2026-05-26T14:16:00
드럼세탁기,삼성 빌트인 드럼 세탁기 건조기 겸용 일체형 WD40F09N0Y,https://smartstore.naver.com/main/products/12554455698,https://shopping-phinf.pstatic.net/main_9009896/90098966561.1.jpg,data\staging\washer_dryer\드럼세탁기\stg_0077.jpg,600,600,dedup_deleted,2026-05-26T14:16:01
드럼세탁기,LG전자 트롬 FX25EFE 네이처 베이지,https://search.shopping.naver.com/catalog/57150841094,https://shopping-phinf.pstatic.net/main_5715084/57150841094.20251010120740.jpg,data\staging\washer_dryer\드럼세탁기\stg_0078.jpg,350,350,dedup_deleted,2026-05-26T14:16:01
드럼세탁기,삼성전자 그랑데 드럼 세탁기 AI 21kg 화이트(WF21T6500KW),https://search.shopping.naver.com/catalog/53874343093,https://shopping-phinf.pstatic.net/main_5387434/53874343093.20250331151011.jpg,data\staging\washer_dryer\드럼세탁기\stg_0079.jpg,800,800,dedup_deleted,2026-05-26T14:16:02
드럼세탁기,로보락 H1 Lite   화이트,https://search.shopping.naver.com/catalog/53664794818,https://shopping-phinf.pstatic.net/main_5366479/53664794818.20250320115240.jpg,data\processed\washer_dryer\naver_0229.jpg,300,300,approved,2026-05-26T14:16:02
드럼세탁기,원룸 세탁기 대우 위니아 9kg 빌트인 드럼 소형 세탁기,https://smartstore.naver.com/main/products/4407539648,https://shopping-phinf.pstatic.net/main_8195206/81952062098.7.jpg,data\processed\washer_dryer\naver_0230.jpg,1000,1000,approved,2026-05-26T14:16:03
드럼세탁기,LG전자 트롬 F24WDWP 화이트(유광),https://search.shopping.naver.com/catalog/53509488670,https://shopping-phinf.pstatic.net/main_5350948/53509488670.20251015224410.jpg,data\staging\washer_dryer\드럼세탁기\stg_0082.jpg,350,350,dedup_deleted,2026-05-26T14:16:03
드럼세탁기,LG전자 워시콤보 FH25KA + FX4KCQ (FH25KAX) 스페이스블랙,https://search.shopping.naver.com/catalog/53599525006,https://shopping-phinf.pstatic.net/main_5359952/53599525006.20250317170241.jpg,data\processed\washer_dryer\naver_0231.jpg,350,350,approved,2026-05-26T14:16:04
드럼세탁기,삼성전자 WF21T6000KW  삼성전자 드럼 세탁기 21kg /DS,https://link.gmarket.co.kr/gate/pcs?item-no=4322464863&sub-id=1003&service-code=10000003&lcd=100000092,https://shopping-phinf.pstatic.net/main_5307402/53074024546.12.jpg,data\processed\washer_dryer\naver_0232.jpg,600,600,approved,2026-05-26T14:16:04
드럼세탁기,LG전자 트롬 F9WKBY 화이트,https://search.shopping.naver.com/catalog/53644952888,https://shopping-phinf.pstatic.net/main_5364495/53644952888.20250319102448.jpg,data\staging\washer_dryer\드럼세탁기\stg_0085.jpg,500,500,dedup_deleted,2026-05-26T14:16:04
드럼세탁기,LG전자 트롬 F24WDWPR 화이트,https://search.shopping.naver.com/catalog/59373654460,https://shopping-phinf.pstatic.net/main_5937365/59373654460.20260324102518.jpg,data\staging\washer_dryer\드럼세탁기\stg_0086.jpg,500,500,dedup_deleted,2026-05-26T14:16:05
드럼세탁기,LG전자 트롬 F12VVAR 모던 스테인리스,https://search.shopping.naver.com/catalog/59574977016,https://shopping-phinf.pstatic.net/main_5957497/59574977016.20260407174959.jpg,data\staging\washer_dryer\드럼세탁기\stg_0087.jpg,500,500,dedup_deleted,2026-05-26T14:16:05
드럼세탁기,삼성전자 비스포크 WF90F25AD 그레이지(WF90F25ADY),https://search.shopping.naver.com/catalog/58401004950,https://shopping-phinf.pstatic.net/main_5840100/58401004950.20260106120907.jpg,data\processed\washer_dryer\naver_0233.jpg,646,640,approved,2026-05-26T14:16:06
드럼세탁기,삼성 비스코프 AI 워시 콤보 세탁기건조기 일체형 25kg + 18kg 올인원 1등급,https://smartstore.naver.com/main/products/12427783932,https://shopping-phinf.pstatic.net/main_8997229/89972294679.jpg,data\staging\washer_dryer\드럼세탁기\stg_0089.jpg,1000,1000,dedup_deleted,2026-05-26T14:16:06
드럼세탁기,LG 트롬 오브제컬렉션 드럼 세탁기 19~21KG 그린 (FG19GN),https://smartstore.naver.com/main/products/11325622085,https://shopping-phinf.pstatic.net/main_8887013/88870132416.2.jpg,data\staging\washer_dryer\드럼세탁기\stg_0090.jpg,1000,1000,dedup_deleted,2026-05-26T14:16:07
드럼세탁기,엘지 트롬 건조겸용 드럼세탁기 14kg / 8kg,https://link.coupang.com/re/PCSNAVERPCSDP?pageKey=9521978979&ctag=9521978979&lptag=I28386631780&itemId=28386631780&vendorItemId=95338183217&spec=10305199,https://shopping-phinf.pstatic.net/main_5988888/59888888281.jpg,data\staging\washer_dryer\드럼세탁기\stg_0091.jpg,1000,1000,dedup_deleted,2026-05-26T14:16:07
드럼세탁기,LG 통돌이 세탁기 렌탈 트롬 25kg 72개월의무 12개월방문관리 T25PX9,https://rentalstores.cafe24.com/product/detail.html?product_no=10500,https://shopping-phinf.pstatic.net/main_5867077/58670777081.jpg,data\staging\washer_dryer\드럼세탁기\stg_0092.jpg,1890,1890,dedup_deleted,2026-05-26T14:16:08
드럼세탁기,삼성전자 삼성 AI 세탁기25kg WF25DG8650BV 블랙캐비어 1등급,https://link.gmarket.co.kr/gate/pcs?item-no=4315876690&sub-id=1003&service-code=10000003&lcd=100000092,https://shopping-phinf.pstatic.net/main_5296409/52964099360.29.jpg,data\staging\washer_dryer\드럼세탁기\stg_0093.jpg,600,600,dedup_deleted,2026-05-26T14:16:08
드럼세탁기,LG 세탁기 렌탈 72개월약정 F21WDLP,https://rentaldirect4.cafe24.com/product/detail.html?product_no=2424,https://shopping-phinf.pstatic.net/main_5545286/55452861341.jpg,data\staging\washer_dryer\드럼세탁기\stg_0094.jpg,2000,2000,dedup_deleted,2026-05-26T14:16:09
드럼세탁기,LG전자 트롬 F24VDSPR 스테인리스 실버,https://search.shopping.naver.com/catalog/59571329885,https://shopping-phinf.pstatic.net/main_5957132/59571329885.20260407104923.jpg,data\staging\washer_dryer\드럼세탁기\stg_0095.jpg,500,500,dedup_deleted,2026-05-26T14:16:09
드럼세탁기,LG전자 트롬 FR9WP 화이트,https://search.shopping.naver.com/catalog/53529682656,https://shopping-phinf.pstatic.net/main_5352968/53529682656.20250313143207.jpg,data\processed\washer_dryer\naver_0234.jpg,1080,1080,approved,2026-05-26T14:16:10
드럼세탁기,LG 세탁기 렌탈 72개월약정 FX25GFG,http://rentaldirect4.cafe24.com/product/detail.html?product_no=2416,https://shopping-phinf.pstatic.net/main_5584728/55847285606.jpg,data\staging\washer_dryer\드럼세탁기\stg_0097.jpg,2000,2000,dedup_deleted,2026-05-26T14:16:10
드럼세탁기,LG전자 LG 트롬 세탁기 21kg 화이트(F21WDLP),https://search.shopping.naver.com/catalog/53597313102,https://shopping-phinf.pstatic.net/main_5359731/53597313102.20251021123226.jpg,data\processed\washer_dryer\naver_0235.jpg,1000,1000,approved,2026-05-26T14:16:11
드럼세탁기,LG 세탁기 렌탈 오브제컬렉션 25kg 72개월의무 12개월방문관리 FX25ESER,https://rentalstores.cafe24.com/product/detail.html?product_no=10498,https://shopping-phinf.pstatic.net/main_5867077/58670779529.jpg,data\staging\washer_dryer\드럼세탁기\stg_0099.jpg,1890,1890,dedup_deleted,2026-05-26T14:16:11
드럼세탁기 정면,해피아워몰364 세탁기 정면 부하 부속 플라스틱 포탄 완충기 용 2 피스,https://smartstore.naver.com/main/products/8806049711,https://shopping-phinf.pstatic.net/main_8635055/86350550034.jpg,data\staging\washer_dryer\드럼세탁기_정면\stg_0000.jpg,800,800,deleted,2026-05-26T14:16:12
드럼세탁기 정면,간이 샤워부스 헬스장 원룸 샤워실 화장실 진수 이동형  길이 1.4m 1.1m 2.15m-정면 B  스팀 없음,https://link.coupang.com/re/PCSNAVERPCSDP?pageKey=9420000468&ctag=9420000468&lptag=P9420000468&itemId=25614412364&vendorItemId=92604835971&spec=10305199,https://shopping-phinf.pstatic.net/main_5918142/59181428563.jpg,data\staging\washer_dryer\드럼세탁기_정면\stg_0001.jpg,800,800,deleted,2026-05-26T14:16:13
드럼세탁기 정면,numdal 세탁기 드럼 드럼세탁기 원바디 통돌이 세척  10kg 펄세이터 하부 배수  기본 모델명/품번,https://link.coupang.com/re/PCSNAVERPCSDP?pageKey=9079466857&ctag=9079466857&lptag=I26672244392&itemId=26672244392&vendorItemId=93644526543&spec=10305199,https://shopping-phinf.pstatic.net/main_5696894/56968943905.jpg,data\staging\washer_dryer\드럼세탁기_정면\stg_0002.jpg,800,800,deleted,2026-05-26T14:16:13
드럼세탁기 정면,가정용 드럼 세탁기 TCL8 kg 초박형 주파수 변환 롤러,https://smartstore.naver.com/main/products/10856807149,https://shopping-phinf.pstatic.net/main_8840131/88401313162.jpg,data\processed\washer_dryer\naver_0236.jpg,500,500,approved,2026-05-26T14:16:14
드럼세탁기 정면,가정용 드럼 세탁기 TCL8 kg 초박형 주파수 변환 롤러  G80L130B 8kg 북극색,https://link.coupang.com/re/PCSNAVERPCSDP?pageKey=8334285897&ctag=8334285897&lptag=I24064008749&itemId=24064008749&vendorItemId=91083845139&spec=10305199,https://shopping-phinf.pstatic.net/main_5055446/50554462586.jpg,data\staging\washer_dryer\드럼세탁기_정면\stg_0004.jpg,500,500,deleted,2026-05-26T14:16:14
드럼세탁기 정면,numdal 세탁기 원바디 기숙사 통돌이 드럼 드럼세탁기  MD120V36T 메탈릭  기본 모델명/품번,https://link.coupang.com/re/PCSNAVERPCSDP?pageKey=9079467942&ctag=9079467942&lptag=I26672249038&itemId=26672249038&vendorItemId=93644531255&spec=10305199,https://shopping-phinf.pstatic.net/main_5696912/56969127174.jpg,data\staging\washer_dryer\드럼세탁기_정면\stg_0005.jpg,800,800,deleted,2026-05-26T14:16:15
드럼세탁기 정면,numdal 세탁기 원바디 기숙사 드럼 소형 통돌이 HG12NE2,https://smartstore.naver.com/main/products/12440399331,https://shopping-phinf.pstatic.net/main_8998491/89984910078.jpg,data\staging\washer_dryer\드럼세탁기_정면\stg_0006.jpg,800,800,deleted,2026-05-26T14:16:15
드럼세탁기 정면,numdal 세탁기 원바디 기숙사 통돌이 드럼 드럼세탁기  MG100V11FPRO 10kg  기본 모델명/품번,https://link.coupang.com/re/PCSNAVERPCSDP?pageKey=9079467942&ctag=9079467942&lptag=I26672249036&itemId=26672249036&vendorItemId=94431104793&spec=10305199,https://shopping-phinf.pstatic.net/main_5695348/56953481876.1.jpg,data\staging\washer_dryer\드럼세탁기_정면\stg_0007.jpg,800,800,deleted,2026-05-26T14:16:16
드럼세탁기 정면,numdal 세탁기 원바디 기숙사 통돌이 드럼 드럼세탁기  MD100V36T 메탈릭  기본 모델명/품번,https://link.coupang.com/re/PCSNAVERPCSDP?pageKey=9079467942&ctag=9079467942&lptag=I26672249035&itemId=26672249035&vendorItemId=93644531254&spec=10305199,https://shopping-phinf.pstatic.net/main_5696859/56968592606.jpg,data\staging\washer_dryer\드럼세탁기_정면\stg_0008.jpg,800,800,dedup_deleted,2026-05-26T14:16:16
드럼세탁기 정면,numdal 세탁기 원바디 기숙사 통돌이 드럼 드럼세탁기  MG100V36T 메탈릭  기본 모델명/품번,https://link.coupang.com/re/PCSNAVERPCSDP?pageKey=9079467942&ctag=9079467942&lptag=I26672249039&itemId=26672249039&vendorItemId=93644531259&spec=10305199,https://shopping-phinf.pstatic.net/main_5695355/56953557968.jpg,data\staging\washer_dryer\드럼세탁기_정면\stg_0009.jpg,800,800,dedup_deleted,2026-05-26T14:16:16
드럼세탁기 정면,"BINMIT 15.6파운드 풀 오토매틱 세탁기, 배수 펌프가 장착된 휴대용 소형 RV, 캠핑, 아파트, 기숙사, 다크 그레이를 위한 LED 디스플레이가 10가지 프로그램 8가지",https://smartstore.naver.com/main/products/12495118805,https://shopping-phinf.pstatic.net/main_9003962/90039629658.jpg,data\processed\washer_dryer\naver_0237.jpg,1000,1000,approved,2026-05-26T14:16:17
드럼세탁기 정면,재사용 가능한 상업용 청소 로봇 가전 제품 Partsot V 프리미엄 abir wd8  1개,https://link.coupang.com/re/PCSNAVERPCSDP?pageKey=8205499713&ctag=8205499713&lptag=I25070149862&itemId=25070149862&vendorItemId=92074265264&spec=10305199,https://shopping-phinf.pstatic.net/main_5974179/59741790634.jpg,data\staging\washer_dryer\드럼세탁기_정면\stg_0011.jpg,600,600,deleted,2026-05-26T14:16:17
드럼세탁기 정면,numdal 세탁기 가성비 드럼세탁기 통돌이 세척 소형 EG100HMAX29S 10kg 있음,https://smartstore.naver.com/main/products/12419747373,https://shopping-phinf.pstatic.net/main_8996425/89964258098.jpg,data\staging\washer_dryer\드럼세탁기_정면\stg_0012.jpg,800,800,deleted,2026-05-26T14:16:18
드럼세탁기 정면,세탁기/블루 싱글 3kg 클린 드롬 패드 아파트용 휴대용 속옷 110187 컴팩트 RV 1 녹차그린 9L 모터 자동 밍 물빠짐바구니,https://smartstore.naver.com/main/products/12688981735,https://shopping-phinf.pstatic.net/main_9023349/90233492659.jpg,data\staging\washer_dryer\드럼세탁기_정면\stg_0013.jpg,1000,1000,deleted,2026-05-26T14:16:18
드럼세탁기 정면,"15.6파운드 풀 오토매틱 세탁기, 배수 펌프가 장착된 휴대용 소형 RV, 캠핑, 아파트, 기숙사, 다크 그레이를 위한 LED 디스플레이가 10가지 프로그램 8가지 수위",https://smartstore.naver.com/main/products/11926205912,https://shopping-phinf.pstatic.net/main_8947071/89470716600.jpg,data\processed\washer_dryer\naver_0238.jpg,600,600,approved,2026-05-26T14:16:19
드럼세탁기 정면,LG 산요 지멘스 하이얼 TCL 전면 로딩 세탁기용 플라스틱 스냅핏 충격 흡수 부품,https://link.coupang.com/re/PCSNAVERPCSDP?pageKey=8624881044&ctag=8624881044&lptag=I28243115102&itemId=28243115102&vendorItemId=95196674236&spec=10305199,https://shopping-phinf.pstatic.net/main_5965207/59652073487.jpg,data\staging\washer_dryer\드럼세탁기_정면\stg_0015.jpg,800,800,deleted,2026-05-26T14:16:20
드럼세탁기 정면,LED 디스플레이가 장착된 Krib Bling 17.7파운드 전자동 세탁기 배수 펌프가 휴대용 소형 10가지 세탁 프로그램 8가지 수위 회색,https://smartstore.naver.com/main/products/10933984856,https://shopping-phinf.pstatic.net/main_8847849/88478490891.jpg,data\staging\washer_dryer\드럼세탁기_정면\stg_0016.jpg,600,600,deleted,2026-05-26T14:16:20
드럼세탁기 정면,"아파트, RV, 캠핑, 그레이에 이상적인 LED 디스플레이 ， 배수 펌프가 있는 25파운드 휴대용 세탁기 10개 세탁 프로그램 및 8개의 수위",https://smartstore.naver.com/main/products/11925909106,https://shopping-phinf.pstatic.net/main_8947041/89470419794.jpg,data\staging\washer_dryer\드럼세탁기_정면\stg_0017.jpg,600,600,deleted,2026-05-26T14:16:20
드럼세탁기 정면,2개 세탁기 청소 브러시 청소기 앞부하 부하 드럼 도구 White-2pc,https://smartstore.naver.com/main/products/13172313700,https://shopping-phinf.pstatic.net/main_9071682/90716824797.jpg,data\staging\washer_dryer\드럼세탁기_정면\stg_0018.jpg,1274,1302,deleted,2026-05-26T14:16:21
드럼세탁기 정면,"얼라이언스 세탁 시스템 제어, 점화 24V 비 EU Rohs Pkg 70458601P",https://smartstore.naver.com/main/products/11957715000,https://shopping-phinf.pstatic.net/main_8950222/89502225688.jpg,data\staging\washer_dryer\드럼세탁기_정면\stg_0019.jpg,1000,1000,deleted,2026-05-26T14:16:22
드럼세탁기 정면,TCL 전자동 원터치 드럼세탁기,https://link.coupang.com/re/PCSNAVERPCSDP?pageKey=5586281065&ctag=5586281065&lptag=P5586281065&itemId=8943941275&vendorItemId=76230492099&spec=10305199,https://shopping-phinf.pstatic.net/main_3334631/33346311033.jpg,data\processed\washer_dryer\naver_0239.jpg,567,567,approved,2026-05-26T14:16:22
드럼세탁기 정면,바우크네히트 WM BB 8A 세탁기 전면 로더 8kg,https://www.11st.co.kr/connect/Gateway.tmall?method=Xsite&prdNo=9304341629&tid=1000000061,https://shopping-phinf.pstatic.net/main_5980201/59802014547.jpg,data\staging\washer_dryer\드럼세탁기_정면\stg_0021.jpg,900,900,dedup_deleted,2026-05-26T14:16:22
드럼세탁기 정면,바우크네히트 WM BB 8A 세탁기 전면 로더 8kg,https://link.auction.co.kr/gate/pcs?item-no=F545210114&sub-id=1&service-code=10000003,https://shopping-phinf.pstatic.net/main_5979219/59792198852.jpg,data\processed\washer_dryer\naver_0240.jpg,1000,1000,approved,2026-05-26T14:16:23
드럼세탁기 정면,깔끔한 세탁기 정제 - 탑 로더/프론트 로더용 클리닝 잔여물과 냄새 제거,https://smartstore.naver.com/main/products/11957901242,https://shopping-phinf.pstatic.net/main_8950241/89502411930.jpg,data\staging\washer_dryer\드럼세탁기_정면\stg_0023.jpg,1000,1000,deleted,2026-05-26T14:16:23
드럼세탁기 정면,ROVSUN 11LBS 가정용 RV 캠핑 기숙사 대학 아파트를 위한 세탁기 전기 및 건조기 콤보 세탁기7파운드 스피너4파운드 중력 배수 기능 포함,https://smartstore.naver.com/main/products/10934459779,https://shopping-phinf.pstatic.net/main_8847896/88478965814.jpg,data\staging\washer_dryer\드럼세탁기_정면\stg_0024.jpg,600,600,deleted,2026-05-26T14:16:24
드럼세탁기 정면,과학만들기 SA 파워 드럼 세탁기(원심력과 위치에너지)(1인용 포장),https://link.gmarket.co.kr/gate/pcs?item-no=4709383184&sub-id=1003&service-code=10000003&lcd=100000045,https://shopping-phinf.pstatic.net/main_5939481/59394819889.jpg,data\staging\washer_dryer\드럼세탁기_정면\stg_0025.jpg,600,600,deleted,2026-05-26T14:16:24
드럼세탁기 정면,과학만들기 SA 파워 드럼 세탁기(원심력과 위치에너지)(1인용 포장),https://link.gmarket.co.kr/gate/pcs?item-no=4703885577&sub-id=1003&service-code=10000003&lcd=100000045,https://shopping-phinf.pstatic.net/main_5932628/59326284526.jpg,data\staging\washer_dryer\드럼세탁기_정면\stg_0026.jpg,600,600,dedup_deleted,2026-05-26T14:16:25
드럼세탁기 정면,과학만들기 SA 파워 드럼 세탁기(원심력과 위치에너지)(1인용 포장),https://link.gmarket.co.kr/gate/pcs?item-no=4703360491&sub-id=1003&service-code=10000003&lcd=100000045,https://shopping-phinf.pstatic.net/main_5931807/59318077355.jpg,data\staging\washer_dryer\드럼세탁기_정면\stg_0027.jpg,600,600,dedup_deleted,2026-05-26T14:16:25
드럼세탁기 정면,과학만들기 SA 파워 드럼 세탁기(원심력과 위치에너지)(1인용 포장),https://link.gmarket.co.kr/gate/pcs?item-no=4703076556&sub-id=1003&service-code=10000003&lcd=100000045,https://shopping-phinf.pstatic.net/main_5931402/59314020136.jpg,data\staging\washer_dryer\드럼세탁기_정면\stg_0028.jpg,600,600,dedup_deleted,2026-05-26T14:16:26
드럼세탁기 정면,(알티피아)(SA) 파워 드럼 세탁기 (원심력과 위치에너지)(1인),https://link.gmarket.co.kr/gate/pcs?item-no=4713042471&sub-id=1003&service-code=10000003&lcd=100000045,https://shopping-phinf.pstatic.net/main_5945402/59454027533.jpg,data\staging\washer_dryer\드럼세탁기_정면\stg_0029.jpg,600,600,dedup_deleted,2026-05-26T14:16:26
드럼세탁기 정면,탱크 트레드 그립이 장착된 세탁기용 방진 패드 4팩 레벨 최대 1.75 u201D의 대부 1,https://smartstore.naver.com/main/products/13507500200,https://shopping-phinf.pstatic.net/main_9105201/91052010552.jpg,data\staging\washer_dryer\드럼세탁기_정면\stg_0030.jpg,1000,1000,deleted,2026-05-26T14:16:27
드럼세탁기 정면,가정용 세탁기 건조기 스태킹 키트 및 건조기용 세탁기와 사이의 브래킷 가능한 세탁기 공간 절약 범용 조절 19인치 - 29인치 w / 스트랩,https://link.coupang.com/re/PCSNAVERPCSDP?pageKey=9294582718&ctag=9294582718&lptag=I27530142837&itemId=27530142837&vendorItemId=95308508486&spec=10305199,https://shopping-phinf.pstatic.net/main_5988890/59888905809.jpg,data\staging\washer_dryer\드럼세탁기_정면\stg_0031.jpg,1000,1000,deleted,2026-05-26T14:16:27
드럼세탁기 정면,[알티피아](SA) 파워 드럼 세탁기 (원심력과 위치에너지)(1인),https://www.11st.co.kr/connect/Gateway.tmall?method=Xsite&prdNo=9232385741&tid=1000000061,https://shopping-phinf.pstatic.net/main_5945473/59454734834.jpg,data\staging\washer_dryer\드럼세탁기_정면\stg_0032.jpg,900,900,deleted,2026-05-26T14:16:28
드럼세탁기 정면,적도 디지털 터치 아파트 110V 세트 1.9cf 세탁기 + 통풍형 4cf 건조기 스태킹 키트,https://smartstore.naver.com/main/products/12495269031,https://shopping-phinf.pstatic.net/main_9003977/90039779884.jpg,data\staging\washer_dryer\드럼세탁기_정면\stg_0033.jpg,1000,1000,deleted,2026-05-26T14:16:28
드럼세탁기 정면,2온스 용량 R134A 액체 연료 인젝터 효율적이고 자동차 에어컨 리필러 합리적인 디자인  01 Blue,https://link.coupang.com/re/PCSNAVERPCSDP?pageKey=9540850757&ctag=9540850757&lptag=V95409705020&itemId=28459247699&vendorItemId=95409705020&spec=10305199,https://shopping-phinf.pstatic.net/main_6003430/60034305008.jpg,data\staging\washer_dryer\드럼세탁기_정면\stg_0034.jpg,1000,1000,deleted,2026-05-26T14:16:29
드럼세탁기 정면,좌우 휠 모듈 irobot 룸바 500 시리즈 진공 청소기 부품  05 Left,https://link.coupang.com/re/PCSNAVERPCSDP?pageKey=7446451196&ctag=7446451196&lptag=V94879134474&itemId=26469152917&vendorItemId=94879134474&spec=10305199,https://shopping-phinf.pstatic.net/main_5951235/59512354999.jpg,data\staging\washer_dryer\드럼세탁기_정면\stg_0035.jpg,800,800,deleted,2026-05-26T14:16:30
드럼세탁기 정면,응원 필드럼 응원단 스트레스 경기 구호드럼 16인치 A. 부르고뉴 브라켓,https://smartstore.naver.com/main/products/13091706973,https://shopping-phinf.pstatic.net/main_9063621/90636218065.jpg,data\staging\washer_dryer\드럼세탁기_정면\stg_0036.jpg,1000,1000,deleted,2026-05-26T14:16:30
드럼세탁기 정면,적도 디럭스 매칭 세탁 세트 110V 세탁기 1.9 cu.ft 통풍 센서 건조기 4 나란히,https://smartstore.naver.com/main/products/11894612886,https://shopping-phinf.pstatic.net/main_8943912/89439123495.jpg,data\processed\washer_dryer\naver_0241.jpg,600,600,approved,2026-05-26T14:16:31
드럼세탁기 정면,응원 필드럼 응원단 스트레스 구호드럼 16인치 경기 A. 부르고뉴 브라켓,https://smartstore.naver.com/main/products/13020370499,https://shopping-phinf.pstatic.net/main_9056488/90564881591.jpg,data\staging\washer_dryer\드럼세탁기_정면\stg_0038.jpg,1000,1000,dedup_deleted,2026-05-26T14:16:31
드럼세탁기 정면,GE® 24 4.3 Cu.스테인리스 스틸 바구니가 있는 전면 로드 통풍 전기 건조기,https://smartstore.naver.com/main/products/11925825874,https://shopping-phinf.pstatic.net/main_8947033/89470336562.jpg,data\processed\washer_dryer\naver_0242.jpg,600,600,approved,2026-05-26T14:16:32
드럼세탁기 정면,"스팀, 통풍구, 티타늄이 포함된 2.7 cu. ft. 세탁기/건조기 콤보",https://smartstore.naver.com/main/products/12495224541,https://shopping-phinf.pstatic.net/main_9003973/90039735394.jpg,data\staging\washer_dryer\드럼세탁기_정면\stg_0040.jpg,1000,1000,deleted,2026-05-26T14:16:32
드럼세탁기 정면,"본로 17.8파운드 완전 자동 세탁기, 휴대용 세탁기 2대, 탑로드 및 스핀 드라이어 콤보와 배수 펌프, 8가지 세탁 프로그램 가정, 아파트용 5가지 수위 17.8LBS",https://smartstore.naver.com/main/products/12495152325,https://shopping-phinf.pstatic.net/main_9003966/90039663178.jpg,data\staging\washer_dryer\드럼세탁기_정면\stg_0041.jpg,1000,1000,deleted,2026-05-26T14:16:33
드럼세탁기 정면,자동차 냉각 시스템 VW Touareg 용 Audi A4 추가 보조 전기 워터 펌프 059121012 비,https://smartstore.naver.com/main/products/13523745579,https://shopping-phinf.pstatic.net/main_9106825/91068255932.jpg,data\staging\washer_dryer\드럼세탁기_정면\stg_0042.jpg,600,600,deleted,2026-05-26T14:16:33
드럼세탁기 정면,코포티 세탁기 청소 브러시 청소기 앞부하 부하 드럼 도구,https://smartstore.naver.com/main/products/13172318166,https://shopping-phinf.pstatic.net/main_9071682/90716829263.jpg,data\staging\washer_dryer\드럼세탁기_정면\stg_0043.jpg,1324,1432,deleted,2026-05-26T14:16:34
드럼세탁기 정면,"ROVSUN 30LBS 세탁기, 스테인리스 드럼, 전기 세탁기 및 스핀 드라이어 콤보와 가정용, 아파트용 배수 펌프, 라이트 그레이 17.8lbs",https://smartstore.naver.com/main/products/12537251987,https://shopping-phinf.pstatic.net/main_9008176/90081762840.jpg,data\staging\washer_dryer\드럼세탁기_정면\stg_0044.jpg,1000,1000,deleted,2026-05-26T14:16:35
드럼세탁기 정면,흰색 장치 1 Smad ft 휴대용 카라반 바퀴 Cu 7 LED 6개 TB10VE20DW 10kg 폴라 화이트,https://smartstore.naver.com/main/products/11559815407,https://shopping-phinf.pstatic.net/main_8910432/89104325813.jpg,data\staging\washer_dryer\드럼세탁기_정면\stg_0045.jpg,1000,1000,deleted,2026-05-26T14:16:35
드럼세탁기 정면,흰색 장치 1 Smad ft 휴대용 카라반 바퀴 Cu 7 LED 6개 TB10VE20DW 10kg 폴라 화이트,https://smartstore.naver.com/main/products/11772892868,https://shopping-phinf.pstatic.net/main_8931740/89317403455.jpg,data\staging\washer_dryer\드럼세탁기_정면\stg_0046.jpg,1000,1000,dedup_deleted,2026-05-26T14:16:36
드럼세탁기 정면,흰색 장치 1 Smad ft 휴대용 카라반 바퀴 Cu 7 LED 6개 TB10VE20DW 10kg 폴라 화이트,https://smartstore.naver.com/main/products/11874592538,https://shopping-phinf.pstatic.net/main_8941910/89419103140.jpg,data\staging\washer_dryer\드럼세탁기_정면\stg_0047.jpg,1000,1000,dedup_deleted,2026-05-26T14:16:36
드럼세탁기 정면,응원 필드럼 응원단 경기 스트레스 구호드럼 16인치 와인 / 스탠드 미포함,https://smartstore.naver.com/main/products/12812777527,https://shopping-phinf.pstatic.net/main_9035728/90357288476.jpg,data\staging\washer_dryer\드럼세탁기_정면\stg_0048.jpg,1000,1000,deleted,2026-05-26T14:16:37
드럼세탁기 정면,도시바 공랭식 산업용 마이크로파 오븐 마그네트론 2M248H 2M248J 2M248K 2M248E 2M303H 부품,https://smartstore.naver.com/main/products/11227989012,https://shopping-phinf.pstatic.net/main_8877249/88772499343.jpg,data\staging\washer_dryer\드럼세탁기_정면\stg_0049.jpg,600,600,deleted,2026-05-26T14:16:38
드럼세탁기 정면,"업그레이드된 평생 가전 초내구성 KSTK1 스태킹 키트, 세탁기/건조기 세탁기 27인치 전면 하중 - WSTK1",https://smartstore.naver.com/main/products/11957703892,https://shopping-phinf.pstatic.net/main_8950221/89502214580.jpg,data\staging\washer_dryer\드럼세탁기_정면\stg_0050.jpg,1000,1000,deleted,2026-05-26T14:16:38
드럼세탁기 정면,세탁기/건조기 세탁기 24인치 전면 로드와 호환되는 업그레이드된 라이프타임 가전 SK DH 스태킹 키트,https://smartstore.naver.com/main/products/11957702465,https://shopping-phinf.pstatic.net/main_8950221/89502213153.jpg,data\staging\washer_dryer\드럼세탁기_정면\stg_0051.jpg,1000,1000,deleted,2026-05-26T14:16:39
드럼세탁기 정면,NATRUTH 세탁기 클리너 디스칼러 30팩 HE 프론트 로더 및 탑로드 세탁기용 딥 클리닝 정제,https://smartstore.naver.com/main/products/12296025832,https://shopping-phinf.pstatic.net/main_8984053/89840536548.jpg,data\staging\washer_dryer\드럼세탁기_정면\stg_0052.jpg,1000,1000,deleted,2026-05-26T14:16:39
드럼세탁기 정면,"테크토미 2 7 Cu Ft 올인원 세탁기 및 건조기 콤보, 26 5파운드 적재 용량, 컴팩트 사이즈, LED 디스플레이, 차일드 락, 화이트의 24인치 전면 로드 통풍형",https://smartstore.naver.com/main/products/12613248186,https://shopping-phinf.pstatic.net/main_9015775/90157759042.jpg,data\processed\washer_dryer\naver_0243.jpg,1000,1000,approved,2026-05-26T14:16:40
드럼세탁기 정면,", 정전기 및 냄새를 줄이기 위한 보호 액셀라 스팀이 포함된 켄모어 8 0 cu ft 프론트 로드 전기 건조기 - 스마트 센서 건조 LED ENERGY STAR 메탈릭 실버",https://smartstore.naver.com/main/products/12613229332,https://shopping-phinf.pstatic.net/main_9015774/90157740188.jpg,data\processed\washer_dryer\naver_0244.jpg,1000,1000,approved,2026-05-26T14:16:41
드럼세탁기 정면,응원 필드럼 응원단 스트레스 와인 경기 16인치 구호드럼 A. 부르고뉴 브라켓,https://smartstore.naver.com/main/products/12903775636,https://shopping-phinf.pstatic.net/main_9044828/90448286628.jpg,data\staging\washer_dryer\드럼세탁기_정면\stg_0055.jpg,1000,1000,dedup_deleted,2026-05-26T14:16:41
드럼세탁기 정면,세탁기/블루 반자동 Blue 속옷 블루 바구니 있는 GT24267 호스 기숙사 전 반드시 보기 그림 힌트,https://smartstore.naver.com/main/products/11708845624,https://shopping-phinf.pstatic.net/main_8925335/89253356091.jpg,data\staging\washer_dryer\드럼세탁기_정면\stg_0056.jpg,1000,1000,dedup_deleted,2026-05-26T14:16:42
드럼세탁기 정면,적도 올인원 세탁기 건조기 통풍/환기형 PET 사이클 1.62cf/15lbs+휴대용 흰색 키트(핑크) MERLOT,https://smartstore.naver.com/main/products/12495214599,https://shopping-phinf.pstatic.net/main_9003972/90039725452.jpg,data\processed\washer_dryer\naver_0245.jpg,1000,1000,approved,2026-05-26T14:16:42
드럼세탁기 정면,주름 보호대가 있는 켄모어 29 프론트 로드 전기 건조기와 7.0 큐빅 Ft입니다. 총 용량 흰색 Electric,https://smartstore.naver.com/main/products/10245948567,https://shopping-phinf.pstatic.net/main_8779045/87790452211.1.jpg,data\staging\washer_dryer\드럼세탁기_정면\stg_0058.jpg,600,600,deleted,2026-05-26T14:16:43
드럼세탁기 정면,업그레이드 트리거 버튼 스위치 V11 V10 V15 진공 청소기  2) 2PCS  없음,https://link.coupang.com/re/PCSNAVERPCSDP?pageKey=7379105429&ctag=7379105429&lptag=I24162279233&itemId=24162279233&vendorItemId=93185829905&spec=10305199,https://shopping-phinf.pstatic.net/main_5247837/52478372341.5.jpg,data\staging\washer_dryer\드럼세탁기_정면\stg_0059.jpg,1000,1000,deleted,2026-05-26T14:16:44
드럼세탁기 정면,발코니 세탁기 일체형 캐비닛 슬레이트 심리스 욕실,https://link.gmarket.co.kr/gate/pcs?item-no=4729591282&sub-id=1003&service-code=10000003&lcd=100000014,https://shopping-phinf.pstatic.net/main_5969168/59691688663.jpg,data\staging\washer_dryer\드럼세탁기_정면\stg_0060.jpg,600,600,deleted,2026-05-26T14:16:44
드럼세탁기 정면,소형 세탁기 붐에 호환 5/6/7/8/9/10 kg 밸런스 로드 충격 흡수 장치,https://www.11st.co.kr/connect/Gateway.tmall?method=Xsite&prdNo=9363573320&tid=1000000061,https://shopping-phinf.pstatic.net/main_6010390/60103903540.jpg,data\staging\washer_dryer\드럼세탁기_정면\stg_0061.jpg,900,900,deleted,2026-05-26T14:16:45
드럼세탁기 정면,원형 세척판 교체용 워터 블레이드 펄세이터 잎사귀 세탁기 턴테이블 LG XQB50-88S 적합 32.5cm 11T  1개  한개옵션0,https://link.coupang.com/re/PCSNAVERPCSDP?pageKey=6354917240&ctag=6354917240&lptag=I17549123729&itemId=17549123729&vendorItemId=87069375005&spec=10305199,https://shopping-phinf.pstatic.net/main_4884606/48846069840.2.jpg,data\staging\washer_dryer\드럼세탁기_정면\stg_0062.jpg,1000,1000,deleted,2026-05-26T14:16:45
드럼세탁기 정면,AEG 세탁기 LR7AMZ48UFL 7000시리즈 8kg 스팀세탁 자동물조절 혼합소재세탁 프로스팀 캡슐세제 독일직구,https://smartstore.naver.com/main/products/9966425535,https://shopping-phinf.pstatic.net/main_8751092/87510927808.jpg,data\processed\washer_dryer\naver_0246.jpg,1000,1000,approved,2026-05-26T14:16:46
드럼세탁기 정면,발코니 세탁기 일체형 캐비닛 욕실 슬레이트 심리스,https://link.gmarket.co.kr/gate/pcs?item-no=4729607842&sub-id=1003&service-code=10000003&lcd=100000014,https://shopping-phinf.pstatic.net/main_5969194/59691948393.jpg,data\staging\washer_dryer\드럼세탁기_정면\stg_0064.jpg,600,600,deleted,2026-05-26T14:16:46
드럼세탁기 정면,[아우트]페브릭다이 드럼세탁기용 자재 03 트로피칼그린/2,https://www.lotteon.com/p/product/LO2497657642?sitmNo=LO2497657642_2497657643&ch_no=100065&ch_dtl_no=1000030&entryPoint=pcs&dp_infw_cd=CHT,https://shopping-phinf.pstatic.net/main_5521152/55211526123.jpg,data\staging\washer_dryer\드럼세탁기_정면\stg_0065.jpg,700,700,deleted,2026-05-26T14:16:47
드럼세탁기 정면,SKM 세탁기 및 건조기 스탠드 - 건조기용 28인치 세탁 받침대 상단 패널 헤비 듀티 강철 높이 14.2인치 블랙 색상,https://link.coupang.com/re/PCSNAVERPCSDP?pageKey=9305077939&ctag=9305077939&lptag=I27567414689&itemId=27567414689&vendorItemId=94531342369&spec=10305199,https://shopping-phinf.pstatic.net/main_5873168/58731680187.jpg,data\staging\washer_dryer\드럼세탁기_정면\stg_0066.jpg,1470,1500,deleted,2026-05-26T14:16:48
드럼세탁기 정면,킹모델 1:64 M5 E28 250GT S65 다이캐스트 자동차,https://smartstore.naver.com/main/products/13177451095,https://shopping-phinf.pstatic.net/main_9072196/90721962192.jpg,data\staging\washer_dryer\드럼세탁기_정면\stg_0067.jpg,720,720,deleted,2026-05-26T14:16:48
드럼세탁기 정면,400KG 헤비 듀티 가구 리프터 운송 발동기 리프터 슬라이드 휠 쉬운 가구 발동기 도구,https://smartstore.naver.com/main/products/11809063949,https://shopping-phinf.pstatic.net/main_8935357/89353574536.jpg,data\staging\washer_dryer\드럼세탁기_정면\stg_0068.jpg,1000,1000,deleted,2026-05-26T14:16:49
드럼세탁기 정면,더블칸 데스크톱 모델 4가지 세탁·건조 모드 + 듀얼 퍼포즈 스테인리스 드럼 - 화이트,https://link.auction.co.kr/gate/pcs?item-no=F285757583&sub-id=1&service-code=10000003,https://shopping-phinf.pstatic.net/main_5589136/55891366006.1.jpg,data\staging\washer_dryer\드럼세탁기_정면\stg_0069.jpg,800,800,deleted,2026-05-26T14:16:50
드럼세탁기 정면,고마워요 TKNICLOS (TKNICLOS) 주름 펴기 건조기 2번 아이언,https://smartstore.naver.com/main/products/12735063072,https://shopping-phinf.pstatic.net/main_9027957/90279574013.jpg,data\staging\washer_dryer\드럼세탁기_정면\stg_0070.jpg,600,600,deleted,2026-05-26T14:16:50
드럼세탁기 정면,"Smad 27인치 전면 로드 가스 건조기 8.0 Cu.스팀 주름 관리 기능이 있는 피트, 통풍 건조기, 화이트",https://smartstore.naver.com/main/products/11926070320,https://shopping-phinf.pstatic.net/main_8947058/89470581008.jpg,data\processed\washer_dryer\naver_0247.jpg,600,600,approved,2026-05-26T14:16:51
드럼세탁기 정면,차버 업그레이드 압력 세척기 건( 교체용 완드 M22 피팅 7인치 30도 커브드 로드 노즐 팁 5개 5000 PSI 47인치)  black and red,https://link.coupang.com/re/PCSNAVERPCSDP?pageKey=8852908341&ctag=8852908341&lptag=V95033817617&itemId=25809581078&vendorItemId=95033817617&spec=10305199,https://shopping-phinf.pstatic.net/main_6003408/60034083857.jpg,data\staging\washer_dryer\드럼세탁기_정면\stg_0072.jpg,1000,1000,deleted,2026-05-26T14:16:51
드럼세탁기 정면,"Kenmore 7 0 cu ft 전방 로드 전기 건조기 - 주름을 줄이는 가드와 정적 스마트 센서 건조 LED, 흰색 Electric",https://smartstore.naver.com/main/products/12613243296,https://shopping-phinf.pstatic.net/main_9015775/90157754152.jpg,data\staging\washer_dryer\드럼세탁기_정면\stg_0073.jpg,1000,1000,deleted,2026-05-26T14:16:52
드럼세탁기 정면,하이얼 반자동 이중 드럼 세탁기 타이머 스위치 003400054 3 인치 5 분  한개옵션1  1개,https://link.coupang.com/re/PCSNAVERPCSDP?pageKey=6847606714&ctag=6847606714&lptag=I24188251801&itemId=24188251801&vendorItemId=91923122184&spec=10305199,https://shopping-phinf.pstatic.net/main_5629089/56290899588.1.jpg,data\staging\washer_dryer\드럼세탁기_정면\stg_0074.jpg,600,600,deleted,2026-05-26T14:16:53
드럼세탁기 정면,비치 풀사이즈 2 2컵 전방 적재 세탁기 및 4컵 건조기 콤보 폭 24인치 - 스태킹 키트 서랍,https://smartstore.naver.com/main/products/12613241424,https://shopping-phinf.pstatic.net/main_9015775/90157752280.jpg,data\staging\washer_dryer\드럼세탁기_정면\stg_0075.jpg,1000,1000,dedup_deleted,2026-05-26T14:16:53
드럼세탁기 정면,"헤비 듀티 가구 리프터 운송 이동 리프터 슬라이드 휠, 간편한 가구 이동 도구 세트,",https://smartstore.naver.com/main/products/11809097177,https://shopping-phinf.pstatic.net/main_8935360/89353607764.jpg,data\staging\washer_dryer\드럼세탁기_정면\stg_0076.jpg,1000,1000,deleted,2026-05-26T14:16:54
드럼세탁기 정면,100% 호환LG 호환 호환 드럼 세탁기에 적합 교수형 스프링 장력 로드 충격 흡수 장치,https://smartstore.naver.com/main/products/12534944103,https://shopping-phinf.pstatic.net/main_9007945/90079454956.jpg,data\staging\washer_dryer\드럼세탁기_정면\stg_0077.jpg,600,600,deleted,2026-05-26T14:16:54
드럼세탁기 정면,원형 세척판 교체용 워터 펄세이터 잎사귀 세탁기 턴테이블 적합  1개,https://link.coupang.com/re/PCSNAVERPCSDP?pageKey=6354917240&ctag=6354917240&lptag=I17680446896&itemId=17680446896&vendorItemId=91844431190&spec=10305199,https://shopping-phinf.pstatic.net/main_5527474/55274745859.jpg,data\staging\washer_dryer\드럼세탁기_정면\stg_0078.jpg,1000,1000,dedup_deleted,2026-05-26T14:16:55
드럼세탁기 정면,100% 호환LG 호환 호환 드럼 세탁기 기계 바닥 나사에 대 한 4PCS 하단 피트 조정 가능한 이동식 액세서리 악세사리,https://smartstore.naver.com/main/products/12533902842,https://shopping-phinf.pstatic.net/main_9007841/90078413695.jpg,data\staging\washer_dryer\드럼세탁기_정면\stg_0079.jpg,600,600,deleted,2026-05-26T14:16:56
드럼세탁기 정면,드럼 세탁기 충격 흡수 장치 66-00470G 버퍼 밸런스 80N 새로운 제품  01 1 piece,https://link.coupang.com/re/PCSNAVERPCSDP?pageKey=9484702109&ctag=9484702109&lptag=I28243004011&itemId=28243004011&vendorItemId=95398086673&spec=10305199,https://shopping-phinf.pstatic.net/main_5965336/59653364800.jpg,data\staging\washer_dryer\드럼세탁기_정면\stg_0080.jpg,1000,1000,deleted,2026-05-26T14:16:56
드럼세탁기 정면,A-아웃스탠딩 수동 의류 렌지 - 롤러 간격 조절이 가능한 헤비 듀티 핸드 크랭크 세탁 건조기,https://link.coupang.com/re/PCSNAVERPCSDP?pageKey=9561261900&ctag=9561261900&lptag=I28532793081&itemId=28532793081&vendorItemId=95478269486&spec=10305199,https://shopping-phinf.pstatic.net/main_6018297/60182971002.jpg,data\staging\washer_dryer\드럼세탁기_정면\stg_0081.jpg,1500,1073,deleted,2026-05-26T14:16:57
드럼세탁기 정면,드럼 세탁기 충격 흡수 장치 66-00470G 버퍼 밸런스 80N 새로운 제품  02 3piece,https://link.coupang.com/re/PCSNAVERPCSDP?pageKey=9484702109&ctag=9484702109&lptag=V95196564996&itemId=28243004008&vendorItemId=95196564996&spec=10305199,https://shopping-phinf.pstatic.net/main_6006736/60067363877.jpg,data\staging\washer_dryer\드럼세탁기_정면\stg_0082.jpg,1000,1000,deleted,2026-05-26T14:16:57
드럼세탁기 정면,드럼 세탁기 충격 흡수 장치 66-00470G 버퍼 밸런스 80N 새로운 제품  02 3piece,https://link.coupang.com/re/PCSNAVERPCSDP?pageKey=9484702109&ctag=9484702109&lptag=I28243004008&itemId=28243004008&vendorItemId=95398086674&spec=10305199,https://shopping-phinf.pstatic.net/main_5965370/59653700113.jpg,data\staging\washer_dryer\드럼세탁기_정면\stg_0083.jpg,1000,1000,dedup_deleted,2026-05-26T14:16:58
드럼세탁기 정면,GE 28인치 워셔 건조기 스택 브래킷 키트용 GFA28KITN 스태킹 키트 - 폭 전면 하중 및 세탁 [특허]와 호환됩니다,https://smartstore.naver.com/main/products/13101974542,https://shopping-phinf.pstatic.net/main_9064648/90646485634.jpg,data\staging\washer_dryer\드럼세탁기_정면\stg_0084.jpg,1000,1000,deleted,2026-05-26T14:16:59
드럼세탁기 정면,세탁용 세탁기 수납 유닛 위에 400KG 용량을 갖춘 LUHENG 조절식 전면 하중 건조기 스태킹 키트 휴대용,https://www.11st.co.kr/connect/Gateway.tmall?method=Xsite&prdNo=8458721652&tid=1000000061,https://shopping-phinf.pstatic.net/main_5571360/55713609943.1.jpg,data\staging\washer_dryer\드럼세탁기_정면\stg_0085.jpg,900,900,deleted,2026-05-26T14:16:59
드럼세탁기 정면,"CXNGD 세탁기 건조기 카운터탑 및 건조기용 카운터탑, 선반 건조기, (흰색) 54 27.5 12 Black",https://smartstore.naver.com/main/products/12495228696,https://shopping-phinf.pstatic.net/main_9003973/90039739549.jpg,data\staging\washer_dryer\드럼세탁기_정면\stg_0086.jpg,1000,1000,deleted,2026-05-26T14:17:00
드럼세탁기 정면,세탁기 건조기 스태킹 받침 600x580mm 키트 화이트 및 선반 전자 가능 트롬 브라켓,https://smartstore.naver.com/main/products/11996006182,https://shopping-phinf.pstatic.net/main_8954051/89540516870.jpg,data\staging\washer_dryer\드럼세탁기_정면\stg_0087.jpg,750,1000,deleted,2026-05-26T14:17:00
드럼세탁기 정면,드럼 세탁기 삼각대 브래킷 MD100VT13DS5용 1143  1143 tripod,https://link.coupang.com/re/PCSNAVERPCSDP?pageKey=9418150033&ctag=9418150033&lptag=I27988228846&itemId=27988228846&vendorItemId=94945876044&spec=10305199,https://shopping-phinf.pstatic.net/main_5919746/59197464652.jpg,data\staging\washer_dryer\드럼세탁기_정면\stg_0088.jpg,1000,1000,deleted,2026-05-26T14:17:01
드럼세탁기 정면,교체용 브레이크 부스터 진공 펌프 어셈블리 29300F0011 자동차 부품  01   Mainland,https://link.coupang.com/re/PCSNAVERPCSDP?pageKey=9540829932&ctag=9540829932&lptag=V95409636237&itemId=28459176311&vendorItemId=95409636237&spec=10305199,https://shopping-phinf.pstatic.net/main_6009097/60090973908.jpg,data\staging\washer_dryer\드럼세탁기_정면\stg_0089.jpg,600,600,deleted,2026-05-26T14:17:02
드럼세탁기 정면,120W 40kHz 초음파세척기 귀금속 밴드 스틸 1진동 40khz 안경과 디지털 트랜스포머 탈기 패션 순펑 배송,https://smartstore.naver.com/main/products/11656435523,https://shopping-phinf.pstatic.net/main_8920094/89200945989.jpg,data\staging\washer_dryer\드럼세탁기_정면\stg_0090.jpg,750,1000,deleted,2026-05-26T14:17:02
드럼세탁기 정면,통돌이세탁기 10KG 12kg 통돌이 투룸 7키로 고시원 인버터 의류 모터 건조 숙소 운반파손 3 5kg/운반파손강등기,https://smartstore.naver.com/main/products/12201955607,https://shopping-phinf.pstatic.net/main_8974646/89746466312.jpg,data\staging\washer_dryer\드럼세탁기_정면\stg_0091.jpg,1000,1000,deleted,2026-05-26T14:17:03
드럼세탁기 정면,통돌이 세탁기 오피스텔 미드프리 원룸 방문설치 구독  CWV120201PT 10kg 브라이트그레이  기본 모델명/품번,https://link.coupang.com/re/PCSNAVERPCSDP?pageKey=9561250195&ctag=9561250195&lptag=I28532750360&itemId=28532750360&vendorItemId=95478231128&spec=10305199,https://shopping-phinf.pstatic.net/main_6018466/60184665342.jpg,data\staging\washer_dryer\드럼세탁기_정면\stg_0092.jpg,800,800,deleted,2026-05-26T14:17:03
드럼세탁기 정면,수동 가이드 디지털 리니어 스크류 슬라이드 핸들 방송용 카메라 정밀 변위조절  폭 100 스트로크 100,https://link.coupang.com/re/PCSNAVERPCSDP?pageKey=9324193586&ctag=9324193586&lptag=V94928060797&itemId=27638460031&vendorItemId=94928060797&spec=10305199,https://shopping-phinf.pstatic.net/main_5917972/59179723285.jpg,data\staging\washer_dryer\드럼세탁기_정면\stg_0093.jpg,800,800,deleted,2026-05-26T14:17:04
드럼세탁기 정면,고토크 브러시리스 임팩트 드릴 가변 속도 옵션  기본  기본,https://link.coupang.com/re/PCSNAVERPCSDP?pageKey=9488093331&ctag=9488093331&lptag=I28255794511&itemId=28255794511&vendorItemId=95209118117&spec=10305199,https://shopping-phinf.pstatic.net/main_5966941/59669410458.jpg,data\staging\washer_dryer\드럼세탁기_정면\stg_0094.jpg,800,800,deleted,2026-05-26T14:17:05
드럼세탁기 정면,굿프레드 복부 마사지기 블랙,https://smartstore.naver.com/main/products/10488637136,https://shopping-phinf.pstatic.net/main_8803314/88033142437.1.jpg,data\staging\washer_dryer\드럼세탁기_정면\stg_0095.jpg,600,600,deleted,2026-05-26T14:17:05
드럼세탁기 정면,통돌이 세탁기 플래티늄 미드프리 원룸 방문설치 구독  보카그레이  기본 모델명/품번,https://link.coupang.com/re/PCSNAVERPCSDP?pageKey=9561249298&ctag=9561249298&lptag=I28532746646&itemId=28532746646&vendorItemId=95478228030&spec=10305199,https://shopping-phinf.pstatic.net/main_6018483/60184830301.jpg,data\processed\washer_dryer\naver_0248.jpg,800,800,approved,2026-05-26T14:17:06
드럼세탁기 정면,소형 통돌이 세탁기 런더리 건조 회색 화이트 고시원 블루,https://smartstore.naver.com/main/products/12078989441,https://shopping-phinf.pstatic.net/main_8962350/89623500140.jpg,data\staging\washer_dryer\드럼세탁기_정면\stg_0097.jpg,1000,1000,deleted,2026-05-26T14:17:06
드럼세탁기 정면,통돌이 세탁기 원룸 구독 플래티늄 미드프리 방문설치 보카 그레이,https://smartstore.naver.com/main/products/13279590670,https://shopping-phinf.pstatic.net/main_9082410/90824101002.jpg,data\processed\washer_dryer\naver_0249.jpg,790,790,approved,2026-05-26T14:17:07
드럼세탁기 정면,[브이와이] (SA)원심력 원리 생활비품 통돌이 세탁기(1인),http://gate.halfclub.com/naver?site_cd=1&type=detail_pcode&p1=P422714708&partnerid=naverdb,https://shopping-phinf.pstatic.net/main_5977745/59777454562.jpg,data\staging\washer_dryer\드럼세탁기_정면\stg_0099.jpg,600,600,deleted,2026-05-26T14:17:07
