query,title,link,image_url,saved_path,width,height,status,collected_at
워시타워,LG전자 워시타워 FX24WXD + RD20WXD (W20WD),https://search.shopping.naver.com/catalog/30402965618,https://shopping-phinf.pstatic.net/main_3040296/30402965618.20220103155159.jpg,data\staging\wash_tower\워시타워\stg_0000.jpg,1000,1000,skipped_duplicate,2026-05-14T15:33:56
워시타워,LG전자 워시타워 FX24WJN + RD20WJN (W20WHN),https://search.shopping.naver.com/catalog/37988116618,https://shopping-phinf.pstatic.net/main_3798811/37988116618.20251015223645.jpg,data\staging\wash_tower\워시타워\stg_0001.jpg,350,350,skipped_duplicate,2026-05-14T15:33:57
워시타워,LG전자 워시타워 FX24WJAD + RD21WJAD (W21WAM),https://search.shopping.naver.com/catalog/48863997618,https://shopping-phinf.pstatic.net/main_4886399/48863997618.20240702110736.jpg,data\staging\wash_tower\워시타워\stg_0002.jpg,1000,1000,skipped_duplicate,2026-05-14T15:33:57
워시타워,LG 트롬 오브제 워시타워 원바디 세탁기 건조기 세트 화이트 트루스팀,https://smartstore.naver.com/main/products/11277590770,https://shopping-phinf.pstatic.net/main_8882210/88822101101.4.jpg,data\staging\wash_tower\워시타워\stg_0003.jpg,1000,1000,skipped_duplicate,2026-05-14T15:33:58
워시타워,LG전자 워시타워 FX23WJN + RD20WJN (W20WANQ),https://search.shopping.naver.com/catalog/36170503618,https://shopping-phinf.pstatic.net/main_3617050/36170503618.20221129135056.jpg,data\staging\wash_tower\워시타워\stg_0004.jpg,934,935,skipped_duplicate,2026-05-14T15:33:58
워시타워,삼성 세탁기 건조기 세트 일체형 워시타워형WW90T3000KW + DV90TA040KE 신모델로,https://smartstore.naver.com/main/products/7943019984,https://shopping-phinf.pstatic.net/main_8548752/85487520307.3.jpg,data\staging\wash_tower\워시타워\stg_0005.jpg,1080,1080,skipped_duplicate,2026-05-14T15:33:58
워시타워,LG전자 워시타워 FL25WJU + RL21WJU (WL21WDU),https://search.shopping.naver.com/catalog/39741085619,https://shopping-phinf.pstatic.net/main_3974108/39741085619.20251015224017.jpg,data\staging\wash_tower\워시타워\stg_0006.jpg,350,350,skipped_duplicate,2026-05-14T15:33:59
워시타워,LG 트롬 워시타워 오브제 원바디 세탁기 건조기 세트 그린/베이지 색상선택,https://smartstore.naver.com/main/products/11277616151,https://shopping-phinf.pstatic.net/main_8882212/88822126482.4.jpg,data\staging\wash_tower\워시타워\stg_0007.jpg,1000,1000,skipped_duplicate,2026-05-14T15:33:59
워시타워,삼성 원바디 워시 타워형 세탁기 건조기 일체형 24+20kg 1등급,https://smartstore.naver.com/main/products/9894312114,https://shopping-phinf.pstatic.net/main_8743881/87438814387.2.jpg,data\staging\wash_tower\워시타워\stg_0008.jpg,1000,1000,skipped_duplicate,2026-05-14T15:34:00
워시타워,LG 트롬 AI 오브제컬렉션 워시타워25/25kg 2025년형 WA2525MYHF LG 기사님설치,https://smartstore.naver.com/main/products/11905996400,https://shopping-phinf.pstatic.net/main_8945050/89450507009.1.jpg,data\staging\wash_tower\워시타워\stg_0009.jpg,734,698,skipped_duplicate,2026-05-14T15:34:00
워시타워,LG전자 워시타워 FX23WXNW + RD20WXNW (W20WAN),https://search.shopping.naver.com/catalog/31368381619,https://shopping-phinf.pstatic.net/main_3136838/31368381619.20220318144716.jpg,data\staging\wash_tower\워시타워\stg_0010.jpg,1000,1000,skipped_duplicate,2026-05-14T15:34:00
워시타워,LG전자 워시타워 FA25EJFB + RA25GJFB (WA2525EGZF),https://search.shopping.naver.com/catalog/53758514760,https://shopping-phinf.pstatic.net/main_5375851/53758514760.20250325192337.jpg,data\staging\wash_tower\워시타워\stg_0011.jpg,1000,1201,skipped_duplicate,2026-05-14T15:34:01
워시타워,LG전자 워시타워 FL25EJN + RL21GJN (WL21EGN),https://search.shopping.naver.com/catalog/42303231618,https://shopping-phinf.pstatic.net/main_4230323/42303231618.20230829174315.jpg,data\staging\wash_tower\워시타워\stg_0012.jpg,750,750,skipped_duplicate,2026-05-14T15:34:01
워시타워,1등급 엘지 오브제 트롬 원바디 워시타워 25+21KG 일체형 베이지그린 WL21EGN,https://smartstore.naver.com/main/products/12697479196,https://shopping-phinf.pstatic.net/main_9024199/90241990120.jpg,data\staging\wash_tower\워시타워\stg_0013.jpg,1000,1000,skipped_duplicate,2026-05-14T15:34:01
워시타워,LG전자 워시타워 FX23GJN + RD20EJN (W20GEAN),https://search.shopping.naver.com/catalog/31368825619,https://shopping-phinf.pstatic.net/main_3136882/31368825619.20220614142254.jpg,data\staging\wash_tower\워시타워\stg_0014.jpg,750,750,skipped_duplicate,2026-05-14T15:34:02
워시타워,삼성 비스포크 24kg+20kg 그랑데 원바디 세탁기건조기 세트 워시 타워형,https://smartstore.naver.com/main/products/9221779838,https://shopping-phinf.pstatic.net/main_8676628/86766280161.1.jpg,data\staging\wash_tower\워시타워\stg_0015.jpg,651,650,skipped_duplicate,2026-05-14T15:34:02
워시타워,LG전자 워시타워 F25WJDS + RD20WJDS (W2520WZM),https://search.shopping.naver.com/catalog/54812873672,https://shopping-phinf.pstatic.net/main_5481287/54812873672.20250703165116.jpg,data\staging\wash_tower\워시타워\stg_0016.jpg,350,350,skipped_duplicate,2026-05-14T15:34:03
워시타워,LG전자 (LG)LG 오브제 워시타워 25kg+25kg 베이지_베이지 WA2525EEHF,https://link.gmarket.co.kr/gate/pcs?item-no=4721452614&sub-id=1003&service-code=10000003&lcd=100000092,https://shopping-phinf.pstatic.net/main_5957655/59576554914.jpg,data\staging\wash_tower\워시타워\stg_0017.jpg,600,600,skipped_duplicate,2026-05-14T15:34:03
워시타워,LG전자 워시타워 FL25EJUE + RL21GJUG (WL21EGZU) 1개,https://search.shopping.naver.com/catalog/59400904984,https://shopping-phinf.pstatic.net/main_5940090/59400904984.20260326151352.jpg,data\staging\wash_tower\워시타워\stg_0018.jpg,350,350,skipped_duplicate,2026-05-14T15:34:03
워시타워,LG전자 워시타워 FX24EJAD + RD21GJAD (W21EGAM),https://search.shopping.naver.com/catalog/48864705619,https://shopping-phinf.pstatic.net/main_4886470/48864705619.20240702115012.jpg,data\staging\wash_tower\워시타워\stg_0019.jpg,1000,1000,skipped_duplicate,2026-05-14T15:34:04
워시타워,LG전자 워시타워 FX24GJAD + RD21EJAD (W21GEAM),https://search.shopping.naver.com/catalog/48864793618,https://shopping-phinf.pstatic.net/main_4886479/48864793618.20240702120116.jpg,data\staging\wash_tower\워시타워\stg_0020.jpg,1000,1000,skipped_duplicate,2026-05-14T15:34:04
워시타워,LG전자 워시타워 F13WJANR + RH10WJAN (W1310WAN) 1개,https://search.shopping.naver.com/catalog/59618537084,https://shopping-phinf.pstatic.net/main_5961853/59618537084.20260410142606.jpg,data\staging\wash_tower\워시타워\stg_0021.jpg,1000,1000,skipped_duplicate,2026-05-14T15:34:05
워시타워,LG전자 워시타워 FX24WJADR+RD21WJAD (W2421WAMR) 1개,https://search.shopping.naver.com/catalog/59645379413,https://shopping-phinf.pstatic.net/main_5964537/59645379413.20260413153635.jpg,data\staging\wash_tower\워시타워\stg_0022.jpg,1000,1000,skipped_duplicate,2026-05-14T15:34:05
워시타워,삼성 세탁기건조기 일체형 그랑데 ai 비스포크 워시 타워형 21+17kg,https://smartstore.naver.com/main/products/12238069810,https://shopping-phinf.pstatic.net/main_8978258/89782580526.1.jpg,data\staging\wash_tower\워시타워\stg_0023.jpg,600,600,skipped_duplicate,2026-05-14T15:34:05
워시타워,LG전자 워시타워 FX23EJN + D20GJN (W20EGAN),https://search.shopping.naver.com/catalog/31912971619,https://shopping-phinf.pstatic.net/main_3191297/31912971619.20220419180148.jpg,data\staging\wash_tower\워시타워\stg_0024.jpg,1000,1000,skipped_duplicate,2026-05-14T15:34:06
워시타워,LG전자 워시타워 FX23GJN + RD20GJN (W20GGAN) 1개,https://search.shopping.naver.com/catalog/59772477645,https://shopping-phinf.pstatic.net/main_5977247/59772477645.20260423122252.jpg,data\staging\wash_tower\워시타워\stg_0025.jpg,500,500,skipped_duplicate,2026-05-14T15:34:06
워시타워,LG전자 워시타워 FA25YJFB + RA25MJFB (WA2525YMZF),https://search.shopping.naver.com/catalog/54878322634,https://shopping-phinf.pstatic.net/main_5487832/54878322634.20250527162330.jpg,data\staging\wash_tower\워시타워\stg_0026.jpg,750,750,skipped_duplicate,2026-05-14T15:34:06
워시타워,LG전자 워시타워 FA25EJFB + RA25EJFB (WA2525EEZF),https://search.shopping.naver.com/catalog/55399059483,https://shopping-phinf.pstatic.net/main_5539905/55399059483.20250620160911.jpg,data\staging\wash_tower\워시타워\stg_0027.jpg,500,643,skipped_duplicate,2026-05-14T15:34:07
워시타워,LG전자 워시타워 FA25MJFB + RA25YJFB (WA2525MYZF),https://search.shopping.naver.com/catalog/54878312008,https://shopping-phinf.pstatic.net/main_5487831/54878312008.20250527162503.jpg,data\staging\wash_tower\워시타워\stg_0028.jpg,750,750,skipped_duplicate,2026-05-14T15:34:07
워시타워,LG전자 워시타워 25kg+20kg W2520WHM 릴리화이트 전국무료배송,https://smartstore.naver.com/main/products/12628372024,https://shopping-phinf.pstatic.net/main_9017288/90172882880.1.jpg,data\staging\wash_tower\워시타워\stg_0029.jpg,2048,2048,skipped_duplicate,2026-05-14T15:34:08
워시타워,LG전자 워시타워 FL25GJN + RL21EJN (WL21GEN),https://search.shopping.naver.com/catalog/42303231619,https://shopping-phinf.pstatic.net/main_4230323/42303231619.20230829174548.jpg,data\staging\wash_tower\워시타워\stg_0030.jpg,750,750,skipped_duplicate,2026-05-14T15:34:08
워시타워,(삼성설치포함)AI 원바디 세탁기 24kg + 건조기 20kg 워시타워 화이트 WF2420HCWWC,https://smartstore.naver.com/main/products/11021880281,https://shopping-phinf.pstatic.net/main_8856638/88566386488.jpg,data\staging\wash_tower\워시타워\stg_0031.jpg,1000,1000,skipped_duplicate,2026-05-14T15:34:08
워시타워,삼성 비스포크AI 원바디 워시 타워형 세탁기 건조기 일체형 21+17kg 1등급,https://smartstore.naver.com/main/products/12942628675,https://shopping-phinf.pstatic.net/main_9048713/90487139685.jpg,data\staging\wash_tower\워시타워\stg_0032.jpg,492,492,skipped_duplicate,2026-05-14T15:34:09
워시타워,엘지 트롬 오브제컬렉션 일체형 세탁23kg 건조20kg 워시타워 원바디 그린 W20GGAN,https://smartstore.naver.com/main/products/11984197079,https://shopping-phinf.pstatic.net/main_8952870/89528707767.jpg,data\staging\wash_tower\워시타워\stg_0033.jpg,1000,1000,skipped_duplicate,2026-05-14T15:34:09
워시타워,LG전자 워시타워 FX25WJNS + RD20WJNS (W20WZNM),https://search.shopping.naver.com/catalog/39651683623,https://shopping-phinf.pstatic.net/main_3965168/39651683623.20230821155023.jpg,data\staging\wash_tower\워시타워\stg_0034.jpg,1000,1000,skipped_duplicate,2026-05-14T15:34:10
워시타워,LG전자 워시타워 F13EJN + RH10GJN (W10EGN),https://search.shopping.naver.com/catalog/34643320621,https://shopping-phinf.pstatic.net/main_3464332/34643320621.20251015223703.jpg,data\staging\wash_tower\워시타워\stg_0035.jpg,350,350,skipped_duplicate,2026-05-14T15:34:10
워시타워,LG전자 워시타워 W20EEZ,https://search.shopping.naver.com/catalog/38118191623,https://shopping-phinf.pstatic.net/main_3811819/38118191623.20230404145937.jpg,data\staging\wash_tower\워시타워\stg_0036.jpg,1000,1000,skipped_duplicate,2026-05-14T15:34:10
워시타워,LG전자 워시타워 FA25GJFB + RA25EJFB (WA2525GEZF),https://search.shopping.naver.com/catalog/53758689776,https://shopping-phinf.pstatic.net/main_5375868/53758689776.20250325194735.jpg,data\staging\wash_tower\워시타워\stg_0037.jpg,1000,1000,skipped_duplicate,2026-05-14T15:34:11
워시타워,LG전자 오브제컬렉션 워시타워 W20GEAN 세탁기 23kg + 건조기 20kg 방문설치,https://link.coupang.com/re/PCSNAVERPCSDP?pageKey=6764223156&ctag=6764223156&lptag=l344240606918&itemId=44140069368&vendorItemId=81294119532&spec=10305197,https://shopping-phinf.pstatic.net/main_5976378/59763784248.jpg,data\staging\wash_tower\워시타워\stg_0038.jpg,1000,1000,skipped_duplicate,2026-05-14T15:34:11
워시타워,LG전자 워시타워 FX24EJADR+RD21EJAD (W2421EEAMR) 1개,https://search.shopping.naver.com/catalog/59645004437,https://shopping-phinf.pstatic.net/main_5964500/59645004437.20260413143948.jpg,data\staging\wash_tower\워시타워\stg_0039.jpg,1000,1000,skipped_duplicate,2026-05-14T15:34:11
워시타워,LG전자 워시타워 FX24WXDR+RD20WXD (W2420WDR) 1개,https://search.shopping.naver.com/catalog/59645780903,https://shopping-phinf.pstatic.net/main_5964578/59645780903.20260413163856.jpg,data\staging\wash_tower\워시타워\stg_0040.jpg,1000,1000,skipped_duplicate,2026-05-14T15:34:12
워시타워,LG 워시타워 W20WANQ 오브제컬렉션 세탁기 + 건조기 일체형 / 화이트,https://smartstore.naver.com/main/products/10795842637,https://shopping-phinf.pstatic.net/main_8834034/88340348627.3.jpg,data\staging\wash_tower\워시타워\stg_0041.jpg,568,532,skipped_duplicate,2026-05-14T15:34:12
워시타워,LG전자 워시타워 W20EGZ,https://search.shopping.naver.com/catalog/32002566618,https://shopping-phinf.pstatic.net/main_3200256/32002566618.20251015224450.jpg,data\staging\wash_tower\워시타워\stg_0042.jpg,350,350,skipped_duplicate,2026-05-14T15:34:13
워시타워,LG전자 워시타워 FX24EJAD + RD21EJAD (W21EEAM),https://search.shopping.naver.com/catalog/48864503618,https://shopping-phinf.pstatic.net/main_4886450/48864503618.20240702113726.jpg,data\staging\wash_tower\워시타워\stg_0043.jpg,1000,1000,skipped_duplicate,2026-05-14T15:34:13
워시타워,LG전자 워시타워 FX23GJAD + RD21EJAD (W2321GEAM),https://search.shopping.naver.com/catalog/56017873907,https://shopping-phinf.pstatic.net/main_5601787/56017873907.20250806163411.jpg,data\staging\wash_tower\워시타워\stg_0044.jpg,350,350,skipped_duplicate,2026-05-14T15:34:13
워시타워,LG전자 워시타워 F13BJN + RH10BJHN (W10BHN),https://search.shopping.naver.com/catalog/42198991619,https://shopping-phinf.pstatic.net/main_4219899/42198991619.20251015224804.jpg,data\staging\wash_tower\워시타워\stg_0045.jpg,350,350,skipped_duplicate,2026-05-14T15:34:14
워시타워,LG전자 워시타워 FX24GJDG + RD20EJDE (W20GEZ),https://search.shopping.naver.com/catalog/32004215621,https://shopping-phinf.pstatic.net/main_3200421/32004215621.20220425150033.jpg,data\staging\wash_tower\워시타워\stg_0046.jpg,1000,1000,approved,2026-05-14T15:34:14
워시타워,LG전자 세탁기건조기세트 24+20kg 워시타워 FX24WJN+RD20WJN W20WHN,https://smartstore.naver.com/main/products/9889918968,https://shopping-phinf.pstatic.net/main_8743442/87434421241.jpg,data\staging\wash_tower\워시타워\stg_0047.jpg,500,500,approved,2026-05-14T15:34:15
워시타워,LG전자 워시타워 FX23EJN + RD20EJN (W20EEAN) 1개,https://search.shopping.naver.com/catalog/59307355588,https://shopping-phinf.pstatic.net/main_5930735/59307355588.20260318171516.jpg,data\staging\wash_tower\워시타워\stg_0048.jpg,1000,1000,approved,2026-05-14T15:34:15
워시타워,LG전자 워시타워 FX24GJADR+RD21EJAD (W2421GEAMR) 1개,https://search.shopping.naver.com/catalog/59645227741,https://shopping-phinf.pstatic.net/main_5964522/59645227741.20260413151303.jpg,data\staging\wash_tower\워시타워\stg_0049.jpg,1000,1000,approved,2026-05-14T15:34:15
워시타워,LG전자 워시타워 FX24WJN + RD20WJN (W20WHN),https://smartstore.naver.com/main/products/11514974297,https://shopping-phinf.pstatic.net/main_8905948/89059484670.jpg,data\staging\wash_tower\워시타워\stg_0050.jpg,640,640,skipped_duplicate,2026-05-14T15:34:16
워시타워,LG 트롬 세탁기건조기 일체형 세트 W20WHN 워시타워 24+20,https://smartstore.naver.com/main/products/10412545527,https://shopping-phinf.pstatic.net/main_8795705/87957050503.jpg,data\staging\wash_tower\워시타워\stg_0051.jpg,1080,1080,skipped_duplicate,2026-05-14T15:34:16
워시타워,LG 트롬 AI 오브제컬렉션 워시타워25/25kg 최신 WA2525GEHF LG전문기사 방문설치,https://smartstore.naver.com/main/products/11942831542,https://shopping-phinf.pstatic.net/main_8948734/89487342230.jpg,data\staging\wash_tower\워시타워\stg_0052.jpg,1000,1000,skipped_duplicate,2026-05-14T15:34:16
워시타워,LG 트롬 AI 오브제컬렉션 워시타워 엘지 세탁기 건조기 25kg 1등급WA2525YMZF,https://smartstore.naver.com/main/products/12138860618,https://shopping-phinf.pstatic.net/main_8968337/89683371323.jpg,data\staging\wash_tower\워시타워\stg_0053.jpg,860,860,skipped_duplicate,2026-05-14T15:34:17
워시타워,LG전자 워시타워 FL25MJUR + RL22YJU (WL22MYHU),https://search.shopping.naver.com/catalog/47785184619,https://shopping-phinf.pstatic.net/main_4778518/47785184619.20240517095730.jpg,data\staging\wash_tower\워시타워\stg_0054.jpg,600,600,approved,2026-05-14T15:34:17
워시타워,LG전자 혜택가 207만원대 LG전자 트롬 워시타워 W20WD 세탁24kg 건조20kg,https://link.gmarket.co.kr/gate/pcs?item-no=2344305507&sub-id=1003&service-code=10000003&lcd=100000092,https://shopping-phinf.pstatic.net/main_3551409/35514091238.163.jpg,data\staging\wash_tower\워시타워\stg_0055.jpg,600,600,skipped_duplicate,2026-05-14T15:34:18
워시타워,LG 워시타워 W21WAM 세탁기 24kg 건조기 21kg,https://smartstore.naver.com/main/products/10503741323,https://shopping-phinf.pstatic.net/main_8804824/88048246675.46.jpg,data\staging\wash_tower\워시타워\stg_0056.jpg,1000,1000,skipped_duplicate,2026-05-14T15:34:18
워시타워,[혜택가 226만] LG 트롬 오브제컬렉션 워시타워 W21WAM 세탁기건조기 24/21kg,https://www.11st.co.kr/connect/Gateway.tmall?method=Xsite&prdNo=7311004275&tid=1000000061,https://shopping-phinf.pstatic.net/main_4875484/48754845765.15.jpg,data\staging\wash_tower\워시타워\stg_0057.jpg,900,900,skipped_duplicate,2026-05-14T15:34:18
워시타워,[신세계백화점]LG전자 (LG)SLG전자 직영 트롬 워시타워 오브제컬렉션 W20WANQ,https://link.gmarket.co.kr/gate/pcs?item-no=4494611069&sub-id=1003&service-code=10000003&lcd=100000092,https://shopping-phinf.pstatic.net/main_5840088/58400882628.jpg,data\staging\wash_tower\워시타워\stg_0058.jpg,600,600,skipped_duplicate,2026-05-14T15:34:19
워시타워,LG전자 워시타워 F13BJN + RH10BJN (W10BN),https://search.shopping.naver.com/catalog/38174314619,https://shopping-phinf.pstatic.net/main_3817431/38174314619.20251015224550.jpg,data\staging\wash_tower\워시타워\stg_0059.jpg,350,350,skipped_duplicate,2026-05-14T15:34:19
워시타워,LG전자 워시타워 FL25EJUER + RL22GJUG (WL22EGZU) 1개,https://search.shopping.naver.com/catalog/59401676601,https://shopping-phinf.pstatic.net/main_5940167/59401676601.20260326170132.jpg,data\staging\wash_tower\워시타워\stg_0060.jpg,350,350,skipped_duplicate,2026-05-14T15:34:20
워시타워,"LG전자 워시타워 FX24WXD + RD20WXD (W20WD) 방문주기12개월, 의무사용 72개월",https://search.shopping.naver.com/catalog/59128530012,https://shopping-phinf.pstatic.net/main_5912853/59128530012.20260303150053.jpg,data\staging\wash_tower\워시타워\stg_0061.jpg,792,750,skipped_duplicate,2026-05-14T15:34:20
워시타워,LG전자 워시타워 FL25WJUR + RL22WJU (WL22WDU),https://search.shopping.naver.com/catalog/45437828621,https://shopping-phinf.pstatic.net/main_4543782/45437828621.20240124175853.jpg,data\staging\wash_tower\워시타워\stg_0062.jpg,350,350,skipped_duplicate,2026-05-14T15:34:20
워시타워,LG전자 세탁기건조기세트 24+20kg 워시타워 FX24WJN+RD20WJN W20WHN,https://smartstore.naver.com/main/products/10341312514,https://shopping-phinf.pstatic.net/main_8788581/87885816883.1.jpg,data\staging\wash_tower\워시타워\stg_0063.jpg,1000,1000,approved,2026-05-14T15:34:21
워시타워,LG전자 워시타워 F13WJAN + RH10WJAN (W10WAN) 1개,https://search.shopping.naver.com/catalog/59771422382,https://shopping-phinf.pstatic.net/main_5977142/59771422382.20260423100438.jpg,data\staging\wash_tower\워시타워\stg_0064.jpg,350,350,skipped_duplicate,2026-05-14T15:34:21
워시타워,LG전자 워시타워 FL25EJUER + RL22EJUE (WL22EEZU) 1개,https://search.shopping.naver.com/catalog/59816046802,https://shopping-phinf.pstatic.net/main_5981604/59816046802.20260427165712.jpg,data\staging\wash_tower\워시타워\stg_0065.jpg,350,350,skipped_duplicate,2026-05-14T15:34:21
워시타워,LG 트롬 오브제컬렉션 워시타워 W20WHN,https://www.lge.co.kr/wash-tower/w20whn?naver_code=100212&utm_source=navershopping&utm_medium=cps&utm_campaign=20220118_navercps_pdp_lgekr,https://shopping-phinf.pstatic.net/main_3798516/37985166606.jpg,data\staging\wash_tower\워시타워\stg_0066.jpg,350,350,skipped_duplicate,2026-05-14T15:34:22
워시타워,"LG전자 워시타워 FL25EJN + RL21GJN (WL21EGN) 방문주기12개월, 의무사용 72개월",https://search.shopping.naver.com/catalog/59166113485,https://shopping-phinf.pstatic.net/main_5916611/59166113485.20260306154536.jpg,data\staging\wash_tower\워시타워\stg_0067.jpg,1000,1000,skipped_duplicate,2026-05-14T15:34:22
워시타워,LG전자 워시타워 W20GEHN,https://search.shopping.naver.com/catalog/32456134620,https://shopping-phinf.pstatic.net/main_3245613/32456134620.20220520095953.jpg,data\staging\wash_tower\워시타워\stg_0068.jpg,500,500,approved,2026-05-14T15:34:23
워시타워,LG전자 워시타워 FL25KJUR + RL22KJU (WL22KDU),https://search.shopping.naver.com/catalog/45436865619,https://shopping-phinf.pstatic.net/main_4543686/45436865619.20240124163556.jpg,data\staging\wash_tower\워시타워\stg_0069.jpg,350,350,skipped_duplicate,2026-05-14T15:34:23
워시타워,LG전자 트롬 트루스팀 워시타워 W20WD 세탁24kg 건조20kg,https://smartstore.naver.com/main/products/6139216797,https://shopping-phinf.pstatic.net/main_8368371/83683716285.265.jpg,data\staging\wash_tower\워시타워\stg_0070.jpg,1000,1000,approved,2026-05-14T15:34:23
워시타워,LG전자 워시타워 FL25EJUR + RL22GJU (WL22EGHU),https://search.shopping.naver.com/catalog/49071516621,https://shopping-phinf.pstatic.net/main_4907151/49071516621.20240718145649.jpg,data\staging\wash_tower\워시타워\stg_0071.jpg,1000,1000,skipped_duplicate,2026-05-14T15:34:24
워시타워,LG전자 워시타워 FL25GJUGR + RL22EJUE (WL22GEZU),https://search.shopping.naver.com/catalog/45431786619,https://shopping-phinf.pstatic.net/main_4543178/45431786619.20240124111703.jpg,data\staging\wash_tower\워시타워\stg_0072.jpg,350,350,skipped_duplicate,2026-05-14T15:34:24
워시타워,LG전자 워시타워 FL25YJUYR + RL22MJUM (WL22YMZU),https://search.shopping.naver.com/catalog/45412645624,https://shopping-phinf.pstatic.net/main_4541264/45412645624.20240123180248.jpg,data\staging\wash_tower\워시타워\stg_0073.jpg,350,350,skipped_duplicate,2026-05-14T15:34:25
워시타워,LG전자 워시타워 FL25MJUMR + RL22YJUY (WL22MYZU),https://search.shopping.naver.com/catalog/45431893619,https://shopping-phinf.pstatic.net/main_4543189/45431893619.20240124104859.jpg,data\staging\wash_tower\워시타워\stg_0074.jpg,350,350,skipped_duplicate,2026-05-14T15:34:25
워시타워,LG전자 세탁기건조기세트 일체형 트루스팀 세탁기 24kg 건조기 21kg,https://smartstore.naver.com/main/products/10648660870,https://shopping-phinf.pstatic.net/main_8819316/88193166768.5.jpg,data\staging\wash_tower\워시타워\stg_0075.jpg,1000,1000,deleted,2026-05-14T15:34:25
워시타워,삼성전자 LG전자 W17WTA 트롬 워시타워 (세탁24kg/건조17kg),https://smartstore.naver.com/main/products/6097545278,https://shopping-phinf.pstatic.net/main_8364204/83642044766.1.jpg,data\staging\wash_tower\워시타워\stg_0076.jpg,1000,1000,approved,2026-05-14T15:34:26
워시타워,LG전자 워시타워 FA23EJNB +  RA23GJNB (WA2323EGZN),https://search.shopping.naver.com/catalog/57827330175,https://shopping-phinf.pstatic.net/main_5782733/57827330175.20251126144231.jpg,data\staging\wash_tower\워시타워\stg_0077.jpg,500,500,approved,2026-05-14T15:34:26
워시타워,LG 오브제 컬렉션 워시타워 세탁 25kg + 건조 21kg 트루스팀 네이처 베이지,https://smartstore.naver.com/main/products/7696824794,https://shopping-phinf.pstatic.net/main_8524132/85241325116.1.jpg,data\staging\wash_tower\워시타워\stg_0078.jpg,1284,1253,skipped_duplicate,2026-05-14T15:34:27
워시타워,LG전자 워시타워 FX24WJAD + RD21WJAD (W21WAM) + 2025 LED QNED 4K 75AEA 163cm (65QNED75AEA),https://search.shopping.naver.com/catalog/58534038702,https://shopping-phinf.pstatic.net/main_5853403/58534038702.20260116101552.jpg,data\staging\wash_tower\워시타워\stg_0079.jpg,1000,1000,deleted,2026-05-14T15:34:27
워시타워,LG 트롬 AI 오브제컬렉션 워시타워 WA2525YMZF 네이비 크림,https://smartstore.naver.com/main/products/11926893846,https://shopping-phinf.pstatic.net/main_8947140/89471404534.jpg,data\staging\wash_tower\워시타워\stg_0080.jpg,800,800,skipped_duplicate,2026-05-14T15:34:27
워시타워,LG전자 워시타워 FX24EJADR+RD21GJAD (W2421EGAMR) 1개,https://search.shopping.naver.com/catalog/59619408403,https://shopping-phinf.pstatic.net/main_5961940/59619408403.20260410163828.jpg,data\staging\wash_tower\워시타워\stg_0081.jpg,1000,1000,skipped_duplicate,2026-05-14T15:34:28
워시타워,LG전자 워시타워 FA23IJAN + FA23IJAN （WA2323IIAN）,https://search.shopping.naver.com/catalog/57764815689,https://shopping-phinf.pstatic.net/main_5776481/57764815689.20251118153332.jpg,data\staging\wash_tower\워시타워\stg_0082.jpg,750,750,skipped_duplicate,2026-05-14T15:34:28
워시타워,LG전자 워시타워 FL25EJUER + RL22MJUM (WL22EMZU),https://search.shopping.naver.com/catalog/45435207618,https://shopping-phinf.pstatic.net/main_4543520/45435207618.20240124143702.jpg,data\staging\wash_tower\워시타워\stg_0083.jpg,350,350,skipped_duplicate,2026-05-14T15:34:29
워시타워,LG전자 워시타워 FL25MJUMR + RL22MJUM (WL22MMZU),https://search.shopping.naver.com/catalog/45432159620,https://shopping-phinf.pstatic.net/main_4543215/45432159620.20240124113257.jpg,data\staging\wash_tower\워시타워\stg_0084.jpg,350,350,skipped_duplicate,2026-05-14T15:34:29
워시타워,삼성 세탁기건조기 워시타워형 1등급 25KG +21KG 화이트/블랙 택1,https://smartstore.naver.com/main/products/12199379081,https://shopping-phinf.pstatic.net/main_8974388/89743889786.jpg,data\staging\wash_tower\워시타워\stg_0085.jpg,1000,1000,skipped_duplicate,2026-05-14T15:34:29
워시타워,LG 트롬 오브제컬렉션 워시타워 렌탈 가전 구독 W20WHN,https://ykgmall.com/product/detail.html?product_no=938&cate_no=122&display_group=1&utm_source=naver&utm_medium=shopping&utm_campaign=knowledge_shopping&mkt_in=Y&ghost_mall_id=naver&ref=naver_open,https://shopping-phinf.pstatic.net/main_5960805/59608053943.jpg,data\staging\wash_tower\워시타워\stg_0086.jpg,1100,1100,skipped_duplicate,2026-05-14T15:34:30
워시타워,LG전자 워시타워 FL25GJUGR + RL22MJUM (WL22GMZU),https://search.shopping.naver.com/catalog/45435716621,https://shopping-phinf.pstatic.net/main_4543571/45435716621.20240124160432.jpg,data\staging\wash_tower\워시타워\stg_0087.jpg,350,350,skipped_duplicate,2026-05-14T15:34:30
워시타워,[무료배송및설치] LG전자 24+20kg 오브제 워시타워 FX24WJN+RD20WJN W20WHN,https://smartstore.naver.com/main/products/11225609981,https://shopping-phinf.pstatic.net/main_8877012/88770120312.jpg,data\staging\wash_tower\워시타워\stg_0088.jpg,1000,1000,skipped_duplicate,2026-05-14T15:34:31
워시타워,LG전자 워시타워 FL25GJUGR + RL22GJUG (WL22GGZU),https://search.shopping.naver.com/catalog/45432114622,https://shopping-phinf.pstatic.net/main_4543211/45432114622.20240124115140.jpg,data\staging\wash_tower\워시타워\stg_0089.jpg,350,350,skipped_duplicate,2026-05-14T15:34:31
워시타워,LG전자 LG전자 트롬 워시타워 드럼세탁기 건조기 24kg+20kg(W20WHN) _H2,https://link.gmarket.co.kr/gate/pcs?item-no=4717177172&sub-id=1003&service-code=10000003&lcd=100000092,https://shopping-phinf.pstatic.net/main_5951206/59512067729.jpg,data\staging\wash_tower\워시타워\stg_0090.jpg,600,600,skipped_duplicate,2026-05-14T15:34:31
워시타워,LG 트롬 AI 오브제컬렉션 워시타워 WA2525EGZF,https://www.lge.co.kr/wash-tower/wa2525egzf?naver_code=100212&utm_source=navershopping&utm_medium=cps&utm_campaign=20220118_navercps_pdp_lgekr,https://shopping-phinf.pstatic.net/main_5373846/53738460857.1.jpg,data\staging\wash_tower\워시타워\stg_0091.jpg,350,350,skipped_duplicate,2026-05-14T15:34:32
워시타워,"LG전자 워시타워 FX24WJAD + RD21WJAD (W21WAM) 방문주기12개월, 의무사용 72개월",https://search.shopping.naver.com/catalog/59192714845,https://shopping-phinf.pstatic.net/main_5919271/59192714845.20260309164827.jpg,data\staging\wash_tower\워시타워\stg_0092.jpg,1000,1000,skipped_duplicate,2026-05-14T15:34:32
워시타워,"LG전자 워시타워 FL25GJN + RL21EJN (WL21GEN) 방문주기6개월, 의무사용 72개월",https://search.shopping.naver.com/catalog/59231709735,https://shopping-phinf.pstatic.net/main_5923170/59231709735.20260312112448.jpg,data\staging\wash_tower\워시타워\stg_0093.jpg,1000,1000,skipped_duplicate,2026-05-14T15:34:33
워시타워,LG 트롬 오브제컬렉션 워시타워 25/21kg 1등급 WL21EGN,https://smartstore.naver.com/main/products/13291287466,https://shopping-phinf.pstatic.net/main_9083579/90835797798.jpg,data\staging\wash_tower\워시타워\stg_0094.jpg,603,678,skipped_duplicate,2026-05-14T15:34:33
워시타워,LG 트롬 워시타워 W20WD,https://www.lge.co.kr/wash-tower/w20wd?naver_code=100212&utm_source=navershopping&utm_medium=cps&utm_campaign=20220118_navercps_pdp_lgekr,https://shopping-phinf.pstatic.net/main_3847270/38472700171.jpg,data\staging\wash_tower\워시타워\stg_0095.jpg,350,350,skipped_duplicate,2026-05-14T15:34:34
워시타워,LG 트롬 오브제컬렉션 워시타워 25/21kg 1등급 WL21EGN,https://smartstore.naver.com/main/products/13490117329,https://shopping-phinf.pstatic.net/main_9103462/91034627681.jpg,data\staging\wash_tower\워시타워\stg_0096.jpg,1024,1024,skipped_duplicate,2026-05-14T15:34:34
워시타워,LG전자 워시타워 FX24GJADR+RD21GJAD (W2421GGAMR) 1개,https://search.shopping.naver.com/catalog/59618672164,https://shopping-phinf.pstatic.net/main_5961867/59618672164.20260410145343.jpg,data\staging\wash_tower\워시타워\stg_0097.jpg,1000,1000,approved,2026-05-14T15:34:34
워시타워,LG전자 워시타워 FA23GJNB + RA23EJNB (WA2323GEZN),https://search.shopping.naver.com/catalog/57827581020,https://shopping-phinf.pstatic.net/main_5782758/57827581020.20251126144501.jpg,data\staging\wash_tower\워시타워\stg_0098.jpg,500,500,approved,2026-05-14T15:34:35
워시타워,LG전자 워시타워 FL25YJUYR + RL22GJUG (WL22YGZU),https://search.shopping.naver.com/catalog/45436330618,https://shopping-phinf.pstatic.net/main_4543633/45436330618.20240124154200.jpg,data\staging\wash_tower\워시타워\stg_0099.jpg,350,350,skipped_duplicate,2026-05-14T15:34:36
LG 워시타워,LG전자 워시타워 FX24WXD + RD20WXD (W20WD),https://search.shopping.naver.com/catalog/30402965618,https://shopping-phinf.pstatic.net/main_3040296/30402965618.20220103155159.jpg,data\staging\wash_tower\LG_워시타워\stg_0000.jpg,1000,1000,approved,2026-05-14T15:34:37
LG 워시타워,LG전자 워시타워 FX24WJN + RD20WJN (W20WHN),https://search.shopping.naver.com/catalog/37988116618,https://shopping-phinf.pstatic.net/main_3798811/37988116618.20251015223645.jpg,data\staging\wash_tower\LG_워시타워\stg_0001.jpg,350,350,approved,2026-05-14T15:34:37
LG 워시타워,LG 트롬 오브제 워시타워 원바디 세탁기 건조기 세트 화이트 트루스팀,https://smartstore.naver.com/main/products/11277590770,https://shopping-phinf.pstatic.net/main_8882210/88822101101.4.jpg,data\staging\wash_tower\LG_워시타워\stg_0002.jpg,1000,1000,approved,2026-05-14T15:34:37
LG 워시타워,LG 트롬 워시타워 오브제 원바디 세탁기 건조기 세트 그린/베이지 색상선택,https://smartstore.naver.com/main/products/11277616151,https://shopping-phinf.pstatic.net/main_8882212/88822126482.4.jpg,data\staging\wash_tower\LG_워시타워\stg_0003.jpg,1000,1000,approved,2026-05-14T15:34:38
LG 워시타워,LG전자 워시타워 FX24WJAD + RD21WJAD (W21WAM),https://search.shopping.naver.com/catalog/48863997618,https://shopping-phinf.pstatic.net/main_4886399/48863997618.20240702110736.jpg,data\staging\wash_tower\LG_워시타워\stg_0004.jpg,1000,1000,skipped_duplicate,2026-05-14T15:34:38
LG 워시타워,LG 트롬 AI 오브제컬렉션 워시타워25/25kg 2025년형 WA2525MYHF LG 기사님설치,https://smartstore.naver.com/main/products/11905996400,https://shopping-phinf.pstatic.net/main_8945050/89450507009.1.jpg,data\staging\wash_tower\LG_워시타워\stg_0005.jpg,734,698,approved,2026-05-14T15:34:39
LG 워시타워,LG전자 워시타워 FX23WJN + RD20WJN (W20WANQ),https://search.shopping.naver.com/catalog/36170503618,https://shopping-phinf.pstatic.net/main_3617050/36170503618.20221129135056.jpg,data\staging\wash_tower\LG_워시타워\stg_0006.jpg,934,935,approved,2026-05-14T15:34:39
LG 워시타워,LG전자 (LG)LG 오브제 워시타워 25kg+25kg 베이지_베이지 WA2525EEHF,https://link.gmarket.co.kr/gate/pcs?item-no=4721452614&sub-id=1003&service-code=10000003&lcd=100000092,https://shopping-phinf.pstatic.net/main_5957655/59576554914.jpg,data\staging\wash_tower\LG_워시타워\stg_0007.jpg,600,600,approved,2026-05-14T15:34:39
LG 워시타워,LG전자 워시타워 FL25WJU + RL21WJU (WL21WDU),https://search.shopping.naver.com/catalog/39741085619,https://shopping-phinf.pstatic.net/main_3974108/39741085619.20251015224017.jpg,data\staging\wash_tower\LG_워시타워\stg_0008.jpg,350,350,skipped_duplicate,2026-05-14T15:34:40
LG 워시타워,1등급 엘지 오브제 트롬 원바디 워시타워 25+21KG 일체형 베이지그린 WL21EGN,https://smartstore.naver.com/main/products/12697479196,https://shopping-phinf.pstatic.net/main_9024199/90241990120.jpg,data\staging\wash_tower\LG_워시타워\stg_0009.jpg,1000,1000,approved,2026-05-14T15:34:40
LG 워시타워,LG전자 워시타워 FX23WXNW + RD20WXNW (W20WAN),https://search.shopping.naver.com/catalog/31368381619,https://shopping-phinf.pstatic.net/main_3136838/31368381619.20220318144716.jpg,data\staging\wash_tower\LG_워시타워\stg_0010.jpg,1000,1000,approved,2026-05-14T15:34:41
LG 워시타워,LG전자 워시타워 FA25EJFB + RA25GJFB (WA2525EGZF),https://search.shopping.naver.com/catalog/53758514760,https://shopping-phinf.pstatic.net/main_5375851/53758514760.20250325192337.jpg,data\staging\wash_tower\LG_워시타워\stg_0011.jpg,1000,1201,approved,2026-05-14T15:34:41
LG 워시타워,LG전자 워시타워 FL25EJN + RL21GJN (WL21EGN),https://search.shopping.naver.com/catalog/42303231618,https://shopping-phinf.pstatic.net/main_4230323/42303231618.20230829174315.jpg,data\staging\wash_tower\LG_워시타워\stg_0012.jpg,750,750,approved,2026-05-14T15:34:41
LG 워시타워,LG전자 워시타워 FX24EJAD + RD21GJAD (W21EGAM),https://search.shopping.naver.com/catalog/48864705619,https://shopping-phinf.pstatic.net/main_4886470/48864705619.20240702115012.jpg,data\staging\wash_tower\LG_워시타워\stg_0013.jpg,1000,1000,skipped_duplicate,2026-05-14T15:34:42
LG 워시타워,LG전자 워시타워 F25WJDS + RD20WJDS (W2520WZM),https://search.shopping.naver.com/catalog/54812873672,https://shopping-phinf.pstatic.net/main_5481287/54812873672.20250703165116.jpg,data\staging\wash_tower\LG_워시타워\stg_0014.jpg,350,350,skipped_duplicate,2026-05-14T15:34:42
LG 워시타워,LG전자 워시타워 FX23GJN + RD20EJN (W20GEAN),https://search.shopping.naver.com/catalog/31368825619,https://shopping-phinf.pstatic.net/main_3136882/31368825619.20220614142254.jpg,data\staging\wash_tower\LG_워시타워\stg_0015.jpg,750,750,approved,2026-05-14T15:34:43
LG 워시타워,LG 트롬 AI 오브제컬렉션 워시타워25/25kg 최신 WA2525GEHF LG전문기사 방문설치,https://smartstore.naver.com/main/products/11942831542,https://shopping-phinf.pstatic.net/main_8948734/89487342230.jpg,data\staging\wash_tower\LG_워시타워\stg_0016.jpg,1000,1000,approved,2026-05-14T15:34:43
LG 워시타워,LG전자 워시타워 FL25EJUE + RL21GJUG (WL21EGZU) 1개,https://search.shopping.naver.com/catalog/59400904984,https://shopping-phinf.pstatic.net/main_5940090/59400904984.20260326151352.jpg,data\staging\wash_tower\LG_워시타워\stg_0017.jpg,350,350,skipped_duplicate,2026-05-14T15:34:43
LG 워시타워,LG전자 FA25EJF + RA25EJF (WA2525EEHF) 1개,https://search.shopping.naver.com/catalog/59307134966,https://shopping-phinf.pstatic.net/main_5930713/59307134966.20260318171025.jpg,data\staging\wash_tower\LG_워시타워\stg_0018.jpg,700,700,skipped_duplicate,2026-05-14T15:34:44
LG 워시타워,LG전자 워시타워 FX24GJAD + RD21EJAD (W21GEAM),https://search.shopping.naver.com/catalog/48864793618,https://shopping-phinf.pstatic.net/main_4886479/48864793618.20240702120116.jpg,data\staging\wash_tower\LG_워시타워\stg_0019.jpg,1000,1000,skipped_duplicate,2026-05-14T15:34:44
LG 워시타워,LG전자 워시타워 FX24WJADR+RD21WJAD (W2421WAMR) 1개,https://search.shopping.naver.com/catalog/59645379413,https://shopping-phinf.pstatic.net/main_5964537/59645379413.20260413153635.jpg,data\staging\wash_tower\LG_워시타워\stg_0020.jpg,1000,1000,approved,2026-05-14T15:34:44
LG 워시타워,LG전자 워시타워 F13WJANR + RH10WJAN (W1310WAN) 1개,https://search.shopping.naver.com/catalog/59618537084,https://shopping-phinf.pstatic.net/main_5961853/59618537084.20260410142606.jpg,data\staging\wash_tower\LG_워시타워\stg_0021.jpg,1000,1000,skipped_duplicate,2026-05-14T15:34:45
LG 워시타워,LG전자 워시타워 25kg+20kg W2520WHM 릴리화이트 전국무료배송,https://smartstore.naver.com/main/products/12628372024,https://shopping-phinf.pstatic.net/main_9017288/90172882880.1.jpg,data\staging\wash_tower\LG_워시타워\stg_0022.jpg,2048,2048,approved,2026-05-14T15:34:45
LG 워시타워,LG전자 워시타워 FX25WJNS + RD20WJNS (W20WZNM),https://search.shopping.naver.com/catalog/39651683623,https://shopping-phinf.pstatic.net/main_3965168/39651683623.20230821155023.jpg,data\staging\wash_tower\LG_워시타워\stg_0023.jpg,1000,1000,approved,2026-05-14T15:34:46
LG 워시타워,LG전자 워시타워 F13EJN + RH10GJN (W10EGN),https://search.shopping.naver.com/catalog/34643320621,https://shopping-phinf.pstatic.net/main_3464332/34643320621.20251015223703.jpg,data\staging\wash_tower\LG_워시타워\stg_0024.jpg,350,350,skipped_duplicate,2026-05-14T15:34:46
LG 워시타워,LG전자 오브제컬렉션 워시타워 W20GEAN 세탁기 23kg + 건조기 20kg 방문설치,https://link.coupang.com/re/PCSNAVERPCSDP?pageKey=6764223156&ctag=6764223156&lptag=l344240606918&itemId=44140069368&vendorItemId=81294119532&spec=10305197,https://shopping-phinf.pstatic.net/main_5976378/59763784248.jpg,data\staging\wash_tower\LG_워시타워\stg_0025.jpg,1000,1000,approved,2026-05-14T15:34:46
LG 워시타워,LG전자 워시타워 FX23EJN + D20GJN (W20EGAN),https://search.shopping.naver.com/catalog/31912971619,https://shopping-phinf.pstatic.net/main_3191297/31912971619.20220419180148.jpg,data\staging\wash_tower\LG_워시타워\stg_0026.jpg,1000,1000,approved,2026-05-14T15:34:47
LG 워시타워,LG 워시타워 W20WANQ 오브제컬렉션 세탁기 + 건조기 일체형 / 화이트,https://smartstore.naver.com/main/products/10795842637,https://shopping-phinf.pstatic.net/main_8834034/88340348627.3.jpg,data\staging\wash_tower\LG_워시타워\stg_0027.jpg,568,532,approved,2026-05-14T15:34:47
LG 워시타워,LG전자 트롬 FA25IJF + RA25IJF (WA2525IIHF),https://search.shopping.naver.com/catalog/53758690302,https://shopping-phinf.pstatic.net/main_5375869/53758690302.20250402105431.jpg,data\staging\wash_tower\LG_워시타워\stg_0028.jpg,350,350,skipped_duplicate,2026-05-14T15:34:47
LG 워시타워,LG전자 워시타워 FA25YJFB + RA25MJFB (WA2525YMZF),https://search.shopping.naver.com/catalog/54878322634,https://shopping-phinf.pstatic.net/main_5487832/54878322634.20250527162330.jpg,data\staging\wash_tower\LG_워시타워\stg_0029.jpg,750,750,approved,2026-05-14T15:34:48
LG 워시타워,LG 오브제 컬렉션 워시타워 세탁 25kg + 건조 21kg 트루스팀 네이처 베이지,https://smartstore.naver.com/main/products/7696824794,https://shopping-phinf.pstatic.net/main_8524132/85241325116.1.jpg,data\staging\wash_tower\LG_워시타워\stg_0030.jpg,1284,1253,skipped_duplicate,2026-05-14T15:34:48
LG 워시타워,엘지 트롬 오브제컬렉션 일체형 세탁23kg 건조20kg 워시타워 원바디 그린 W20GGAN,https://smartstore.naver.com/main/products/11984197079,https://shopping-phinf.pstatic.net/main_8952870/89528707767.jpg,data\staging\wash_tower\LG_워시타워\stg_0031.jpg,1000,1000,approved,2026-05-14T15:34:49
LG 워시타워,LG전자 워시타워 W20EGZ,https://search.shopping.naver.com/catalog/32002566618,https://shopping-phinf.pstatic.net/main_3200256/32002566618.20251015224450.jpg,data\staging\wash_tower\LG_워시타워\stg_0032.jpg,350,350,skipped_duplicate,2026-05-14T15:34:49
LG 워시타워,LG전자 워시타워 FX24EJAD + RD21EJAD (W21EEAM),https://search.shopping.naver.com/catalog/48864503618,https://shopping-phinf.pstatic.net/main_4886450/48864503618.20240702113726.jpg,data\staging\wash_tower\LG_워시타워\stg_0033.jpg,1000,1000,skipped_duplicate,2026-05-14T15:34:49
LG 워시타워,LG전자 워시타워 W20EEZ,https://search.shopping.naver.com/catalog/38118191623,https://shopping-phinf.pstatic.net/main_3811819/38118191623.20230404145937.jpg,data\staging\wash_tower\LG_워시타워\stg_0034.jpg,1000,1000,skipped_duplicate,2026-05-14T15:34:50
LG 워시타워,LG전자 워시타워 FA25GJFB + RA25EJFB (WA2525GEZF),https://search.shopping.naver.com/catalog/53758689776,https://shopping-phinf.pstatic.net/main_5375868/53758689776.20250325194735.jpg,data\staging\wash_tower\LG_워시타워\stg_0035.jpg,1000,1000,approved,2026-05-14T15:34:50
LG 워시타워,LG전자 워시타워 FX23GJAD + RD21EJAD (W2321GEAM),https://search.shopping.naver.com/catalog/56017873907,https://shopping-phinf.pstatic.net/main_5601787/56017873907.20250806163411.jpg,data\staging\wash_tower\LG_워시타워\stg_0036.jpg,350,350,skipped_duplicate,2026-05-14T15:34:51
LG 워시타워,LG전자 워시타워 F13BJN + RH10BJHN (W10BHN),https://search.shopping.naver.com/catalog/42198991619,https://shopping-phinf.pstatic.net/main_4219899/42198991619.20251015224804.jpg,data\staging\wash_tower\LG_워시타워\stg_0037.jpg,350,350,approved,2026-05-14T15:34:51
LG 워시타워,LG전자 워시타워 FX23GJN + RD20GJN (W20GGAN) 1개,https://search.shopping.naver.com/catalog/59772477645,https://shopping-phinf.pstatic.net/main_5977247/59772477645.20260423122252.jpg,data\staging\wash_tower\LG_워시타워\stg_0038.jpg,500,500,approved,2026-05-14T15:34:51
LG 워시타워,LG전자 워시타워 FX24EJADR+RD21EJAD (W2421EEAMR) 1개,https://search.shopping.naver.com/catalog/59645004437,https://shopping-phinf.pstatic.net/main_5964500/59645004437.20260413143948.jpg,data\staging\wash_tower\LG_워시타워\stg_0039.jpg,1000,1000,approved,2026-05-14T15:34:52
LG 워시타워,LG 트롬 AI 오브제컬렉션 워시타워 WA2525YMZF 네이비 크림,https://smartstore.naver.com/main/products/11926893846,https://shopping-phinf.pstatic.net/main_8947140/89471404534.jpg,data\staging\wash_tower\LG_워시타워\stg_0040.jpg,800,800,approved,2026-05-14T15:34:52
LG 워시타워,LG전자 워시타워 FA25EJFB + RA25EJFB (WA2525EEZF),https://search.shopping.naver.com/catalog/55399059483,https://shopping-phinf.pstatic.net/main_5539905/55399059483.20250620160911.jpg,data\staging\wash_tower\LG_워시타워\stg_0041.jpg,500,643,approved,2026-05-14T15:34:52
LG 워시타워,LG전자 워시타워 FA25MJFB + RA25YJFB (WA2525MYZF),https://search.shopping.naver.com/catalog/54878312008,https://shopping-phinf.pstatic.net/main_5487831/54878312008.20250527162503.jpg,data\staging\wash_tower\LG_워시타워\stg_0042.jpg,750,750,approved,2026-05-14T15:34:53
LG 워시타워,LG전자 워시타워 FX24WJN + RD20WJN (W20WHN),https://smartstore.naver.com/main/products/11514974297,https://shopping-phinf.pstatic.net/main_8905948/89059484670.jpg,data\staging\wash_tower\LG_워시타워\stg_0043.jpg,640,640,skipped_duplicate,2026-05-14T15:34:53
LG 워시타워,LG전자 워시타워 FL25GJN + RL21EJN (WL21GEN),https://search.shopping.naver.com/catalog/42303231619,https://shopping-phinf.pstatic.net/main_4230323/42303231619.20230829174548.jpg,data\staging\wash_tower\LG_워시타워\stg_0044.jpg,750,750,skipped_duplicate,2026-05-14T15:34:54
LG 워시타워,LG전자 워시타워 FX24WXDR+RD20WXD (W2420WDR) 1개,https://search.shopping.naver.com/catalog/59645780903,https://shopping-phinf.pstatic.net/main_5964578/59645780903.20260413163856.jpg,data\staging\wash_tower\LG_워시타워\stg_0045.jpg,1000,1000,approved,2026-05-14T15:34:54
LG 워시타워,LG전자 오브제컬렉션 F13EJNR + RH10GJN (W1310EGN) 1개,https://search.shopping.naver.com/catalog/59245106444,https://shopping-phinf.pstatic.net/main_5924510/59245106444.20260313161346.jpg,data\staging\wash_tower\LG_워시타워\stg_0046.jpg,500,500,skipped_duplicate,2026-05-14T15:34:54
LG 워시타워,LG전자 워시타워 F13BJN + RH10BJN (W10BN),https://search.shopping.naver.com/catalog/38174314619,https://shopping-phinf.pstatic.net/main_3817431/38174314619.20251015224550.jpg,data\staging\wash_tower\LG_워시타워\stg_0047.jpg,350,350,approved,2026-05-14T15:34:55
LG 워시타워,LG전자 워시타워 FL25EJUER + RL22GJUG (WL22EGZU) 1개,https://search.shopping.naver.com/catalog/59401676601,https://shopping-phinf.pstatic.net/main_5940167/59401676601.20260326170132.jpg,data\staging\wash_tower\LG_워시타워\stg_0048.jpg,350,350,skipped_duplicate,2026-05-14T15:34:55
LG 워시타워,"LG전자 워시타워 FX24WXD + RD20WXD (W20WD) 방문주기12개월, 의무사용 72개월",https://search.shopping.naver.com/catalog/59128530012,https://shopping-phinf.pstatic.net/main_5912853/59128530012.20260303150053.jpg,data\staging\wash_tower\LG_워시타워\stg_0049.jpg,792,750,skipped_duplicate,2026-05-14T15:34:56
LG 워시타워,1등급 LG전자 워시타워 25kg+20kg W2520WHM 릴리화이트,https://link.coupang.com/re/PCSNAVERPCSDP?pageKey=9174727029&ctag=9174727029&lptag=I27045560617&itemId=27045560617&vendorItemId=94013988081&spec=10305199,https://shopping-phinf.pstatic.net/main_5774705/57747051735.jpg,data\staging\wash_tower\LG_워시타워\stg_0050.jpg,960,960,approved,2026-05-14T15:34:56
LG 워시타워,LG전자 워시타워 FL25WJUR + RL22WJU (WL22WDU),https://search.shopping.naver.com/catalog/45437828621,https://shopping-phinf.pstatic.net/main_4543782/45437828621.20240124175853.jpg,data\staging\wash_tower\LG_워시타워\stg_0051.jpg,350,350,skipped_duplicate,2026-05-14T15:34:56
LG 워시타워,LG전자 워시타워 FX24GJDG + RD20EJDE (W20GEZ),https://search.shopping.naver.com/catalog/32004215621,https://shopping-phinf.pstatic.net/main_3200421/32004215621.20220425150033.jpg,data\staging\wash_tower\LG_워시타워\stg_0052.jpg,1000,1000,skipped_duplicate,2026-05-14T15:34:57
LG 워시타워,LG 트롬 AI 오브제컬렉션 워시타워 세탁 25kg + 건조 25kg 네이비/그레이,https://smartstore.naver.com/main/products/12095492469,https://shopping-phinf.pstatic.net/main_8964000/89640003174.jpg,data\staging\wash_tower\LG_워시타워\stg_0053.jpg,1284,1307,skipped_duplicate,2026-05-14T15:34:57
LG 워시타워,LG 트롬 AI 오브제컬렉션 워시타워 엘지 세탁기 건조기 25kg 1등급WA2525YMZF,https://smartstore.naver.com/main/products/12138860618,https://shopping-phinf.pstatic.net/main_8968337/89683371323.jpg,data\staging\wash_tower\LG_워시타워\stg_0054.jpg,860,860,skipped_duplicate,2026-05-14T15:34:57
LG 워시타워,LG전자 세탁기건조기세트 24+20kg 워시타워 FX24WJN+RD20WJN W20WHN,https://smartstore.naver.com/main/products/9889918968,https://shopping-phinf.pstatic.net/main_8743442/87434421241.jpg,data\staging\wash_tower\LG_워시타워\stg_0055.jpg,500,500,skipped_duplicate,2026-05-14T15:34:58
LG 워시타워,LG전자 (LG)LG 트롬 오브제컬렉션 워시타워25/20kg W2520WHM 전국무료배송,https://link.gmarket.co.kr/gate/pcs?item-no=4737070106&sub-id=1003&service-code=10000003&lcd=100000092,https://shopping-phinf.pstatic.net/main_5978800/59788006751.jpg,data\staging\wash_tower\LG_워시타워\stg_0056.jpg,600,600,skipped_duplicate,2026-05-14T15:34:58
LG 워시타워,LG전자 트롬 FA25KJF + RA25KJF (WA2525KDF),https://search.shopping.naver.com/catalog/54894648421,https://shopping-phinf.pstatic.net/main_5489464/54894648421.20250521170447.jpg,data\staging\wash_tower\LG_워시타워\stg_0057.jpg,1000,1000,skipped_duplicate,2026-05-14T15:34:59
LG 워시타워,LG전자 워시타워 FX24GJADR+RD21EJAD (W2421GEAMR) 1개,https://search.shopping.naver.com/catalog/59645227741,https://shopping-phinf.pstatic.net/main_5964522/59645227741.20260413151303.jpg,data\staging\wash_tower\LG_워시타워\stg_0058.jpg,1000,1000,skipped_duplicate,2026-05-14T15:34:59
LG 워시타워,LG전자 워시타워 F13WJAN + RH10WJAN (W10WAN) 1개,https://search.shopping.naver.com/catalog/59771422382,https://shopping-phinf.pstatic.net/main_5977142/59771422382.20260423100438.jpg,data\staging\wash_tower\LG_워시타워\stg_0059.jpg,350,350,skipped_duplicate,2026-05-14T15:34:59
LG 워시타워,LG전자 워시타워 FL25EJUER + RL22EJUE (WL22EEZU) 1개,https://search.shopping.naver.com/catalog/59816046802,https://shopping-phinf.pstatic.net/main_5981604/59816046802.20260427165712.jpg,data\staging\wash_tower\LG_워시타워\stg_0060.jpg,350,350,skipped_duplicate,2026-05-14T15:35:00
LG 워시타워,LG전자 트롬 워시타워 W17WTA 세탁기 24kg + 건조기 17kg 방문설치 릴리 화이트,https://link.coupang.com/re/PCSNAVERPCSDP?pageKey=5205176186&ctag=5205176186&lptag=I7266355837&itemId=7266355837&vendorItemId=80215165525&spec=10305199,https://shopping-phinf.pstatic.net/main_5905730/59057306251.jpg,data\staging\wash_tower\LG_워시타워\stg_0061.jpg,500,500,approved,2026-05-14T15:35:00
LG 워시타워,LG전자 트롬 워시타워 W16WTA 세탁기 21kg + 건조기 16kg 방문설치  릴리 화이트,https://link.coupang.com/re/PCSNAVERPCSDP?pageKey=1868809038&ctag=1868809038&lptag=I3176334251&itemId=3176334251&vendorItemId=80215343367&spec=10305199,https://shopping-phinf.pstatic.net/main_5905657/59056571754.jpg,data\staging\wash_tower\LG_워시타워\stg_0062.jpg,1000,1000,approved,2026-05-14T15:35:00
LG 워시타워,LG전자 워시타워 FL25GJUGR + RL22EJUE (WL22GEZU),https://search.shopping.naver.com/catalog/45431786619,https://shopping-phinf.pstatic.net/main_4543178/45431786619.20240124111703.jpg,data\staging\wash_tower\LG_워시타워\stg_0063.jpg,350,350,skipped_duplicate,2026-05-14T15:35:01
LG 워시타워,LG전자 혜택가 207만원대 LG전자 트롬 워시타워 W20WD 세탁24kg 건조20kg,https://link.gmarket.co.kr/gate/pcs?item-no=2344305507&sub-id=1003&service-code=10000003&lcd=100000092,https://shopping-phinf.pstatic.net/main_3551409/35514091238.163.jpg,data\staging\wash_tower\LG_워시타워\stg_0064.jpg,600,600,skipped_duplicate,2026-05-14T15:35:01
LG 워시타워,LG 워시타워 W21WAM 세탁기 24kg 건조기 21kg,https://smartstore.naver.com/main/products/10503741323,https://shopping-phinf.pstatic.net/main_8804824/88048246675.46.jpg,data\staging\wash_tower\LG_워시타워\stg_0065.jpg,1000,1000,skipped_duplicate,2026-05-14T15:35:02
LG 워시타워,[혜택가 226만] LG 트롬 오브제컬렉션 워시타워 W21WAM 세탁기건조기 24/21kg,https://www.11st.co.kr/connect/Gateway.tmall?method=Xsite&prdNo=7311004275&tid=1000000061,https://shopping-phinf.pstatic.net/main_4875484/48754845765.15.jpg,data\staging\wash_tower\LG_워시타워\stg_0066.jpg,900,900,skipped_duplicate,2026-05-14T15:35:02
LG 워시타워,[신세계백화점]LG전자 (LG)SLG전자 직영 트롬 워시타워 오브제컬렉션 W20WANQ,https://link.gmarket.co.kr/gate/pcs?item-no=4494611069&sub-id=1003&service-code=10000003&lcd=100000092,https://shopping-phinf.pstatic.net/main_5840088/58400882628.jpg,data\staging\wash_tower\LG_워시타워\stg_0067.jpg,600,600,skipped_duplicate,2026-05-14T15:35:02
LG 워시타워,LG 트롬 워시타워 W20VAN 세탁기 23kg + 건조기 20kg 메탈릭 실버 방문설치,https://link.coupang.com/re/PCSNAVERPCSDP?pageKey=6681148528&ctag=6681148528&lptag=I15406817549&itemId=15406817549&vendorItemId=83744923128&spec=10305199,https://shopping-phinf.pstatic.net/main_4967059/49670595064.jpg,data\staging\wash_tower\LG_워시타워\stg_0068.jpg,532,532,approved,2026-05-14T15:35:03
LG 워시타워,LG 워시타워 세탁기 건조기 일체형 WA2525EGZF 25+25 1등급 자동세제,https://smartstore.naver.com/main/products/12706403915,https://shopping-phinf.pstatic.net/main_9025091/90250914839.jpg,data\staging\wash_tower\LG_워시타워\stg_0069.jpg,1100,1080,approved,2026-05-14T15:35:03
LG 워시타워,[전국배송] LG 워시타워 오브제컬렉션 세탁25kg 건조25kg WA2525GEHF,https://smartstore.naver.com/main/products/13115358006,https://shopping-phinf.pstatic.net/main_9065986/90659869098.jpg,data\staging\wash_tower\LG_워시타워\stg_0070.jpg,1125,1125,skipped_duplicate,2026-05-14T15:35:04
LG 워시타워,LG 워시타워 렌탈 오브제컬렉션 세탁기 건조기 72개월 약정 12개월방문관리 WL22,https://rentdirects4.cafe24.com/product/detail.html?product_no=746,https://shopping-phinf.pstatic.net/main_5382686/53826865888.1.jpg,data\staging\wash_tower\LG_워시타워\stg_0071.jpg,1890,1890,skipped_duplicate,2026-05-14T15:35:04
LG 워시타워,LG 워시타워 W21GEAM 세탁기24kg 건조기21kg 색상선택 330221,https://www.11st.co.kr/connect/Gateway.tmall?method=Xsite&prdNo=9319840205&tid=1000000061,https://shopping-phinf.pstatic.net/main_5986679/59866790546.9.jpg,data\staging\wash_tower\LG_워시타워\stg_0072.jpg,900,900,skipped_duplicate,2026-05-14T15:35:05
LG 워시타워,LG 워시타워 W21GEAM 세탁기24kg 건조기21kg 색상선택 330221,https://smartstore.naver.com/main/products/13474202468,https://shopping-phinf.pstatic.net/main_9101871/91018712820.1.jpg,data\staging\wash_tower\LG_워시타워\stg_0073.jpg,600,600,skipped_duplicate,2026-05-14T15:35:06
LG 워시타워,[전국배송] LG 워시타워 오브제컬렉션 세탁25kg 건조25kg WA2525EEHF,https://smartstore.naver.com/main/products/13177379194,https://shopping-phinf.pstatic.net/main_9072189/90721890291.jpg,data\staging\wash_tower\LG_워시타워\stg_0074.jpg,1125,1125,skipped_duplicate,2026-05-14T15:35:06
LG 워시타워,LG 워시타워 세탁 건조기 일체형 WA2525KDF 1등급 블랙,https://smartstore.naver.com/main/products/12057502358,https://shopping-phinf.pstatic.net/main_8960201/89602013057.jpg,data\staging\wash_tower\LG_워시타워\stg_0075.jpg,1080,1080,skipped_duplicate,2026-05-14T15:35:07
LG 워시타워,LG 워시타워 세탁기 건조기 일체형 WA2525GGZF 25+25 1등급 자동세제,https://smartstore.naver.com/main/products/12706345547,https://shopping-phinf.pstatic.net/main_9025085/90250856471.jpg,data\staging\wash_tower\LG_워시타워\stg_0076.jpg,1100,1080,approved,2026-05-14T15:35:08
LG 워시타워,LG 트롬 워시타워 FX24WXD + RD20WXD (W20WD) 정품판매점 TS,https://smartstore.naver.com/main/products/11550202466,https://shopping-phinf.pstatic.net/main_8909471/89094712872.jpg,data\staging\wash_tower\LG_워시타워\stg_0077.jpg,1000,1000,skipped_duplicate,2026-05-14T15:35:08
LG 워시타워,LG전자 워시타워 FX24WXD + RD20WXD (W20WD),https://smartstore.naver.com/main/products/8750469208,https://shopping-phinf.pstatic.net/main_8629496/86294969531.4.jpg,data\staging\wash_tower\LG_워시타워\stg_0078.jpg,1000,1000,deleted,2026-05-14T15:35:09
LG 워시타워,LG 오브제 워시타워 25kg+25kg 그레이 네이비 WA2525MYHF,http://www.ssg.com/item/itemView.ssg?itemId=1000815150964&siteNo=6001&salestrNo=6005&ckwhere=ssg_naver&appPopYn=n&utm_medium=PCS&utm_source=naver&utm_campaign=naver_pcs,https://shopping-phinf.pstatic.net/main_5957600/59576003907.jpg,data\staging\wash_tower\LG_워시타워\stg_0079.jpg,350,350,approved,2026-05-14T15:35:09
LG 워시타워,LG 워시타워 트롬 오브제 올인원 트루스팀 세탁기 25kg 건조기 20kg 일체형,https://www.11st.co.kr/connect/Gateway.tmall?method=Xsite&prdNo=9202294238&tid=1000000061,https://shopping-phinf.pstatic.net/main_5932405/59324053661.jpg,data\staging\wash_tower\LG_워시타워\stg_0080.jpg,900,900,skipped_duplicate,2026-05-14T15:35:10
LG 워시타워,"LG전자 워시타워 FL25EJN + RL21GJN (WL21EGN) 방문주기12개월, 의무사용 72개월",https://search.shopping.naver.com/catalog/59166113485,https://shopping-phinf.pstatic.net/main_5916611/59166113485.20260306154536.jpg,data\staging\wash_tower\LG_워시타워\stg_0081.jpg,1000,1000,skipped_duplicate,2026-05-14T15:35:10
LG 워시타워,LG 세탁기건조기 일체형 세트 24+20kg 엘지오브제세탁기 트롬 워시타워,https://smartstore.naver.com/main/products/9887381806,https://shopping-phinf.pstatic.net/main_8743188/87431884079.jpg,data\staging\wash_tower\LG_워시타워\stg_0082.jpg,1000,1000,skipped_duplicate,2026-05-14T15:35:11
LG 워시타워,엘지전자 워시타워 24+20KG 원바디 일체형 방문설치 폐가전수거 릴리화이트 W20WHN,https://smartstore.naver.com/main/products/12153507741,https://shopping-phinf.pstatic.net/main_8969801/89698018446.jpg,data\staging\wash_tower\LG_워시타워\stg_0083.jpg,1000,1000,skipped_duplicate,2026-05-14T15:35:11
LG 워시타워,LG 워시타워 렌탈 구독 방문6개월 의무약정 6년 WL21GGN,https://lgrex.kr/product/detail.html?product_no=1734&cate_no=135&display_group=1&utm_source=naver&utm_medium=shopping&utm_campaign=knowledge_shopping&mkt_in=Y&ghost_mall_id=naver&ref=naver_open,https://shopping-phinf.pstatic.net/main_5693150/56931507559.jpg,data\staging\wash_tower\LG_워시타워\stg_0084.jpg,300,300,skipped_duplicate,2026-05-14T15:35:12
LG 워시타워,LG 워시타워 렌탈 구독 방문6개월 의무약정 6년 WA2525GEZF,https://lgrex.kr/product/detail.html?product_no=1660&cate_no=135&display_group=1&utm_source=naver&utm_medium=shopping&utm_campaign=knowledge_shopping&mkt_in=Y&ghost_mall_id=naver&ref=naver_open,https://shopping-phinf.pstatic.net/main_5552231/55522311835.1.jpg,data\staging\wash_tower\LG_워시타워\stg_0085.jpg,300,300,approved,2026-05-14T15:35:12
LG 워시타워,LG 워시타워 렌탈 구독 방문6개월 의무약정 6년 WA2525MYZF,https://lgrex.kr/product/detail.html?product_no=1666&cate_no=135&display_group=1&utm_source=naver&utm_medium=shopping&utm_campaign=knowledge_shopping&mkt_in=Y&ghost_mall_id=naver&ref=naver_open,https://shopping-phinf.pstatic.net/main_5552485/55524851849.1.jpg,data\staging\wash_tower\LG_워시타워\stg_0086.jpg,300,300,approved,2026-05-14T15:35:13
LG 워시타워,LG 워시타워 렌탈 구독 방문6개월 의무약정 6년 WL21EGN,https://lgrex.kr/product/detail.html?product_no=1730&cate_no=135&display_group=1&utm_source=naver&utm_medium=shopping&utm_campaign=knowledge_shopping&mkt_in=Y&ghost_mall_id=naver&ref=naver_open,https://shopping-phinf.pstatic.net/main_5692916/56929168515.jpg,data\staging\wash_tower\LG_워시타워\stg_0087.jpg,300,300,skipped_duplicate,2026-05-14T15:35:13
LG 워시타워,LG 워시타워 렌탈 구독 방문6개월 의무약정 6년 WL21EEN,https://lgrex.kr/product/detail.html?product_no=1727&cate_no=135&display_group=1&utm_source=naver&utm_medium=shopping&utm_campaign=knowledge_shopping&mkt_in=Y&ghost_mall_id=naver&ref=naver_open,https://shopping-phinf.pstatic.net/main_5692918/56929185785.jpg,data\staging\wash_tower\LG_워시타워\stg_0088.jpg,300,300,skipped_duplicate,2026-05-14T15:35:14
LG 워시타워,LG 워시타워 렌탈 구독 방문6개월 의무약정 6년 WA2525MMZF,https://lgrex.kr/product/detail.html?product_no=1668&cate_no=135&display_group=1&utm_source=naver&utm_medium=shopping&utm_campaign=knowledge_shopping&mkt_in=Y&ghost_mall_id=naver&ref=naver_open,https://shopping-phinf.pstatic.net/main_5552485/55524851422.1.jpg,data\staging\wash_tower\LG_워시타워\stg_0089.jpg,300,300,skipped_duplicate,2026-05-14T15:35:15
LG 워시타워,LG 워시타워 렌탈 구독 방문6개월 의무약정 6년 WA2525IIHF,https://lgrex.kr/product/detail.html?product_no=1672&cate_no=135&display_group=1&utm_source=naver&utm_medium=shopping&utm_campaign=knowledge_shopping&mkt_in=Y&ghost_mall_id=naver&ref=naver_open,https://shopping-phinf.pstatic.net/main_5552483/55524834626.1.jpg,data\staging\wash_tower\LG_워시타워\stg_0090.jpg,300,300,skipped_duplicate,2026-05-14T15:35:15
LG 워시타워,LG 워시타워 렌탈 구독 방문6개월 의무약정 6년 W2520WZM,https://lgrex.kr/product/detail.html?product_no=1674&cate_no=135&display_group=1&utm_source=naver&utm_medium=shopping&utm_campaign=knowledge_shopping&mkt_in=Y&ghost_mall_id=naver&ref=naver_open,https://shopping-phinf.pstatic.net/main_5552487/55524871026.1.jpg,data\staging\wash_tower\LG_워시타워\stg_0091.jpg,300,300,skipped_duplicate,2026-05-14T15:35:16
LG 워시타워,LG 워시타워 렌탈 구독 방문6개월 의무약정 6년 WA2525KDF,https://lgrex.kr/product/detail.html?product_no=1670&cate_no=135&display_group=1&utm_source=naver&utm_medium=shopping&utm_campaign=knowledge_shopping&mkt_in=Y&ghost_mall_id=naver&ref=naver_open,https://shopping-phinf.pstatic.net/main_5552482/55524826756.1.jpg,data\staging\wash_tower\LG_워시타워\stg_0092.jpg,300,300,approved,2026-05-14T15:35:17
LG 워시타워,LG 워시타워 렌탈 구독 방문6개월 의무약정 6년 WA2525EGZF,https://lgrex.kr/product/detail.html?product_no=1658&cate_no=135&display_group=1&utm_source=naver&utm_medium=shopping&utm_campaign=knowledge_shopping&mkt_in=Y&ghost_mall_id=naver&ref=naver_open,https://shopping-phinf.pstatic.net/main_5552231/55522313976.1.jpg,data\staging\wash_tower\LG_워시타워\stg_0093.jpg,300,300,skipped_duplicate,2026-05-14T15:35:17
LG 워시타워,LG 워시타워 렌탈 구독 방문6개월 의무약정 6년 WA2525EEZF,https://lgrex.kr/product/detail.html?product_no=1664&cate_no=135&display_group=1&utm_source=naver&utm_medium=shopping&utm_campaign=knowledge_shopping&mkt_in=Y&ghost_mall_id=naver&ref=naver_open,https://shopping-phinf.pstatic.net/main_5552229/55522296016.1.jpg,data\staging\wash_tower\LG_워시타워\stg_0094.jpg,300,300,skipped_duplicate,2026-05-14T15:35:18
LG 워시타워,LG 워시타워 렌탈 구독 방문6개월 의무약정 6년 WL21GEN,https://lgrex.kr/product/detail.html?product_no=1732&cate_no=135&display_group=1&utm_source=naver&utm_medium=shopping&utm_campaign=knowledge_shopping&mkt_in=Y&ghost_mall_id=naver&ref=naver_open,https://shopping-phinf.pstatic.net/main_5693152/56931529563.jpg,data\staging\wash_tower\LG_워시타워\stg_0095.jpg,300,300,skipped_duplicate,2026-05-14T15:35:19
LG 워시타워,LG 워시타워 렌탈 구독 방문6개월 의무약정 6년 WA2525GGZF,https://lgrex.kr/product/detail.html?product_no=1662&cate_no=135&display_group=1&utm_source=naver&utm_medium=shopping&utm_campaign=knowledge_shopping&mkt_in=Y&ghost_mall_id=naver&ref=naver_open,https://shopping-phinf.pstatic.net/main_5552231/55522317411.1.jpg,data\staging\wash_tower\LG_워시타워\stg_0096.jpg,300,300,skipped_duplicate,2026-05-14T15:35:19
LG 워시타워,LG 트롬 세탁기건조기 일체형 워시타워형 1등급 12KG +10KG 화이트,https://smartstore.naver.com/main/products/11725649302,https://shopping-phinf.pstatic.net/main_8927015/89270159815.jpg,data\staging\wash_tower\LG_워시타워\stg_0097.jpg,1080,1080,approved,2026-05-14T15:35:20
LG 워시타워,LG 워시타워 렌탈 구독 방문12개월 의무약정 6년 WA2525KDF,https://lgrex.kr/product/detail.html?product_no=1669&cate_no=135&display_group=1&utm_source=naver&utm_medium=shopping&utm_campaign=knowledge_shopping&mkt_in=Y&ghost_mall_id=naver&ref=naver_open,https://shopping-phinf.pstatic.net/main_5552482/55524825235.1.jpg,data\staging\wash_tower\LG_워시타워\stg_0098.jpg,300,300,skipped_duplicate,2026-05-14T15:35:20
LG 워시타워,LG 워시타워 렌탈 구독 방문12개월 의무약정 6년 WA2525EGZF,https://lgrex.kr/product/detail.html?product_no=1657&cate_no=135&display_group=1&utm_source=naver&utm_medium=shopping&utm_campaign=knowledge_shopping&mkt_in=Y&ghost_mall_id=naver&ref=naver_open,https://shopping-phinf.pstatic.net/main_5552229/55522299559.1.jpg,data\staging\wash_tower\LG_워시타워\stg_0099.jpg,300,300,skipped_duplicate,2026-05-14T15:35:21
LG 워시타워 슬림,LG 엘지전자 워시타워 트롬 건조기 보푸라기 먼지필터 16 17 18 19 20 22kg,https://smartstore.naver.com/main/products/5580584561,https://shopping-phinf.pstatic.net/main_8312508/83125080676.jpg,data\staging\wash_tower\LG_워시타워_슬림\stg_0000.jpg,1000,1000,deleted,2026-05-14T15:35:22
LG 워시타워 슬림,LG 엘지 트롬 오브제컬렉션 워시타워 세탁25kg 건조21kg WL21WDU 화이트,https://smartstore.naver.com/main/products/8821469351,https://shopping-phinf.pstatic.net/main_8636596/86365969674.jpg,data\staging\wash_tower\LG_워시타워_슬림\stg_0001.jpg,1490,1490,deleted,2026-05-14T15:35:23
LG 워시타워 슬림,LG 엘지 트롬 오브제컬렉션 워시타워 컴팩트 세탁13kg 건조10kg W10BN 원바디,https://smartstore.naver.com/main/products/9562101270,https://shopping-phinf.pstatic.net/main_8710660/87106603540.jpg,data\staging\wash_tower\LG_워시타워_슬림\stg_0002.jpg,1490,1490,deleted,2026-05-14T15:35:23
LG 워시타워 슬림,LG 엘지 트롬 워시타워 드럼세탁기 23kg 건조기 20kg W20KAN 블랙 혼수 가전,https://smartstore.naver.com/main/products/7925588721,https://shopping-phinf.pstatic.net/main_8547008/85470089044.jpg,data\staging\wash_tower\LG_워시타워_슬림\stg_0003.jpg,1490,1490,deleted,2026-05-14T15:35:24
LG 워시타워 슬림,LG 엘지 트롬 워시타워 드럼세탁기 23kg 건조기 20kg W20VAN 실버 혼수 가전,https://smartstore.naver.com/main/products/7925521482,https://shopping-phinf.pstatic.net/main_8547002/85470021805.jpg,data\staging\wash_tower\LG_워시타워_슬림\stg_0004.jpg,1490,1490,deleted,2026-05-14T15:35:24
LG 워시타워 슬림,LG 엘지 트롬 오브제컬렉션 워시타워 세탁기 23kg 건조기 20kg W20GGAN 그린,https://smartstore.naver.com/main/products/7925767643,https://shopping-phinf.pstatic.net/main_8547026/85470267966.jpg,data\staging\wash_tower\LG_워시타워_슬림\stg_0005.jpg,1490,1490,deleted,2026-05-14T15:35:25
LG 워시타워 슬림,LG 엘지 트롬 오브제컬렉션 워시타워 세탁25kg 건조21kg WL21KDU 블랙 23년,https://smartstore.naver.com/main/products/8821443643,https://shopping-phinf.pstatic.net/main_8636594/86365943966.jpg,data\staging\wash_tower\LG_워시타워_슬림\stg_0006.jpg,1490,1490,deleted,2026-05-14T15:35:26
LG 워시타워 슬림,LG 엘지 트롬 오브제컬렉션 워시타워 세탁25kg 건조21kg WL21GEHU 23년형,https://smartstore.naver.com/main/products/8788180384,https://shopping-phinf.pstatic.net/main_8633268/86332680707.jpg,data\staging\wash_tower\LG_워시타워_슬림\stg_0007.jpg,1490,1490,deleted,2026-05-14T15:35:27
LG 워시타워 슬림,LG전자 (LG)LG 오브제 워시타워 25kg+25kg 베이지_베이지 WA2525EEHF,https://link.gmarket.co.kr/gate/pcs?item-no=4721452614&sub-id=1003&service-code=10000003&lcd=100000092,https://shopping-phinf.pstatic.net/main_5957655/59576554914.jpg,data\staging\wash_tower\LG_워시타워_슬림\stg_0008.jpg,600,600,skipped_duplicate,2026-05-14T15:35:27
LG 워시타워 슬림,LG 트롬 AI 오브제컬렉션 워시타워25/25kg 2025년형 WA2525MYHF LG 기사님설치,https://smartstore.naver.com/main/products/11905996400,https://shopping-phinf.pstatic.net/main_8945050/89450507009.1.jpg,data\staging\wash_tower\LG_워시타워_슬림\stg_0009.jpg,734,698,skipped_duplicate,2026-05-14T15:35:28
LG 워시타워 슬림,LG전자 워시타워 FX24WXD + RD20WXD (W20WD),https://search.shopping.naver.com/catalog/30402965618,https://shopping-phinf.pstatic.net/main_3040296/30402965618.20220103155159.jpg,data\staging\wash_tower\LG_워시타워_슬림\stg_0010.jpg,1000,1000,skipped_duplicate,2026-05-14T15:35:28
LG 워시타워 슬림,LG전자 오브제컬렉션 워시타워 W20GEAN 세탁기 23kg + 건조기 20kg 방문설치,https://link.coupang.com/re/PCSNAVERPCSDP?pageKey=6764223156&ctag=6764223156&lptag=l344240606918&itemId=44140069368&vendorItemId=81294119532&spec=10305197,https://shopping-phinf.pstatic.net/main_5976378/59763784248.jpg,data\staging\wash_tower\LG_워시타워_슬림\stg_0011.jpg,1000,1000,skipped_duplicate,2026-05-14T15:35:29
LG 워시타워 슬림,LG 워시타워 트롬 오브제 올인원 트루스팀 세탁기 25kg 건조기 20kg 일체형,https://www.11st.co.kr/connect/Gateway.tmall?method=Xsite&prdNo=9202294238&tid=1000000061,https://shopping-phinf.pstatic.net/main_5932405/59324053661.jpg,data\staging\wash_tower\LG_워시타워_슬림\stg_0012.jpg,900,900,skipped_duplicate,2026-05-14T15:35:29
LG 워시타워 슬림,LG 오브제 컬렉션 워시타워 세탁 25kg + 건조 21kg 트루스팀 네이처 베이지,https://smartstore.naver.com/main/products/7696824794,https://shopping-phinf.pstatic.net/main_8524132/85241325116.1.jpg,data\staging\wash_tower\LG_워시타워_슬림\stg_0013.jpg,1284,1253,skipped_duplicate,2026-05-14T15:35:29
LG 워시타워 슬림,LG전자 LG 워시타워 WL21WDU 전국무료,https://link.gmarket.co.kr/gate/pcs?item-no=4541277532&sub-id=1003&service-code=10000003&lcd=100000092,https://shopping-phinf.pstatic.net/main_5975218/59752188979.jpg,data\staging\wash_tower\LG_워시타워_슬림\stg_0014.jpg,640,640,approved,2026-05-14T15:35:30
LG 워시타워 슬림,LG 워시타워 W1310BN 무료배송,https://go.nsmall.com/naver_shopping_ep?product_id=35773476,https://shopping-phinf.pstatic.net/main_5930685/59306850363.jpg,data\staging\wash_tower\LG_워시타워_슬림\stg_0015.jpg,238,238,skipped_duplicate,2026-05-14T15:35:30
LG 워시타워 슬림,LG 워시타워 트롬 오브제컬렉션 일체형 AI 세탁기 24kg 건조기 20kg 올인원 트루스,https://www.11st.co.kr/connect/Gateway.tmall?method=Xsite&prdNo=9202291896&tid=1000000061,https://shopping-phinf.pstatic.net/main_5932394/59323948516.jpg,data\staging\wash_tower\LG_워시타워_슬림\stg_0016.jpg,900,900,skipped_duplicate,2026-05-14T15:35:31
LG 워시타워 슬림,LG 워시타워 렌탈 오브제컬렉션 세탁기24kg 건조기20kg W20EEZ 5년의무사용,https://60smart.co.kr/product/detail.html?product_no=16342&cate_no=427&display_group=1&utm_source=naver&utm_medium=shopping&utm_campaign=knowledge_shopping&mkt_in=Y&ghost_mall_id=naver&ref=naver_open,https://shopping-phinf.pstatic.net/main_5889449/58894498968.jpg,data\staging\wash_tower\LG_워시타워_슬림\stg_0017.jpg,500,500,approved,2026-05-14T15:35:31
LG 워시타워 슬림,LG 트롬 AI 오브제컬렉션 워시타워25/25kg 최신 WA2525GEHF LG전문기사 방문설치,https://smartstore.naver.com/main/products/11942831542,https://shopping-phinf.pstatic.net/main_8948734/89487342230.jpg,data\staging\wash_tower\LG_워시타워_슬림\stg_0018.jpg,1000,1000,skipped_duplicate,2026-05-14T15:35:31
LG 워시타워 슬림,LG전자 워시타워 FX24WJN + RD20WJN (W20WHN),https://search.shopping.naver.com/catalog/37988116618,https://shopping-phinf.pstatic.net/main_3798811/37988116618.20251015223645.jpg,data\staging\wash_tower\LG_워시타워_슬림\stg_0019.jpg,350,350,skipped_duplicate,2026-05-14T15:35:32
LG 워시타워 슬림,LG전자 LG 워시타워 FG21GN+RG19EN 전국무료,https://link.gmarket.co.kr/gate/pcs?item-no=4541282046&sub-id=1003&service-code=10000003&lcd=100000092,https://shopping-phinf.pstatic.net/main_6001952/60019522124.jpg,data\staging\wash_tower\LG_워시타워_슬림\stg_0020.jpg,640,640,deleted,2026-05-14T15:35:32
LG 워시타워 슬림,[LG전자]LG 워시타워 W21EEZ 배송무료[32618950],https://www.11st.co.kr/connect/Gateway.tmall?method=Xsite&prdNo=9350151970&tid=1000000061,https://shopping-phinf.pstatic.net/main_6002687/60026876677.jpg,data\staging\wash_tower\LG_워시타워_슬림\stg_0021.jpg,900,900,approved,2026-05-14T15:35:33
LG 워시타워 슬림,LG전자 LG 워시타워 W21EEZ 배송무료32618950,https://link.auction.co.kr/gate/pcs?item-no=F560529891&sub-id=1&service-code=10000003,https://shopping-phinf.pstatic.net/main_6002662/60026621909.jpg,data\staging\wash_tower\LG_워시타워_슬림\stg_0022.jpg,600,600,skipped_duplicate,2026-05-14T15:35:33
LG 워시타워 슬림,LG전자 LG 워시타워 FG21GN+RG19EN 전국무료33491525,https://link.auction.co.kr/gate/pcs?item-no=F560533777&sub-id=1&service-code=10000003,https://shopping-phinf.pstatic.net/main_6002661/60026615020.jpg,data\staging\wash_tower\LG_워시타워_슬림\stg_0023.jpg,600,600,approved,2026-05-14T15:35:34
LG 워시타워 슬림,[LG전자]LG 워시타워 WA2525KDF 배송무료[35192699],https://www.11st.co.kr/connect/Gateway.tmall?method=Xsite&prdNo=9349972809&tid=1000000061,https://shopping-phinf.pstatic.net/main_6002651/60026514046.jpg,data\staging\wash_tower\LG_워시타워_슬림\stg_0024.jpg,900,900,approved,2026-05-14T15:35:35
LG 워시타워 슬림,[LG전자]LG 워시타워 WA2525KDF 배송무료[35192847],https://www.11st.co.kr/connect/Gateway.tmall?method=Xsite&prdNo=9349972887&tid=1000000061,https://shopping-phinf.pstatic.net/main_6002654/60026545393.jpg,data\staging\wash_tower\LG_워시타워_슬림\stg_0025.jpg,900,900,skipped_duplicate,2026-05-14T15:35:35
LG 워시타워 슬림,[LG전자]LG 워시타워 W21EEH 배송무료[32626113],https://www.11st.co.kr/connect/Gateway.tmall?method=Xsite&prdNo=9349799681&tid=1000000061,https://shopping-phinf.pstatic.net/main_6002597/60025976596.jpg,data\staging\wash_tower\LG_워시타워_슬림\stg_0026.jpg,900,900,skipped_duplicate,2026-05-14T15:35:36
LG 워시타워 슬림,[LG전자]LG 워시타워 FG21GN+RG19EN 전국무료[33491525],https://www.11st.co.kr/connect/Gateway.tmall?method=Xsite&prdNo=9349803997&tid=1000000061,https://shopping-phinf.pstatic.net/main_6002596/60025965863.jpg,data\staging\wash_tower\LG_워시타워_슬림\stg_0027.jpg,900,900,deleted,2026-05-14T15:35:36
LG 워시타워 슬림,[LG전자]LG 워시타워 FG19WN+RG19WN 전국무료[33491527],https://www.11st.co.kr/connect/Gateway.tmall?method=Xsite&prdNo=9349803984&tid=1000000061,https://shopping-phinf.pstatic.net/main_6002596/60025960148.jpg,data\staging\wash_tower\LG_워시타워_슬림\stg_0028.jpg,900,900,deleted,2026-05-14T15:35:37
LG 워시타워 슬림,[LG전자]LG 워시타워 FG21WN+RG19WN 전국무료[33491526],https://www.11st.co.kr/connect/Gateway.tmall?method=Xsite&prdNo=9349803992&tid=1000000061,https://shopping-phinf.pstatic.net/main_6002593/60025933850.jpg,data\staging\wash_tower\LG_워시타워_슬림\stg_0029.jpg,900,900,deleted,2026-05-14T15:35:38
LG 워시타워 슬림,[LG전자]LG 워시타워 FG19WN+RG19WN 전국무료[33491521],https://www.11st.co.kr/connect/Gateway.tmall?method=Xsite&prdNo=9349803950&tid=1000000061,https://shopping-phinf.pstatic.net/main_6002593/60025932995.jpg,data\staging\wash_tower\LG_워시타워_슬림\stg_0030.jpg,900,900,deleted,2026-05-14T15:35:38
LG 워시타워 슬림,LG전자 LG 워시타워 W21EEZ 배송무료32618950,https://link.gmarket.co.kr/gate/pcs?item-no=4752183454&sub-id=1003&service-code=10000003&lcd=100000092,https://shopping-phinf.pstatic.net/main_6001732/60017329281.jpg,data\staging\wash_tower\LG_워시타워_슬림\stg_0031.jpg,600,600,skipped_duplicate,2026-05-14T15:35:39
LG 워시타워 슬림,LG전자 LG 워시타워 FG21GN+RG19EN 전국무료33491525,https://link.gmarket.co.kr/gate/pcs?item-no=4752148140&sub-id=1003&service-code=10000003&lcd=100000092,https://shopping-phinf.pstatic.net/main_6001726/60017266753.jpg,data\staging\wash_tower\LG_워시타워_슬림\stg_0032.jpg,600,600,deleted,2026-05-14T15:35:39
LG 워시타워 슬림,[LG전자]LG 워시타워 WA2525YMHF,https://www.11st.co.kr/connect/Gateway.tmall?method=Xsite&prdNo=8307626031&tid=1000000061,https://shopping-phinf.pstatic.net/main_5992466/59924664704.jpg,data\staging\wash_tower\LG_워시타워_슬림\stg_0033.jpg,900,900,skipped_duplicate,2026-05-14T15:35:40
LG 워시타워 슬림,LG전자 LG 워시타워 + 스타일러 1EG-G52 배송무료35032719,https://link.auction.co.kr/gate/pcs?item-no=F560598787&sub-id=1&service-code=10000003,https://shopping-phinf.pstatic.net/main_6002726/60027261504.jpg,data\staging\wash_tower\LG_워시타워_슬림\stg_0034.jpg,600,600,deleted,2026-05-14T15:35:40
LG 워시타워 슬림,LG전자 LG 워시타워 + 스타일러 1EG-G52 배송무료35032628,https://link.auction.co.kr/gate/pcs?item-no=F560603100&sub-id=1&service-code=10000003,https://shopping-phinf.pstatic.net/main_6002724/60027241457.jpg,data\staging\wash_tower\LG_워시타워_슬림\stg_0035.jpg,600,600,deleted,2026-05-14T15:35:41
LG 워시타워 슬림,LG전자 LG 워시타워 + 스타일러 1EG-G52 배송무료35032719,https://link.gmarket.co.kr/gate/pcs?item-no=4752243204&sub-id=1003&service-code=10000003&lcd=100000092,https://shopping-phinf.pstatic.net/main_6001920/60019209916.jpg,data\staging\wash_tower\LG_워시타워_슬림\stg_0036.jpg,600,600,deleted,2026-05-14T15:35:41
LG 워시타워 슬림,LG전자 LG 워시타워 + 스타일러 1EG-G52 배송무료35032628,https://link.gmarket.co.kr/gate/pcs?item-no=4752246024&sub-id=1003&service-code=10000003&lcd=100000092,https://shopping-phinf.pstatic.net/main_6001940/60019402724.jpg,data\staging\wash_tower\LG_워시타워_슬림\stg_0037.jpg,600,600,deleted,2026-05-14T15:35:42
LG 워시타워 슬림,[LG전자]LG 워시타워 WA2525EEHF,https://www.11st.co.kr/connect/Gateway.tmall?method=Xsite&prdNo=8309499688&tid=1000000061,https://shopping-phinf.pstatic.net/main_5988308/59883088810.jpg,data\staging\wash_tower\LG_워시타워_슬림\stg_0038.jpg,900,900,skipped_duplicate,2026-05-14T15:35:42
LG 워시타워 슬림,[LG전자]LG 워시타워 WL21WDU eTV 전국무료[34266736],https://www.11st.co.kr/connect/Gateway.tmall?method=Xsite&prdNo=9349963509&tid=1000000061,https://shopping-phinf.pstatic.net/main_6002653/60026539161.jpg,data\staging\wash_tower\LG_워시타워_슬림\stg_0039.jpg,900,900,skipped_duplicate,2026-05-14T15:35:43
LG 워시타워 슬림,LG전자 LG 워시타워 WL21WDU eTV 전국무료34266736,https://link.auction.co.kr/gate/pcs?item-no=F560503344&sub-id=1&service-code=10000003,https://shopping-phinf.pstatic.net/main_6002647/60026470275.jpg,data\staging\wash_tower\LG_워시타워_슬림\stg_0040.jpg,600,600,skipped_duplicate,2026-05-14T15:35:43
LG 워시타워 슬림,LG전자 LG 워시타워 WL21WDU eTV 전국무료34266736,https://link.gmarket.co.kr/gate/pcs?item-no=4752175975&sub-id=1003&service-code=10000003&lcd=100000092,https://shopping-phinf.pstatic.net/main_6001731/60017317474.jpg,data\staging\wash_tower\LG_워시타워_슬림\stg_0041.jpg,600,600,skipped_duplicate,2026-05-14T15:35:44
LG 워시타워 슬림,LG전자 LG 워시타워 + 스타일러 1EG-G52 etv 배송무료35094831,https://link.auction.co.kr/gate/pcs?item-no=F560611527&sub-id=1&service-code=10000003,https://shopping-phinf.pstatic.net/main_6002751/60027514777.jpg,data\staging\wash_tower\LG_워시타워_슬림\stg_0042.jpg,600,600,deleted,2026-05-14T15:35:44
LG 워시타워 슬림,LG전자 LG 워시타워 + 스타일러 1EG-G52 etv 배송무료35094831,https://link.gmarket.co.kr/gate/pcs?item-no=4752285919&sub-id=1003&service-code=10000003&lcd=100000092,https://shopping-phinf.pstatic.net/main_6001893/60018935231.jpg,data\staging\wash_tower\LG_워시타워_슬림\stg_0043.jpg,600,600,deleted,2026-05-14T15:35:45
LG 워시타워 슬림,LG전자 (내부+외부) LG 워시타워 W20WD 건조필터 / FX24WXD RD20WXD,https://link.gmarket.co.kr/gate/pcs?item-no=4752160131&sub-id=1003&service-code=10000003&lcd=100000092,https://shopping-phinf.pstatic.net/main_6001727/60017276688.jpg,data\staging\wash_tower\LG_워시타워_슬림\stg_0044.jpg,723,724,deleted,2026-05-14T15:35:45
LG 워시타워 슬림,LG전자 (내부+외부) LG 워시타워 W20WD 건조필터 / FX24WXD RD20WXD,https://link.auction.co.kr/gate/pcs?item-no=F559957541&sub-id=1&service-code=10000003,https://shopping-phinf.pstatic.net/main_6001715/60017153404.jpg,data\staging\wash_tower\LG_워시타워_슬림\stg_0045.jpg,723,724,deleted,2026-05-14T15:35:46
LG 워시타워 슬림,LG전자 (내부+외부) LG 워시타워 W20WHN 건조필터 / FX24WJN RD20WJN,https://link.gmarket.co.kr/gate/pcs?item-no=4752161304&sub-id=1003&service-code=10000003&lcd=100000092,https://shopping-phinf.pstatic.net/main_6001726/60017263336.jpg,data\staging\wash_tower\LG_워시타워_슬림\stg_0046.jpg,600,600,deleted,2026-05-14T15:35:46
LG 워시타워 슬림,LG전자 (내부+외부) LG 워시타워 W20WHN 건조필터 / FX24WJN RD20WJN,https://link.auction.co.kr/gate/pcs?item-no=F559958407&sub-id=1&service-code=10000003,https://shopping-phinf.pstatic.net/main_6001712/60017122619.jpg,data\staging\wash_tower\LG_워시타워_슬림\stg_0047.jpg,600,600,deleted,2026-05-14T15:35:47
LG 워시타워 슬림,(LG)LG 워시타워 WA2525MMHF 네이처 크림 그레이,https://link.gmarket.co.kr/gate/pcs?item-no=4535225715&sub-id=1003&service-code=10000003&lcd=100000092,https://shopping-phinf.pstatic.net/main_5966413/59664136574.jpg,data\staging\wash_tower\LG_워시타워_슬림\stg_0048.jpg,600,600,approved,2026-05-14T15:35:47
LG 워시타워 슬림,(삼성)LG 워시타워 + 스타일러 2EG-G52 배송무료,https://link.gmarket.co.kr/gate/pcs?item-no=4334700759&sub-id=1003&service-code=10000003&lcd=100000092,https://shopping-phinf.pstatic.net/main_5970625/59706254643.jpg,data\staging\wash_tower\LG_워시타워_슬림\stg_0049.jpg,600,600,deleted,2026-05-14T15:35:48
LG 워시타워 슬림,[삼성]LG 워시타워 + 스타일러 2EG-G52 배송무료,https://www.11st.co.kr/connect/Gateway.tmall?method=Xsite&prdNo=8038123316&tid=1000000061,https://shopping-phinf.pstatic.net/main_5970478/59704784080.jpg,data\staging\wash_tower\LG_워시타워_슬림\stg_0050.jpg,900,900,deleted,2026-05-14T15:35:48
LG 워시타워 슬림,[LG전자 직영] LG 워시타워 오브제컬렉션 W20GGAN (세탁23kg 건조20kg),https://www.11st.co.kr/connect/Gateway.tmall?method=Xsite&prdNo=9329914042&tid=1000000061,https://shopping-phinf.pstatic.net/main_5992685/59926855566.jpg,data\staging\wash_tower\LG_워시타워_슬림\stg_0051.jpg,900,900,approved,2026-05-14T15:35:49
LG 워시타워 슬림,[LG전자 직영] LG 워시타워 오브제컬렉션 W20EGAN (세탁23kg 건조20kg),https://www.11st.co.kr/connect/Gateway.tmall?method=Xsite&prdNo=9329698235&tid=1000000061,https://shopping-phinf.pstatic.net/main_5992629/59926291221.1.jpg,data\staging\wash_tower\LG_워시타워_슬림\stg_0052.jpg,900,900,approved,2026-05-14T15:35:49
LG 워시타워 슬림,[LG전자 직영] LG 워시타워 오브제컬렉션 W20GGAN (세탁23kg 건조20kg),https://www.hnsmall.com/channel/channel.do?goods_code=78495270&channel_code=20005&utm_source=Naver&utm_medium=AF&utm_campaign=MC_Digital_78495270&trackingarea=60000016^8005618^1389595,https://shopping-phinf.pstatic.net/main_5991321/59913219844.jpg,data\staging\wash_tower\LG_워시타워_슬림\stg_0053.jpg,500,500,skipped_duplicate,2026-05-14T15:35:50
LG 워시타워 슬림,LG 워시타워 트롬 올인원 세탁기 건조기 25kg 21kg 일체형 세제자동투입 트루스팀 1,https://www.11st.co.kr/connect/Gateway.tmall?method=Xsite&prdNo=9202294939&tid=1000000061,https://shopping-phinf.pstatic.net/main_5988137/59881376495.jpg,data\staging\wash_tower\LG_워시타워_슬림\stg_0054.jpg,900,900,skipped_duplicate,2026-05-14T15:35:50
LG 워시타워 슬림,[LG전자]LG 워시타워 + 스타일러 2EG-G52 배송무료,https://www.11st.co.kr/connect/Gateway.tmall?method=Xsite&prdNo=8282229762&tid=1000000061,https://shopping-phinf.pstatic.net/main_5962585/59625853942.jpg,data\staging\wash_tower\LG_워시타워_슬림\stg_0055.jpg,900,900,deleted,2026-05-14T15:35:51
LG 워시타워 슬림,LG 워시타워 W1310BN 무료배송,https://www.shinsegaetvshopping.com/display/detail/93297648?inMediaCode=EC12&ckwhere=naverep,https://shopping-phinf.pstatic.net/main_5933427/59334278444.jpg,data\staging\wash_tower\LG_워시타워_슬림\stg_0056.jpg,550,550,skipped_duplicate,2026-05-14T15:35:51
LG 워시타워 슬림,LG 워시타워 W1310BN 무료배송,https://www.11st.co.kr/connect/Gateway.tmall?method=Xsite&prdNo=9202753379&tid=1000000061,https://shopping-phinf.pstatic.net/main_5931439/59314398842.jpg,data\staging\wash_tower\LG_워시타워_슬림\stg_0057.jpg,900,900,skipped_duplicate,2026-05-14T15:35:52
LG 워시타워 슬림,LG 워시타워 W1310BN 무료배송,http://shinsegaemall.ssg.com/item/itemView.ssg?itemId=1000805627637&siteNo=6004&salestrNo=6005&ckwhere=s_naver&appPopYn=n&utm_medium=PCS&utm_source=naver&utm_campaign=naver_pcs,https://shopping-phinf.pstatic.net/main_5929274/59292742494.jpg,data\staging\wash_tower\LG_워시타워_슬림\stg_0058.jpg,350,350,skipped_duplicate,2026-05-14T15:35:53
LG 워시타워 슬림,LG 워시타워 W1310BN 무료배송,http://www.ssg.com/item/itemView.ssg?itemId=1000805627637&siteNo=6004&salestrNo=6005&ckwhere=ssg_naver&appPopYn=n&utm_medium=PCS&utm_source=naver&utm_campaign=naver_pcs,https://shopping-phinf.pstatic.net/main_5929258/59292583974.jpg,data\staging\wash_tower\LG_워시타워_슬림\stg_0059.jpg,350,350,skipped_duplicate,2026-05-14T15:35:53
LG 워시타워 슬림,LG 워시타워 W1310BN 무료배송,http://shinsegaemall.ssg.com/item/itemView.ssg?itemId=1000805572861&siteNo=6004&salestrNo=6005&ckwhere=s_naver&appPopYn=n&utm_medium=PCS&utm_source=naver&utm_campaign=naver_pcs,https://shopping-phinf.pstatic.net/main_5929035/59290356414.jpg,data\staging\wash_tower\LG_워시타워_슬림\stg_0060.jpg,350,350,skipped_duplicate,2026-05-14T15:35:53
LG 워시타워 슬림,LG 워시타워 W1310BN 무료배송,http://shinsegaemall.ssg.com/item/itemView.ssg?itemId=1000805572977&siteNo=6004&salestrNo=6005&ckwhere=s_naver&appPopYn=n&utm_medium=PCS&utm_source=naver&utm_campaign=naver_pcs,https://shopping-phinf.pstatic.net/main_5929032/59290325374.jpg,data\staging\wash_tower\LG_워시타워_슬림\stg_0061.jpg,350,350,skipped_duplicate,2026-05-14T15:35:54
LG 워시타워 슬림,LG 워시타워 W1310BN 무료배송,http://www.ssg.com/item/itemView.ssg?itemId=1000805572977&siteNo=6001&salestrNo=6005&ckwhere=ssg_naver&appPopYn=n&utm_medium=PCS&utm_source=naver&utm_campaign=naver_pcs,https://shopping-phinf.pstatic.net/main_5929032/59290322153.jpg,data\staging\wash_tower\LG_워시타워_슬림\stg_0062.jpg,350,350,skipped_duplicate,2026-05-14T15:35:55
LG 워시타워 슬림,LG 워시타워 W1310BN 무료배송,http://www.ssg.com/item/itemView.ssg?itemId=1000805572861&siteNo=6001&salestrNo=6005&ckwhere=ssg_naver&appPopYn=n&utm_medium=PCS&utm_source=naver&utm_campaign=naver_pcs,https://shopping-phinf.pstatic.net/main_5929036/59290360670.jpg,data\staging\wash_tower\LG_워시타워_슬림\stg_0063.jpg,350,350,skipped_duplicate,2026-05-14T15:35:55
LG 워시타워 슬림,LG 워시타워 W1310BN 무료배송,http://emart.ssg.com/item/itemView.ssg?itemId=1000805572977&siteNo=6001&ckwhere=naver&appPopYn=n&utm_medium=PCS&utm_source=naver&utm_campaign=naver_pcs,https://shopping-phinf.pstatic.net/main_5929045/59290459050.jpg,data\staging\wash_tower\LG_워시타워_슬림\stg_0064.jpg,350,350,skipped_duplicate,2026-05-14T15:35:56
LG 워시타워 슬림,LG 워시타워 W1310BN 무료배송,http://emart.ssg.com/item/itemView.ssg?itemId=1000805572861&siteNo=6001&ckwhere=naver&appPopYn=n&utm_medium=PCS&utm_source=naver&utm_campaign=naver_pcs,https://shopping-phinf.pstatic.net/main_5929031/59290311107.jpg,data\staging\wash_tower\LG_워시타워_슬림\stg_0065.jpg,350,350,skipped_duplicate,2026-05-14T15:35:56
LG 워시타워 슬림,LG전자 LG 워시타워 W1310BN 무료배송,https://www.lotteon.com/p/product/LO2639043053?sitmNo=LO2639043053_2639043054&ch_no=100065&ch_dtl_no=1000030&entryPoint=pcs&dp_infw_cd=CHT,https://shopping-phinf.pstatic.net/main_5931650/59316503334.jpg,data\staging\wash_tower\LG_워시타워_슬림\stg_0066.jpg,800,800,skipped_duplicate,2026-05-14T15:35:56
LG 워시타워 슬림,LG전자 LG 워시타워 W1310BN 무료배송,https://link.gmarket.co.kr/gate/pcs?item-no=4703094722&sub-id=1003&service-code=10000003&lcd=100000092,https://shopping-phinf.pstatic.net/main_5931513/59315138281.jpg,data\staging\wash_tower\LG_워시타워_슬림\stg_0067.jpg,640,640,skipped_duplicate,2026-05-14T15:35:57
LG 워시타워 슬림,LG전자 LG 워시타워 W1310BN 무료배송,https://link.auction.co.kr/gate/pcs?item-no=F509447785&sub-id=1&service-code=10000003,https://shopping-phinf.pstatic.net/main_5931102/59311022884.jpg,data\staging\wash_tower\LG_워시타워_슬림\stg_0068.jpg,640,640,skipped_duplicate,2026-05-14T15:35:57
LG 워시타워 슬림,LG전자 LG 워시타워 W1310BN 무료배송,https://link.gmarket.co.kr/gate/pcs?item-no=4702347283&sub-id=1003&service-code=10000003&lcd=100000092,https://shopping-phinf.pstatic.net/main_5930327/59303276423.jpg,data\staging\wash_tower\LG_워시타워_슬림\stg_0069.jpg,600,600,skipped_duplicate,2026-05-14T15:35:58
LG 워시타워 슬림,[LG전자]LG 워시타워 W1310BN 무료배송,https://www.11st.co.kr/connect/Gateway.tmall?method=Xsite&prdNo=9199225707&tid=1000000061,https://shopping-phinf.pstatic.net/main_5929139/59291398928.jpg,data\staging\wash_tower\LG_워시타워_슬림\stg_0070.jpg,900,900,skipped_duplicate,2026-05-14T15:35:59
LG 워시타워 슬림,LG전자 [LG전자]LG 워시타워 W1310BN 무료배송,https://www.lotteon.com/p/product/LO2638266503?sitmNo=LO2638266503_2638266504&ch_no=100065&ch_dtl_no=1000030&entryPoint=pcs&dp_infw_cd=CHT,https://shopping-phinf.pstatic.net/main_5928931/59289319290.jpg,data\staging\wash_tower\LG_워시타워_슬림\stg_0071.jpg,600,600,skipped_duplicate,2026-05-14T15:36:00
LG 워시타워 슬림,[LG전자]LG 워시타워 W1310BN 무료배송,https://www.11st.co.kr/connect/Gateway.tmall?method=Xsite&prdNo=9198777451&tid=1000000061,https://shopping-phinf.pstatic.net/main_5928922/59289227813.1.jpg,data\staging\wash_tower\LG_워시타워_슬림\stg_0072.jpg,900,900,skipped_duplicate,2026-05-14T15:36:01
LG 워시타워 슬림,LG 워시타워 4.5 큐피트 세탁기 및 7.4 건조기 중앙 제어 전면 하중,https://www.11st.co.kr/connect/Gateway.tmall?method=Xsite&prdNo=9018616661&tid=1000000061,https://shopping-phinf.pstatic.net/main_5944870/59448708165.jpg,data\staging\wash_tower\LG_워시타워_슬림\stg_0073.jpg,337,900,approved,2026-05-14T15:36:01
LG 워시타워 슬림,LG 워시타워 트롬 올인원 세탁기 25kg 건조기 25kg 일체형 세제자동투입 스팀살균 1,https://www.11st.co.kr/connect/Gateway.tmall?method=Xsite&prdNo=9202297926&tid=1000000061,https://shopping-phinf.pstatic.net/main_5932418/59324189764.jpg,data\staging\wash_tower\LG_워시타워_슬림\stg_0074.jpg,900,900,skipped_duplicate,2026-05-14T15:36:02
LG 워시타워 슬림,LG 워시타워 세탁건조기 렌탈 WA2525MMZF 6년약정,http://rental-nara.com/products/detail.asp?idx=7643,https://shopping-phinf.pstatic.net/main_5881748/58817485846.jpg,data\staging\wash_tower\LG_워시타워_슬림\stg_0075.jpg,600,600,skipped_duplicate,2026-05-14T15:36:03
LG 워시타워 슬림,LG 워시타워 세탁건조기 렌탈 WA2525YMZF 6년약정,http://rental-nara.com/products/detail.asp?idx=7645,https://shopping-phinf.pstatic.net/main_5881757/58817579759.jpg,data\staging\wash_tower\LG_워시타워_슬림\stg_0076.jpg,600,600,skipped_duplicate,2026-05-14T15:36:03
LG 워시타워 슬림,LG 워시타워 세탁건조기 렌탈 WA2525KDF 6년약정,http://rental-nara.com/products/detail.asp?idx=7641,https://shopping-phinf.pstatic.net/main_5881750/58817505269.jpg,data\staging\wash_tower\LG_워시타워_슬림\stg_0077.jpg,600,600,skipped_duplicate,2026-05-14T15:36:04
LG 워시타워 슬림,LG 워시타워 세탁건조기 렌탈 WA2525EEZF 6년약정,http://rental-nara.com/products/detail.asp?idx=7644,https://shopping-phinf.pstatic.net/main_5881756/58817567938.jpg,data\staging\wash_tower\LG_워시타워_슬림\stg_0078.jpg,600,600,skipped_duplicate,2026-05-14T15:36:04
LG 워시타워 슬림,LG 워시타워 세탁건조기 렌탈 WA2525YYZF 6년약정,http://rental-nara.com/products/detail.asp?idx=7642,https://shopping-phinf.pstatic.net/main_5881752/58817529543.jpg,data\staging\wash_tower\LG_워시타워_슬림\stg_0079.jpg,600,600,skipped_duplicate,2026-05-14T15:36:05
LG 워시타워 슬림,LG 워시타워 W21WAM,http://www.ssg.com/item/itemView.ssg?itemId=1000768377115&siteNo=6004&salestrNo=6005&ckwhere=ssg_naver&appPopYn=n&utm_medium=PCS&utm_source=naver&utm_campaign=naver_pcs,https://shopping-phinf.pstatic.net/main_5817910/58179106243.jpg,data\staging\wash_tower\LG_워시타워_슬림\stg_0080.jpg,350,350,skipped_duplicate,2026-05-14T15:36:05
LG 워시타워 슬림,LG 워시타워 W21WAM,http://shinsegaemall.ssg.com/item/itemView.ssg?itemId=1000768377115&siteNo=6004&salestrNo=6005&ckwhere=s_naver&appPopYn=n&utm_medium=PCS&utm_source=naver&utm_campaign=naver_pcs,https://shopping-phinf.pstatic.net/main_5817909/58179098722.jpg,data\staging\wash_tower\LG_워시타워_슬림\stg_0081.jpg,350,350,skipped_duplicate,2026-05-14T15:36:06
LG 워시타워 슬림,LG 워시타워 WA2525MMHF 네이처 크림 그레이,http://www.ssg.com/item/itemView.ssg?itemId=1000724846684&siteNo=6001&salestrNo=6005&ckwhere=ssg_naver&appPopYn=n&utm_medium=PCS&utm_source=naver&utm_campaign=naver_pcs,https://shopping-phinf.pstatic.net/main_5670859/56708590223.jpg,data\staging\wash_tower\LG_워시타워_슬림\stg_0082.jpg,350,350,skipped_duplicate,2026-05-14T15:36:06
LG 워시타워 슬림,LG 워시타워 WA2525MMHF 네이처 크림 그레이,http://shinsegaemall.ssg.com/item/itemView.ssg?itemId=1000724846684&siteNo=6004&salestrNo=6005&ckwhere=s_naver&appPopYn=n&utm_medium=PCS&utm_source=naver&utm_campaign=naver_pcs,https://shopping-phinf.pstatic.net/main_5670847/56708471608.jpg,data\staging\wash_tower\LG_워시타워_슬림\stg_0083.jpg,350,350,skipped_duplicate,2026-05-14T15:36:07
LG 워시타워 슬림,LG 워시타워 WA2525MMHF 네이처 크림 그레이,http://emart.ssg.com/item/itemView.ssg?itemId=1000724846684&siteNo=6001&ckwhere=naver&appPopYn=n&utm_medium=PCS&utm_source=naver&utm_campaign=naver_pcs,https://shopping-phinf.pstatic.net/main_5670858/56708580642.jpg,data\staging\wash_tower\LG_워시타워_슬림\stg_0084.jpg,350,350,skipped_duplicate,2026-05-14T15:36:10
LG 워시타워 슬림,LG 워시타워 렌탈 오브제컬렉션 세탁기24kg 건조기20kg W20EEZ 5년의무사용,https://lghello-rental.com/product/detail.html?product_no=16342&cate_no=427&display_group=1&utm_source=naver&utm_medium=shopping&utm_campaign=knowledge_shopping&mkt_in=Y&ghost_mall_id=naver&ref=naver_open,https://shopping-phinf.pstatic.net/main_5889459/58894596644.jpg,data\staging\wash_tower\LG_워시타워_슬림\stg_0085.jpg,500,500,skipped_duplicate,2026-05-14T15:36:10
LG 워시타워 슬림,LG 워시타워 렌탈 오브제컬렉션 세탁기24kg 건조기20kg W20EEZ 5년의무사용,https://rental-home.co.kr/product/detail.html?product_no=16342&cate_no=427&display_group=1&utm_source=naver&utm_medium=shopping&utm_campaign=knowledge_shopping&mkt_in=Y&ghost_mall_id=naver&ref=naver_open,https://shopping-phinf.pstatic.net/main_5889459/58894593193.jpg,data\staging\wash_tower\LG_워시타워_슬림\stg_0086.jpg,500,500,skipped_duplicate,2026-05-14T15:36:11
LG 워시타워 슬림,LG 워시타워 렌탈 오브제컬렉션 세탁기24kg 건조기20kg W20EEZ 5년의무사용,https://coway-codi.com/product/detail.html?product_no=16342&cate_no=427&display_group=1&utm_source=naver&utm_medium=shopping&utm_campaign=knowledge_shopping&mkt_in=Y&ghost_mall_id=naver&ref=naver_open,https://shopping-phinf.pstatic.net/main_5889448/58894481695.jpg,data\staging\wash_tower\LG_워시타워_슬림\stg_0087.jpg,500,500,skipped_duplicate,2026-05-14T15:36:12
LG 워시타워 슬림,LG전자 LG 워시타워 WA2525EEHF 전국무료,https://link.gmarket.co.kr/gate/pcs?item-no=4427667087&sub-id=1003&service-code=10000003&lcd=100000092,https://shopping-phinf.pstatic.net/main_5781590/57815907914.2.jpg,data\staging\wash_tower\LG_워시타워_슬림\stg_0088.jpg,600,600,skipped_duplicate,2026-05-14T15:36:12
LG 워시타워 슬림,LG전자 LG 워시타워 WA2525YMHF 전국무료,https://link.gmarket.co.kr/gate/pcs?item-no=4427632314&sub-id=1003&service-code=10000003&lcd=100000092,https://shopping-phinf.pstatic.net/main_5781571/57815717349.1.jpg,data\staging\wash_tower\LG_워시타워_슬림\stg_0089.jpg,600,600,skipped_duplicate,2026-05-14T15:36:13
LG 워시타워 슬림,LG전자 LG전자 LG 워시타워 WA2525KDF 배송무료,https://link.gmarket.co.kr/gate/pcs?item-no=4398545644&sub-id=1003&service-code=10000003&lcd=100000092,https://shopping-phinf.pstatic.net/main_5757385/57573857451.2.jpg,data\staging\wash_tower\LG_워시타워_슬림\stg_0090.jpg,600,600,skipped_duplicate,2026-05-14T15:36:14
LG 워시타워 슬림,LG전자 LG 워시타워 WA2525KDF 배송무료,https://link.gmarket.co.kr/gate/pcs?item-no=4418245424&sub-id=1003&service-code=10000003&lcd=100000092,https://shopping-phinf.pstatic.net/main_5732021/57320215537.1.jpg,data\staging\wash_tower\LG_워시타워_슬림\stg_0091.jpg,600,600,skipped_duplicate,2026-05-14T15:36:14
LG 워시타워 슬림,LG 워시타워 + 스타일러 W21WAM-5M5 배송무료,https://www.shinsegaetvshopping.com/display/detail/72686681?inMediaCode=EC12&ckwhere=naverep,https://shopping-phinf.pstatic.net/main_5167099/51670990022.jpg,data\staging\wash_tower\LG_워시타워_슬림\stg_0092.jpg,550,550,deleted,2026-05-14T15:36:16
LG 워시타워 슬림,LG전자 LG 워시타워 FG19WN+RG19WN eTV[34157473],https://www.lotteon.com/p/product/LO2289152435?sitmNo=LO2289152435_2289152436&ch_no=100065&ch_dtl_no=1000030&entryPoint=pcs&dp_infw_cd=CHT,https://shopping-phinf.pstatic.net/main_4682869/46828695185.2.jpg,data\staging\wash_tower\LG_워시타워_슬림\stg_0093.jpg,800,800,deleted,2026-05-14T15:36:16
LG 워시타워 슬림,LG전자 워시타워 FX24WJAD + RD21WJAD (W21WAM),https://search.shopping.naver.com/catalog/48863997618,https://shopping-phinf.pstatic.net/main_4886399/48863997618.20240702110736.jpg,data\staging\wash_tower\LG_워시타워_슬림\stg_0094.jpg,1000,1000,skipped_duplicate,2026-05-14T15:36:17
LG 워시타워 슬림,LG 오브제 워시타워 25kg+25kg 그레이 네이비 WA2525MYHF,http://www.ssg.com/item/itemView.ssg?itemId=1000815150964&siteNo=6001&salestrNo=6005&ckwhere=ssg_naver&appPopYn=n&utm_medium=PCS&utm_source=naver&utm_campaign=naver_pcs,https://shopping-phinf.pstatic.net/main_5957600/59576003907.jpg,data\staging\wash_tower\LG_워시타워_슬림\stg_0095.jpg,350,350,skipped_duplicate,2026-05-14T15:36:17
LG 워시타워 슬림,LG 워시타워 W21EEZ  단일옵션,https://link.coupang.com/re/PCSNAVERPCSDP?pageKey=7077891810&ctag=7077891810&lptag=I17598101825&itemId=17598101825&vendorItemId=85488256457&spec=10305199,https://shopping-phinf.pstatic.net/main_5936766/59367665426.jpg,data\staging\wash_tower\LG_워시타워_슬림\stg_0096.jpg,1000,1000,approved,2026-05-14T15:36:17
LG 워시타워 슬림,LG  워시타워 렌탈 트롬AI 세탁기건조기 일체형 25kg WA2525KDF 5년약정,https://60smart.co.kr/product/detail.html?product_no=16503&cate_no=427&display_group=1&utm_source=naver&utm_medium=shopping&utm_campaign=knowledge_shopping&mkt_in=Y&ghost_mall_id=naver&ref=naver_open,https://shopping-phinf.pstatic.net/main_5924643/59246430456.jpg,data\staging\wash_tower\LG_워시타워_슬림\stg_0097.jpg,500,500,skipped_duplicate,2026-05-14T15:36:18
LG 워시타워 슬림,LG  워시타워 렌탈 트롬AI 세탁기건조기 일체형 25kg WA2525KDF 5년약정,https://lghello-rental.com/product/detail.html?product_no=16503&cate_no=427&display_group=1&utm_source=naver&utm_medium=shopping&utm_campaign=knowledge_shopping&mkt_in=Y&ghost_mall_id=naver&ref=naver_open,https://shopping-phinf.pstatic.net/main_5924644/59246444553.jpg,data\staging\wash_tower\LG_워시타워_슬림\stg_0098.jpg,500,500,skipped_duplicate,2026-05-14T15:36:19
LG 워시타워 슬림,LG  워시타워 렌탈 트롬AI 세탁기건조기 일체형 25kg WA2525KDF 5년약정,https://coway-codi.com/product/detail.html?product_no=16503&cate_no=427&display_group=1&utm_source=naver&utm_medium=shopping&utm_campaign=knowledge_shopping&mkt_in=Y&ghost_mall_id=naver&ref=naver_open,https://shopping-phinf.pstatic.net/main_5924642/59246423858.jpg,data\staging\wash_tower\LG_워시타워_슬림\stg_0099.jpg,500,500,skipped_duplicate,2026-05-14T15:36:19
LG 워시타워 오브제,LG 트롬 오브제 워시타워 원바디 세탁기 건조기 세트 화이트 트루스팀,https://smartstore.naver.com/main/products/11277590770,https://shopping-phinf.pstatic.net/main_8882210/88822101101.4.jpg,data\staging\wash_tower\LG_워시타워_오브제\stg_0000.jpg,1000,1000,skipped_duplicate,2026-05-14T15:36:20
LG 워시타워 오브제,LG 트롬 워시타워 오브제 원바디 세탁기 건조기 세트 그린/베이지 색상선택,https://smartstore.naver.com/main/products/11277616151,https://shopping-phinf.pstatic.net/main_8882212/88822126482.4.jpg,data\staging\wash_tower\LG_워시타워_오브제\stg_0001.jpg,1000,1000,skipped_duplicate,2026-05-14T15:36:21
LG 워시타워 오브제,1등급 엘지 오브제 트롬 원바디 워시타워 25+21KG 일체형 베이지그린 WL21EGN,https://smartstore.naver.com/main/products/12697479196,https://shopping-phinf.pstatic.net/main_9024199/90241990120.jpg,data\staging\wash_tower\LG_워시타워_오브제\stg_0002.jpg,1000,1000,skipped_duplicate,2026-05-14T15:36:21
LG 워시타워 오브제,LG 트롬 AI 오브제컬렉션 워시타워 WA2525YMZF 네이비 크림,https://smartstore.naver.com/main/products/11926893846,https://shopping-phinf.pstatic.net/main_8947140/89471404534.jpg,data\staging\wash_tower\LG_워시타워_오브제\stg_0003.jpg,800,800,skipped_duplicate,2026-05-14T15:36:21
LG 워시타워 오브제,LG 워시타워 W20WANQ 오브제컬렉션 세탁기 + 건조기 일체형 / 화이트,https://smartstore.naver.com/main/products/10795842637,https://shopping-phinf.pstatic.net/main_8834034/88340348627.3.jpg,data\staging\wash_tower\LG_워시타워_오브제\stg_0004.jpg,568,532,skipped_duplicate,2026-05-14T15:36:22
LG 워시타워 오브제,LG전자 오브제컬렉션 F13EJNR + RH10GJN (W1310EGN) 1개,https://search.shopping.naver.com/catalog/59245106444,https://shopping-phinf.pstatic.net/main_5924510/59245106444.20260313161346.jpg,data\staging\wash_tower\LG_워시타워_오브제\stg_0005.jpg,500,500,skipped_duplicate,2026-05-14T15:36:22
LG 워시타워 오브제,LG전자 (LG)LG 트롬 오브제컬렉션 워시타워25/20kg W2520WHM 전국무료배송,https://link.gmarket.co.kr/gate/pcs?item-no=4737070106&sub-id=1003&service-code=10000003&lcd=100000092,https://shopping-phinf.pstatic.net/main_5978800/59788006751.jpg,data\staging\wash_tower\LG_워시타워_오브제\stg_0006.jpg,600,600,skipped_duplicate,2026-05-14T15:36:23
LG 워시타워 오브제,(LG)LG전자 트롬 AI 오브제컬렉션 WA2525GEHF 워시타워 25/25kg P.H,https://link.gmarket.co.kr/gate/pcs?item-no=4585351482&sub-id=1003&service-code=10000003&lcd=100000092,https://shopping-phinf.pstatic.net/main_5760443/57604436326.1.jpg,data\staging\wash_tower\LG_워시타워_오브제\stg_0007.jpg,600,600,approved,2026-05-14T15:36:23
LG 워시타워 오브제,LG 트롬 오브제컬렉션 워시타워 25/21kg 1등급 WL21EGN,https://smartstore.naver.com/main/products/13291287466,https://shopping-phinf.pstatic.net/main_9083579/90835797798.jpg,data\staging\wash_tower\LG_워시타워_오브제\stg_0008.jpg,603,678,approved,2026-05-14T15:36:23
LG 워시타워 오브제,LG 트롬 오브제컬렉션 워시타워 렌탈 가전 구독 W20WHN,https://ykgmall.com/product/detail.html?product_no=938&cate_no=122&display_group=1&utm_source=naver&utm_medium=shopping&utm_campaign=knowledge_shopping&mkt_in=Y&ghost_mall_id=naver&ref=naver_open,https://shopping-phinf.pstatic.net/main_5960805/59608053943.jpg,data\staging\wash_tower\LG_워시타워_오브제\stg_0009.jpg,1100,1100,approved,2026-05-14T15:36:24
LG 워시타워 오브제,LG 트롬 AI 오브제컬렉션 워시타워 엘지 세탁기 건조기 25kg 1등급WA2525YMZF,https://smartstore.naver.com/main/products/12138860618,https://shopping-phinf.pstatic.net/main_8968337/89683371323.jpg,data\staging\wash_tower\LG_워시타워_오브제\stg_0010.jpg,860,860,approved,2026-05-14T15:36:24
LG 워시타워 오브제,LG전자 트롬 AI 오브제컬렉션 워시타워 WA2525EGHF (G),https://link.auction.co.kr/gate/pcs?item-no=F209950482&sub-id=1&service-code=10000003,https://shopping-phinf.pstatic.net/main_5467241/54672416342.3.jpg,data\staging\wash_tower\LG_워시타워_오브제\stg_0011.jpg,600,600,skipped_duplicate,2026-05-14T15:36:25
LG 워시타워 오브제,LG 트롬 오브제컬렉션 워시타워25/20kg2등급 W2520WHM 전국무료배송,https://smartstore.naver.com/main/products/13365211041,https://shopping-phinf.pstatic.net/main_9090972/90909721373.jpg,data\staging\wash_tower\LG_워시타워_오브제\stg_0012.jpg,1000,1000,skipped_duplicate,2026-05-14T15:36:25
LG 워시타워 오브제,LG전자 LG 트롬 AI 오브제컬렉션 워시타워 WA2525YMZF 그레이 네이비 _JS,https://link.gmarket.co.kr/gate/pcs?item-no=4439539374&sub-id=1003&service-code=10000003&lcd=100000092,https://shopping-phinf.pstatic.net/main_5522915/55229155523.5.jpg,data\staging\wash_tower\LG_워시타워_오브제\stg_0013.jpg,600,600,skipped_duplicate,2026-05-14T15:36:25
LG 워시타워 오브제,LG 세탁기건조기 일체형 세트 24+20kg 엘지오브제세탁기 트롬 워시타워,https://smartstore.naver.com/main/products/9887381806,https://shopping-phinf.pstatic.net/main_8743188/87431884079.jpg,data\staging\wash_tower\LG_워시타워_오브제\stg_0014.jpg,1000,1000,approved,2026-05-14T15:36:26
LG 워시타워 오브제,LG 트롬 오브제컬렉션 워시타워 25/21kg 1등급 WL21EGN,https://smartstore.naver.com/main/products/13490117329,https://shopping-phinf.pstatic.net/main_9103462/91034627681.jpg,data\staging\wash_tower\LG_워시타워_오브제\stg_0015.jpg,1024,1024,approved,2026-05-14T15:36:26
LG 워시타워 오브제,LG 트롬 오브제컬렉션 워시타워25/20kg W2520WHM 전국무료배송,http://emart.ssg.com/item/itemView.ssg?itemId=1000821044412&siteNo=6001&ckwhere=naver&appPopYn=n&utm_medium=PCS&utm_source=naver&utm_campaign=naver_pcs,https://shopping-phinf.pstatic.net/main_5978852/59788525566.jpg,data\staging\wash_tower\LG_워시타워_오브제\stg_0016.jpg,350,350,skipped_duplicate,2026-05-14T15:36:26
LG 워시타워 오브제,LG배송 LG전자 24+20kg 오브제 워시타워 FX24WJN+RD20WJN W20WHN,https://smartstore.naver.com/main/products/11308548686,https://shopping-phinf.pstatic.net/main_8885305/88853059017.1.jpg,data\staging\wash_tower\LG_워시타워_오브제\stg_0017.jpg,1000,1000,skipped_duplicate,2026-05-14T15:36:27
LG 워시타워 오브제,LG전자 오브제컬렉션 24+20kg 세탁기건조기세트 워시타워 W20EEZ FX24EJDE,https://smartstore.naver.com/main/products/12879982859,https://shopping-phinf.pstatic.net/main_9042449/90424493851.jpg,data\staging\wash_tower\LG_워시타워_오브제\stg_0018.jpg,1000,1000,skipped_duplicate,2026-05-14T15:36:27
LG 워시타워 오브제,LG 오브제컬렉션 워시타워 컴팩트 W10BHN,https://smartstore.naver.com/main/products/12656827788,https://shopping-phinf.pstatic.net/main_9020133/90201338694.jpg,data\staging\wash_tower\LG_워시타워_오브제\stg_0019.jpg,450,450,approved,2026-05-14T15:36:28
LG 워시타워 오브제,LG 트롬 워시타워 오브제 원바디 세탁기 건조기 세트 베이지 트루스팀,https://smartstore.naver.com/main/products/11378345843,https://shopping-phinf.pstatic.net/main_8892285/88922856208.4.jpg,data\staging\wash_tower\LG_워시타워_오브제\stg_0020.jpg,1000,1000,approved,2026-05-14T15:36:28
LG 워시타워 오브제,[무료배송및설치] LG전자 24+20kg 오브제 워시타워 FX24WJN+RD20WJN W20WHN,https://smartstore.naver.com/main/products/11225609981,https://shopping-phinf.pstatic.net/main_8877012/88770120312.jpg,data\staging\wash_tower\LG_워시타워_오브제\stg_0021.jpg,1000,1000,approved,2026-05-14T15:36:28
LG 워시타워 오브제,엘지전자 오브제 일체형 트루스팀 워시타워 25+21KG 자동세제함 국내생산 WL21WDU,https://smartstore.naver.com/main/products/13079662575,https://shopping-phinf.pstatic.net/main_9062417/90624173667.jpg,data\staging\wash_tower\LG_워시타워_오브제\stg_0022.jpg,1000,1000,approved,2026-05-14T15:36:29
LG 워시타워 오브제,LG 트롬 오브제컬렉션 워시타워 23/20kg W20WANQ(FX23WJN+RD20WJN),https://smartstore.naver.com/main/products/12958211217,https://shopping-phinf.pstatic.net/main_9050272/90502722227.jpg,data\staging\wash_tower\LG_워시타워_오브제\stg_0023.jpg,2000,2000,skipped_duplicate,2026-05-14T15:36:29
LG 워시타워 오브제,LG 세탁기 건조기 일체형 23+20kg 세트 엘지오브제 트롬 워시타워,https://smartstore.naver.com/main/products/10385842638,https://shopping-phinf.pstatic.net/main_8793034/87930347479.1.jpg,data\staging\wash_tower\LG_워시타워_오브제\stg_0024.jpg,1000,1000,skipped_duplicate,2026-05-14T15:36:30
LG 워시타워 오브제,LG WL22EGZU 트롬 오브제컬렉션 워시타워,https://smartstore.naver.com/main/products/13388684648,https://shopping-phinf.pstatic.net/main_9093319/90933194984.jpg,data\staging\wash_tower\LG_워시타워_오브제\stg_0025.jpg,1024,1024,skipped_duplicate,2026-05-14T15:36:30
LG 워시타워 오브제,엘지전자 오브제 1등급 일체형 워시타워 25+21KG 원바디 국내생산 WL21EGN,https://smartstore.naver.com/main/products/13075983768,https://shopping-phinf.pstatic.net/main_9062049/90620494860.2.jpg,data\staging\wash_tower\LG_워시타워_오브제\stg_0026.jpg,1000,1000,approved,2026-05-14T15:36:31
LG 워시타워 오브제,[혜택가 226만] LG 트롬 오브제컬렉션 워시타워 W21WAM 세탁기건조기 24/21kg,https://www.11st.co.kr/connect/Gateway.tmall?method=Xsite&prdNo=7311004275&tid=1000000061,https://shopping-phinf.pstatic.net/main_4875484/48754845765.15.jpg,data\staging\wash_tower\LG_워시타워_오브제\stg_0027.jpg,900,900,approved,2026-05-14T15:36:31
LG 워시타워 오브제,[신세계백화점]LG전자 (LG)SLG전자 직영 트롬 워시타워 오브제컬렉션 W20WANQ,https://link.gmarket.co.kr/gate/pcs?item-no=4494611069&sub-id=1003&service-code=10000003&lcd=100000092,https://shopping-phinf.pstatic.net/main_5840088/58400882628.jpg,data\staging\wash_tower\LG_워시타워_오브제\stg_0028.jpg,600,600,approved,2026-05-14T15:36:31
LG 워시타워 오브제,(LG)O LG 트롬 AI 오브제컬렉션 워시타워 WA2525YMHF 1등급,https://link.gmarket.co.kr/gate/pcs?item-no=4456654165&sub-id=1003&service-code=10000003&lcd=100000092,https://shopping-phinf.pstatic.net/main_5781573/57815734423.1.jpg,data\staging\wash_tower\LG_워시타워_오브제\stg_0029.jpg,600,600,approved,2026-05-14T15:36:32
LG 워시타워 오브제,LG 오브제컬렉션 드럼세탁기+건조기 FX24ENE-GNG,https://smartstore.naver.com/main/products/12042356603,https://shopping-phinf.pstatic.net/main_8958686/89586867295.jpg,data\staging\wash_tower\LG_워시타워_오브제\stg_0030.jpg,450,450,approved,2026-05-14T15:36:32
LG 워시타워 오브제,[전국배송] LG 워시타워 오브제컬렉션 세탁25kg 건조25kg WA2525GEHF,https://smartstore.naver.com/main/products/13115358006,https://shopping-phinf.pstatic.net/main_9065986/90659869098.jpg,data\staging\wash_tower\LG_워시타워_오브제\stg_0031.jpg,1125,1125,approved,2026-05-14T15:36:33
LG 워시타워 오브제,[LG전자 직영] LG 오브제컬렉션 워시타워 W20WANQ(희망일),http://shinsegaemall.ssg.com/item/itemView.ssg?itemId=1000707577862&siteNo=6004&salestrNo=6005&ckwhere=s_naver&appPopYn=n&utm_medium=PCS&utm_source=naver&utm_campaign=naver_pcs,https://shopping-phinf.pstatic.net/main_5603006/56030060481.2.jpg,data\staging\wash_tower\LG_워시타워_오브제\stg_0032.jpg,350,350,approved,2026-05-14T15:36:33
LG 워시타워 오브제,LG 오브제컬렉션 워시타워 W20EGZ,https://smartstore.naver.com/main/products/12774180262,https://shopping-phinf.pstatic.net/main_9031869/90318691211.jpg,data\staging\wash_tower\LG_워시타워_오브제\stg_0033.jpg,1024,1024,approved,2026-05-14T15:36:34
LG 워시타워 오브제,LG 오브제컬렉션 워시타워 W20WZNM,https://smartstore.naver.com/main/products/12315818851,https://shopping-phinf.pstatic.net/main_8986032/89860329568.jpg,data\staging\wash_tower\LG_워시타워_오브제\stg_0034.jpg,450,450,approved,2026-05-14T15:36:34
LG 워시타워 오브제,LG 오브제컬렉션 워시타워 W20WHN,https://smartstore.naver.com/main/products/12316100652,https://shopping-phinf.pstatic.net/main_8986061/89860611369.jpg,data\staging\wash_tower\LG_워시타워_오브제\stg_0035.jpg,450,450,approved,2026-05-14T15:36:35
LG 워시타워 오브제,LG 오브제컬렉션 워시타워 W20EGAN,https://smartstore.naver.com/main/products/12074818311,https://shopping-phinf.pstatic.net/main_8961932/89619329010.jpg,data\staging\wash_tower\LG_워시타워_오브제\stg_0036.jpg,450,450,approved,2026-05-14T15:36:35
LG 워시타워 오브제,LG 오브제컬렉션 워시타워 W20EEAN,https://smartstore.naver.com/main/products/12070685316,https://shopping-phinf.pstatic.net/main_8961519/89615196015.jpg,data\staging\wash_tower\LG_워시타워_오브제\stg_0037.jpg,450,450,skipped_duplicate,2026-05-14T15:36:36
LG 워시타워 오브제,LG 오브제컬렉션 워시타워 W20GEAN,https://smartstore.naver.com/main/products/12071096791,https://shopping-phinf.pstatic.net/main_8961560/89615607490.jpg,data\staging\wash_tower\LG_워시타워_오브제\stg_0038.jpg,450,450,skipped_duplicate,2026-05-14T15:36:37
LG 워시타워 오브제,LG 오브제컬렉션 워시타워 W20EGZ,https://smartstore.naver.com/main/products/12040105524,https://shopping-phinf.pstatic.net/main_8958461/89584616216.jpg,data\staging\wash_tower\LG_워시타워_오브제\stg_0039.jpg,450,450,skipped_duplicate,2026-05-14T15:36:37
LG 워시타워 오브제,LG 오브제컬렉션 워시타워 W21WAM,https://smartstore.naver.com/main/products/12321414130,https://shopping-phinf.pstatic.net/main_8986592/89865924847.jpg,data\staging\wash_tower\LG_워시타워_오브제\stg_0040.jpg,450,450,skipped_duplicate,2026-05-14T15:36:37
LG 워시타워 오브제,LG 오브제 워시타워 WL21EGZU 새상품,https://smartstore.naver.com/main/products/9525904674,https://shopping-phinf.pstatic.net/main_8707040/87070406944.jpg,data\staging\wash_tower\LG_워시타워_오브제\stg_0041.jpg,500,500,approved,2026-05-14T15:36:38
LG 워시타워 오브제,LG 트롬 워시타워 오브제 원바디 세탁기 건조기 세트 그린 트루스팀,https://smartstore.naver.com/main/products/11378351982,https://shopping-phinf.pstatic.net/main_8892286/88922862347.4.jpg,data\staging\wash_tower\LG_워시타워_오브제\stg_0042.jpg,1000,1000,approved,2026-05-14T15:36:38
LG 워시타워 오브제,LG 트롬 워시타워 오브제 원바디 세탁기 건조기 세트 베이지/그린,https://smartstore.naver.com/main/products/11378338863,https://shopping-phinf.pstatic.net/main_8892284/88922849228.4.jpg,data\staging\wash_tower\LG_워시타워_오브제\stg_0043.jpg,1000,1000,approved,2026-05-14T15:36:39
LG 워시타워 오브제,LG 오브제컬렉션 트루스팀 워시타워 W21GEAM,https://smartstore.naver.com/main/products/10881555089,https://shopping-phinf.pstatic.net/main_8842606/88426061102.1.jpg,data\staging\wash_tower\LG_워시타워_오브제\stg_0044.jpg,860,1100,approved,2026-05-14T15:36:39
LG 워시타워 오브제,LG전자 트롬 오브제컬렉션 워시타워 W20WZNM,https://smartstore.naver.com/main/products/10281355380,https://shopping-phinf.pstatic.net/main_8782585/87825859204.1.jpg,data\staging\wash_tower\LG_워시타워_오브제\stg_0045.jpg,1000,1000,approved,2026-05-14T15:36:40
LG 워시타워 오브제,LG 워시타워 렌탈 오브제컬렉션 세탁기 건조기 72개월 약정 12개월방문관리 WL22,https://rentdirects4.cafe24.com/product/detail.html?product_no=746,https://shopping-phinf.pstatic.net/main_5382686/53826865888.1.jpg,data\staging\wash_tower\LG_워시타워_오브제\stg_0046.jpg,1890,1890,approved,2026-05-14T15:36:40
LG 워시타워 오브제,[전국배송] LG 워시타워 오브제컬렉션 세탁25kg 건조25kg WA2525EEHF,https://smartstore.naver.com/main/products/13177379194,https://shopping-phinf.pstatic.net/main_9072189/90721890291.jpg,data\staging\wash_tower\LG_워시타워_오브제\stg_0047.jpg,1125,1125,approved,2026-05-14T15:36:41
LG 워시타워 오브제,LG 트롬 오브제 워시타워 원바디 세탁기 건조기 세트 화이트 1등급 W2420WHNR,https://smartstore.naver.com/main/products/13291616369,https://shopping-phinf.pstatic.net/main_9083612/90836126701.2.jpg,data\staging\wash_tower\LG_워시타워_오브제\stg_0048.jpg,1000,1000,approved,2026-05-14T15:36:41
LG 워시타워 오브제,LG 오브제 워시타워 W21GGAM 세탁기24kg 건조기21kg 그린 295891,https://www.11st.co.kr/connect/Gateway.tmall?method=Xsite&prdNo=9240082848&tid=1000000061,https://shopping-phinf.pstatic.net/main_5949578/59495784741.14.jpg,data\staging\wash_tower\LG_워시타워_오브제\stg_0049.jpg,900,900,approved,2026-05-14T15:36:42
LG 워시타워 오브제,엘지 오브제 워시타워 세탁 25kg&amp; 건조25kg WA2525MMHF 1등급,https://smartstore.naver.com/main/products/13123574765,https://shopping-phinf.pstatic.net/main_9066808/90668085857.jpg,data\staging\wash_tower\LG_워시타워_오브제\stg_0050.jpg,460,625,approved,2026-05-14T15:36:42
LG 워시타워 오브제,LG 오브제 워시타워 W21GGAM 세탁기24kg 건조기21kg 그린 295891,https://smartstore.naver.com/main/products/12890445990,https://shopping-phinf.pstatic.net/main_9043495/90434956982.jpg,data\staging\wash_tower\LG_워시타워_오브제\stg_0051.jpg,600,600,skipped_duplicate,2026-05-14T15:36:43
LG 워시타워 오브제,LG 트롬 워시타워 오브제컬렉션 WA2323GEHN 23kg 그린 세탁건조,https://smartstore.naver.com/main/products/13257674603,https://shopping-phinf.pstatic.net/main_9080218/90802184935.jpg,data\staging\wash_tower\LG_워시타워_오브제\stg_0052.jpg,3780,3780,skipped_duplicate,2026-05-14T15:36:44
LG 워시타워 오브제,LG 트롬 워시타워 오브제컬렉션 WA2323EGHN 23kg 그린 세탁건조,https://smartstore.naver.com/main/products/13257484622,https://shopping-phinf.pstatic.net/main_9080199/90801994954.jpg,data\staging\wash_tower\LG_워시타워_오브제\stg_0053.jpg,3780,3780,approved,2026-05-14T15:36:45
LG 워시타워 오브제,LG 트롬 AI 오브제컬렉션 워시타워 엘지 세탁기 건조기 25kg 1등급WA2525IIHF,https://smartstore.naver.com/main/products/12138883592,https://shopping-phinf.pstatic.net/main_8968339/89683394297.jpg,data\staging\wash_tower\LG_워시타워_오브제\stg_0054.jpg,860,860,approved,2026-05-14T15:36:46
LG 워시타워 오브제,LG 트롬 AI 오브제컬렉션 워시타워 엘지 세탁기 건조기 25kg 1등급WA2525KDF,https://smartstore.naver.com/main/products/12138879504,https://shopping-phinf.pstatic.net/main_8968339/89683390209.jpg,data\staging\wash_tower\LG_워시타워_오브제\stg_0055.jpg,860,860,approved,2026-05-14T15:36:46
LG 워시타워 오브제,LG 트롬 AI 오브제컬렉션 워시타워 엘지 세탁기 건조기 25kg 1등급WA2525EEZF,https://smartstore.naver.com/main/products/12138850461,https://shopping-phinf.pstatic.net/main_8968336/89683361166.jpg,data\staging\wash_tower\LG_워시타워_오브제\stg_0056.jpg,860,860,approved,2026-05-14T15:36:47
LG 워시타워 오브제,LG 트롬 AI 오브제컬렉션 워시타워 엘지 세탁기 건조기 25kg 1등급WA2525GGZF,https://smartstore.naver.com/main/products/12138845406,https://shopping-phinf.pstatic.net/main_8968335/89683356111.jpg,data\staging\wash_tower\LG_워시타워_오브제\stg_0057.jpg,860,860,approved,2026-05-14T15:36:47
LG 워시타워 오브제,LG 트롬 AI 오브제컬렉션 워시타워 엘지 세탁기 건조기 25kg 1등급WA2525MMZF,https://smartstore.naver.com/main/products/12138864731,https://shopping-phinf.pstatic.net/main_8968337/89683375436.jpg,data\staging\wash_tower\LG_워시타워_오브제\stg_0058.jpg,860,860,approved,2026-05-14T15:36:48
LG 워시타워 오브제,LG 트롬 AI 오브제컬렉션 워시타워 엘지 세탁기 건조기 25kg 1등급WA2525GEZF,https://smartstore.naver.com/main/products/12138826463,https://shopping-phinf.pstatic.net/main_8968333/89683337168.jpg,data\staging\wash_tower\LG_워시타워_오브제\stg_0059.jpg,860,860,approved,2026-05-14T15:36:49
LG 워시타워 오브제,LG 트롬 AI 오브제컬렉션 워시타워 엘지 세탁기 건조기 25kg 1등급WA2525EGZF,https://smartstore.naver.com/main/products/12138820758,https://shopping-phinf.pstatic.net/main_8968333/89683331463.jpg,data\staging\wash_tower\LG_워시타워_오브제\stg_0060.jpg,860,860,approved,2026-05-14T15:36:50
LG 워시타워 오브제,LG 트롬 AI 오브제컬렉션 워시타워 엘지 세탁기 건조기 25kg 1등급WA2525MYZF,https://smartstore.naver.com/main/products/12138856289,https://shopping-phinf.pstatic.net/main_8968336/89683366994.jpg,data\staging\wash_tower\LG_워시타워_오브제\stg_0061.jpg,860,860,approved,2026-05-14T15:36:50
LG 워시타워 오브제,LG 트롬 AI 오브제컬렉션 워시타워 엘지 세탁기 건조기 25kg 1등급WA2525YYZF,https://smartstore.naver.com/main/products/12138869614,https://shopping-phinf.pstatic.net/main_8968338/89683380319.jpg,data\staging\wash_tower\LG_워시타워_오브제\stg_0062.jpg,860,860,approved,2026-05-14T15:36:50
LG 워시타워 오브제,LG 오브제컬렉션 트루스팀 워시타워 WL21WDU,https://smartstore.naver.com/main/products/13315075822,https://shopping-phinf.pstatic.net/main_9085958/90859586154.jpg,data\staging\wash_tower\LG_워시타워_오브제\stg_0063.jpg,1024,1024,approved,2026-05-14T15:36:51
LG 워시타워 오브제,엘지 오브제 AI 워시타워 세탁 23kg&amp;건조 23kg 화이트 WA2323IIAN 1등급,https://smartstore.naver.com/main/products/13256468375,https://shopping-phinf.pstatic.net/main_9080097/90800978707.jpg,data\staging\wash_tower\LG_워시타워_오브제\stg_0064.jpg,392,657,approved,2026-05-14T15:36:52
LG 워시타워 오브제,1등급 엘지오브제 트롬 자동세제 워시타워 25+21KG 트루스팀 베이지그린 WL21EGZU,https://smartstore.naver.com/main/products/13079719322,https://shopping-phinf.pstatic.net/main_9062423/90624230414.1.jpg,data\staging\wash_tower\LG_워시타워_오브제\stg_0065.jpg,1000,1000,skipped_duplicate,2026-05-14T15:36:52
LG 워시타워 오브제,1등급 엘지 오브제 트롬 자동세제 워시타워 25+21KG 트루스팀 릴리화이트 WL21WDU,https://smartstore.naver.com/main/products/13079732031,https://shopping-phinf.pstatic.net/main_9062424/90624243123.1.jpg,data\staging\wash_tower\LG_워시타워_오브제\stg_0066.jpg,1000,1000,approved,2026-05-14T15:36:52
LG 워시타워 오브제,LG 오브제컬렉션 트루스팀 워시타워 W20WD,https://smartstore.naver.com/main/products/12320745531,https://shopping-phinf.pstatic.net/main_8986525/89865256248.jpg,data\staging\wash_tower\LG_워시타워_오브제\stg_0067.jpg,450,450,skipped_duplicate,2026-05-14T15:36:53
LG 워시타워 오브제,LG 오브제컬렉션 트루스팀 워시타워 WL22KDU,https://smartstore.naver.com/main/products/12311226983,https://shopping-phinf.pstatic.net/main_8985573/89855737701.jpg,data\staging\wash_tower\LG_워시타워_오브제\stg_0068.jpg,450,450,skipped_duplicate,2026-05-14T15:36:53
LG 워시타워 오브제,LG 오브제컬렉션 트루스팀 워시타워 W21GEAM,https://smartstore.naver.com/main/products/12310692276,https://shopping-phinf.pstatic.net/main_8985520/89855202993.jpg,data\staging\wash_tower\LG_워시타워_오브제\stg_0069.jpg,450,450,skipped_duplicate,2026-05-14T15:36:54
LG 워시타워 오브제,LG 오브제컬렉션 트루스팀 워시타워 W21EEAM,https://smartstore.naver.com/main/products/12070632634,https://shopping-phinf.pstatic.net/main_8961514/89615143333.jpg,data\staging\wash_tower\LG_워시타워_오브제\stg_0070.jpg,450,450,skipped_duplicate,2026-05-14T15:36:54
LG 워시타워 오브제,LG 오브제컬렉션 트루스팀 워시타워 WL21WDU,https://smartstore.naver.com/main/products/12315692334,https://shopping-phinf.pstatic.net/main_8986020/89860203051.jpg,data\staging\wash_tower\LG_워시타워_오브제\stg_0071.jpg,450,450,skipped_duplicate,2026-05-14T15:36:54
LG 워시타워 오브제,LG 오브제컬렉션 트루스팀 워시타워 WL22WDU,https://smartstore.naver.com/main/products/12311306895,https://shopping-phinf.pstatic.net/main_8985581/89855817612.1.jpg,data\staging\wash_tower\LG_워시타워_오브제\stg_0072.jpg,450,450,skipped_duplicate,2026-05-14T15:36:55
LG 워시타워 오브제,LG 오브제컬렉션 트루스팀 워시타워 W21EGAM,https://smartstore.naver.com/main/products/12319297530,https://shopping-phinf.pstatic.net/main_8986380/89863808247.jpg,data\staging\wash_tower\LG_워시타워_오브제\stg_0073.jpg,450,450,approved,2026-05-14T15:36:55
LG 워시타워 오브제,LG 오브제컬렉션 트루스팀 워시타워 W21GGAM,https://smartstore.naver.com/main/products/12316888183,https://shopping-phinf.pstatic.net/main_8986139/89861398901.jpg,data\staging\wash_tower\LG_워시타워_오브제\stg_0074.jpg,450,450,skipped_duplicate,2026-05-14T15:36:56
LG 워시타워 오브제,LG 세탁기건조기일체형 23+20kg 세트 엘지 트롬 워시타워 오브제세탁기,https://smartstore.naver.com/main/products/10385901716,https://shopping-phinf.pstatic.net/main_8793040/87930406557.1.jpg,data\staging\wash_tower\LG_워시타워_오브제\stg_0075.jpg,1000,1000,approved,2026-05-14T15:36:57
LG 워시타워 오브제,LG 트롬 AI 오브제컬렉션 워시타워 2025모델 WA2525MYHF 세탁건조25kg,https://www.11st.co.kr/connect/Gateway.tmall?method=Xsite&prdNo=8244132274&tid=1000000061,https://shopping-phinf.pstatic.net/main_5453084/54530849479.7.jpg,data\staging\wash_tower\LG_워시타워_오브제\stg_0076.jpg,900,898,skipped_duplicate,2026-05-14T15:36:57
LG 워시타워 오브제,"LG 24년형 오브제컬렉션 워시타워 세탁24kg,건조20kg 릴리화이트",https://smartstore.naver.com/main/products/12325053079,https://shopping-phinf.pstatic.net/main_8986956/89869563796.jpg,data\staging\wash_tower\LG_워시타워_오브제\stg_0077.jpg,450,450,skipped_duplicate,2026-05-14T15:36:58
LG 워시타워 오브제,LG 오브제 대용량 워시타워 세탁기 25KG+건조기 21KG 네이처베이지,https://smartstore.naver.com/main/products/8665029883,https://shopping-phinf.pstatic.net/main_8620953/86209530206.jpg,data\staging\wash_tower\LG_워시타워_오브제\stg_0078.jpg,600,600,approved,2026-05-14T15:36:59
LG 워시타워 오브제,LG 세탁기건조기 일체형 23+20kg세트 엘지 트롬 워시타워 오브제세탁기,https://smartstore.naver.com/main/products/11314527916,https://shopping-phinf.pstatic.net/main_8885903/88859038247.jpg,data\staging\wash_tower\LG_워시타워_오브제\stg_0079.jpg,600,600,approved,2026-05-14T15:36:59
LG 워시타워 오브제,LG트롬 오브제 워시타워 W20WANQ 23/20KG 화이트 방문설치 폐가전수거,https://smartstore.naver.com/main/products/11338522587,https://shopping-phinf.pstatic.net/main_8888303/88883032918.1.jpg,data\staging\wash_tower\LG_워시타워_오브제\stg_0080.jpg,1024,1452,approved,2026-05-14T15:36:59
LG 워시타워 오브제,LG 트롬 AI 오브제컬렉션 워시타워 WA2525KDF 스페이스블랙,https://smartstore.naver.com/main/products/11867551350,https://shopping-phinf.pstatic.net/main_8941206/89412061944.jpg,data\staging\wash_tower\LG_워시타워_오브제\stg_0081.jpg,800,800,skipped_duplicate,2026-05-14T15:37:00
LG 워시타워 오브제,LG전자 트롬 AI 오브제컬렉션 워시타워 WA2525EEZF,https://smartstore.naver.com/main/products/13199813933,https://shopping-phinf.pstatic.net/main_9074432/90744325030.jpg,data\staging\wash_tower\LG_워시타워_오브제\stg_0082.jpg,1000,1000,skipped_duplicate,2026-05-14T15:37:00
LG 워시타워 오브제,엘지방문설치 1등급 오브제 트롬 워시타워 컴팩트 13+10KG 화이트 W1310WAN,https://smartstore.naver.com/main/products/13524881553,https://shopping-phinf.pstatic.net/main_9106939/91069391906.jpg,data\staging\wash_tower\LG_워시타워_오브제\stg_0083.jpg,1000,1000,approved,2026-05-14T15:37:01
LG 워시타워 오브제,LG 트롬 오브제컬렉션 워시타워 W20WHN,https://www.lge.co.kr/wash-tower/w20whn?naver_code=100212&utm_source=navershopping&utm_medium=cps&utm_campaign=20220118_navercps_pdp_lgekr,https://shopping-phinf.pstatic.net/main_3798516/37985166606.jpg,data\staging\wash_tower\LG_워시타워_오브제\stg_0084.jpg,350,350,skipped_duplicate,2026-05-14T15:37:01
LG 워시타워 오브제,LG 트롬 오브제컬렉션 워시타워 26년형 W2420WHNR 가전 구독,https://lgsj.co.kr/product/detail.html?product_no=2454&cate_no=173&display_group=1&utm_source=naver&utm_medium=shopping&utm_campaign=knowledge_shopping&mkt_in=Y&ghost_mall_id=naver&ref=naver_open,https://shopping-phinf.pstatic.net/main_5995612/59956126339.jpg,data\staging\wash_tower\LG_워시타워_오브제\stg_0085.jpg,1000,1000,skipped_duplicate,2026-05-14T15:37:02
LG 워시타워 오브제,LG WL22EGZU 트롬 오브제컬렉션 워시타워,https://smartstore.naver.com/main/products/13388715586,https://shopping-phinf.pstatic.net/main_9093322/90933225922.jpg,data\staging\wash_tower\LG_워시타워_오브제\stg_0086.jpg,1024,1024,approved,2026-05-14T15:37:02
LG 워시타워 오브제,엘지전자 직영설치 오브제컬렉션 워시타워 23+21KG 트루스팀 베이지그린 W2321GEAM,https://smartstore.naver.com/main/products/12696998966,https://shopping-phinf.pstatic.net/main_9024150/90241509890.jpg,data\staging\wash_tower\LG_워시타워_오브제\stg_0087.jpg,1000,1000,approved,2026-05-14T15:37:02
LG 워시타워 오브제,LG 오브제컬렉션 딥러닝 AI 워시타워 WL21GEN,https://smartstore.naver.com/main/products/12311582693,https://shopping-phinf.pstatic.net/main_8985609/89856093410.jpg,data\staging\wash_tower\LG_워시타워_오브제\stg_0088.jpg,450,450,skipped_duplicate,2026-05-14T15:37:03
LG 워시타워 오브제,LG 오브제컬렉션 딥러닝 AI 워시타워 WL21EGN,https://smartstore.naver.com/main/products/12311477313,https://shopping-phinf.pstatic.net/main_8985598/89855988030.jpg,data\staging\wash_tower\LG_워시타워_오브제\stg_0089.jpg,450,450,skipped_duplicate,2026-05-14T15:37:04
LG 워시타워 오브제,LG 오브제컬렉션 딥러닝 AI 워시타워 WL21GGN,https://smartstore.naver.com/main/products/12315562667,https://shopping-phinf.pstatic.net/main_8986007/89860073384.jpg,data\staging\wash_tower\LG_워시타워_오브제\stg_0090.jpg,450,450,skipped_duplicate,2026-05-14T15:37:05
LG 워시타워 오브제,LG 트롬 오브제컬렉션 워시타워 컴팩트 W10BHN 13/10kg 1등급-킴스,https://smartstore.naver.com/main/products/12232482376,https://shopping-phinf.pstatic.net/main_8977699/89776993092.1.jpg,data\staging\wash_tower\LG_워시타워_오브제\stg_0091.jpg,1000,1000,approved,2026-05-14T15:37:05
LG 워시타워 오브제,LG 트롬 오브제컬렉션 워시타워 렌탈 가전 구독 W2320WANR,https://ykgmall.com/product/detail.html?product_no=3293&cate_no=114&display_group=1&utm_source=naver&utm_medium=shopping&utm_campaign=knowledge_shopping&mkt_in=Y&ghost_mall_id=naver&ref=naver_open,https://shopping-phinf.pstatic.net/main_5960411/59604112880.jpg,data\staging\wash_tower\LG_워시타워_오브제\stg_0092.jpg,1000,1000,approved,2026-05-14T15:37:05
LG 워시타워 오브제,LG 트롬 오브제컬렉션 워시타워 + LG 휘센 제습기 (W21WAM + DQ214MEGA),https://lgesy.com/product/detail.html?product_no=2495&cate_no=174&display_group=1&utm_source=naver&utm_medium=shopping&utm_campaign=knowledge_shopping&mkt_in=Y&ghost_mall_id=naver&ref=naver_open,https://shopping-phinf.pstatic.net/main_5960396/59603968203.jpg,data\staging\wash_tower\LG_워시타워_오브제\stg_0093.jpg,640,640,approved,2026-05-14T15:37:06
LG 워시타워 오브제,(LG)LG 오브제 워시타워 WA2323EGHN 베이지 그린,https://link.auction.co.kr/gate/pcs?item-no=F509960382&sub-id=1&service-code=10000003,https://shopping-phinf.pstatic.net/main_5932015/59320152010.jpg,data\staging\wash_tower\LG_워시타워_오브제\stg_0094.jpg,600,600,skipped_duplicate,2026-05-14T15:37:07
LG 워시타워 오브제,LG 트롬 오브제컬렉션 워시타워 25/21kg WL21EGZU,https://smartstore.naver.com/main/products/13429528793,https://shopping-phinf.pstatic.net/main_9097403/90974039129.jpg,data\staging\wash_tower\LG_워시타워_오브제\stg_0095.jpg,437,679,approved,2026-05-14T15:37:07
LG 워시타워 오브제,LG 트롬 오브제컬렉션 워시타워 23/20kg 2등급 W20EEAN,https://smartstore.naver.com/main/products/13403115473,https://shopping-phinf.pstatic.net/main_9094762/90947625809.jpg,data\staging\wash_tower\LG_워시타워_오브제\stg_0096.jpg,605,743,approved,2026-05-14T15:37:08
LG 워시타워 오브제,LG 트롬 오브제컬렉션 워시타워 렌탈 가전 구독 W21EGAM,https://ykgmall.com/product/detail.html?product_no=740&cate_no=114&display_group=1&utm_source=naver&utm_medium=shopping&utm_campaign=knowledge_shopping&mkt_in=Y&ghost_mall_id=naver&ref=naver_open,https://shopping-phinf.pstatic.net/main_5960808/59608088116.jpg,data\staging\wash_tower\LG_워시타워_오브제\stg_0097.jpg,1100,1100,skipped_duplicate,2026-05-14T15:37:08
LG 워시타워 오브제,LG 트롬 오브제컬렉션 워시타워 렌탈 가전 구독 W2421EGAMR,https://ykgmall.com/product/detail.html?product_no=3294&cate_no=114&display_group=1&utm_source=naver&utm_medium=shopping&utm_campaign=knowledge_shopping&mkt_in=Y&ghost_mall_id=naver&ref=naver_open,https://shopping-phinf.pstatic.net/main_5960415/59604150649.jpg,data\staging\wash_tower\LG_워시타워_오브제\stg_0098.jpg,1000,1000,skipped_duplicate,2026-05-14T15:37:09
LG 워시타워 오브제,LG 트롬 오브제컬렉션 워시타워 렌탈 가전 구독 W2421EEAMR,https://ykgmall.com/product/detail.html?product_no=3289&cate_no=114&display_group=1&utm_source=naver&utm_medium=shopping&utm_campaign=knowledge_shopping&mkt_in=Y&ghost_mall_id=naver&ref=naver_open,https://shopping-phinf.pstatic.net/main_5960411/59604114619.jpg,data\staging\wash_tower\LG_워시타워_오브제\stg_0099.jpg,1000,1000,skipped_duplicate,2026-05-14T15:37:09
삼성 비스포크 그랑데 AI,삼성전자 비스포크그랑데AI원바디 WF2420HCVVC,https://search.shopping.naver.com/catalog/39384448618,https://shopping-phinf.pstatic.net/main_3938444/39384448618.20230414164543.jpg,data\staging\wash_tower\삼성_비스포크_그랑데_AI\stg_0000.jpg,1000,1000,approved,2026-05-14T15:37:10
삼성 비스포크 그랑데 AI,삼성전자 비스포크그랑데AI원바디 WF2420HCWWC,https://search.shopping.naver.com/catalog/39384215618,https://shopping-phinf.pstatic.net/main_3938421/39384215618.20230414163506.jpg,data\staging\wash_tower\삼성_비스포크_그랑데_AI\stg_0001.jpg,1000,1000,approved,2026-05-14T15:37:10
삼성 비스포크 그랑데 AI,삼성전자 비스포크그랑데AI원바디 WF2420HCEEC,https://search.shopping.naver.com/catalog/39766096619,https://shopping-phinf.pstatic.net/main_3976609/39766096619.20230503114752.jpg,data\staging\wash_tower\삼성_비스포크_그랑데_AI\stg_0002.jpg,320,320,skipped_duplicate,2026-05-14T15:37:11
삼성 비스포크 그랑데 AI,삼성전자 비스포크그랑데AI원바디 WF2520HCVVD,https://search.shopping.naver.com/catalog/48545513620,https://shopping-phinf.pstatic.net/main_4854551/48545513620.20240619141016.jpg,data\staging\wash_tower\삼성_비스포크_그랑데_AI\stg_0003.jpg,1000,1000,approved,2026-05-14T15:37:11
삼성 비스포크 그랑데 AI,삼성전자 비스포크그랑데AI WF24B9600KE + DV20B9760CE (WF24D20BEEL),https://search.shopping.naver.com/catalog/42199001619,https://shopping-phinf.pstatic.net/main_4219900/42199001619.20230824162513.jpg,data\staging\wash_tower\삼성_비스포크_그랑데_AI\stg_0004.jpg,1000,1000,approved,2026-05-14T15:37:11
삼성 비스포크 그랑데 AI,삼성전자 비스포크그랑데AI원바디 WF2520HCWWD,https://search.shopping.naver.com/catalog/48545915618,https://shopping-phinf.pstatic.net/main_4854591/48545915618.20240619142207.jpg,data\staging\wash_tower\삼성_비스포크_그랑데_AI\stg_0005.jpg,1000,1000,skipped_duplicate,2026-05-14T15:37:12
삼성 비스포크 그랑데 AI,삼성전자 비스포크그랑데AI WF21CB6850BW+DV20CB8800BW (WF21D20CWWC),https://search.shopping.naver.com/catalog/48545407618,https://shopping-phinf.pstatic.net/main_4854540/48545407618.20240619134331.jpg,data\staging\wash_tower\삼성_비스포크_그랑데_AI\stg_0006.jpg,750,750,skipped_duplicate,2026-05-14T15:37:12
삼성 비스포크 그랑데 AI,삼성전자 비스포크그랑데AI WF24A9500KV + DV20A9740CV (WF24DV20VVL),https://search.shopping.naver.com/catalog/29831832618,https://shopping-phinf.pstatic.net/main_2983183/29831832618.20211125111639.jpg,data\staging\wash_tower\삼성_비스포크_그랑데_AI\stg_0007.jpg,500,500,skipped_duplicate,2026-05-14T15:37:13
삼성 비스포크 그랑데 AI,삼성전자 비스포크그랑데AI WF24A9500KE + DV20A9740CE,https://search.shopping.naver.com/catalog/30440505618,https://shopping-phinf.pstatic.net/main_3044050/30440505618.20220715132957.jpg,data\staging\wash_tower\삼성_비스포크_그랑데_AI\stg_0008.jpg,1000,1000,skipped_duplicate,2026-05-14T15:37:14
삼성 비스포크 그랑데 AI,삼성전자 비스포크그랑데AI WF21A9400KE + DV17A9720BE (WF21DV17EEL),https://search.shopping.naver.com/catalog/29831520618,https://shopping-phinf.pstatic.net/main_2983152/29831520618.20211125101911.jpg,data\staging\wash_tower\삼성_비스포크_그랑데_AI\stg_0009.jpg,600,600,skipped_duplicate,2026-05-14T15:37:14
삼성 비스포크 그랑데 AI,삼성전자 비스포크 그랑데 AI 세탁기 WF21CB6650BW + 건조기 DV17CB6600BW 21kg + 17kg 방문설치,https://link.coupang.com/re/PCSNAVERPCSDP?pageKey=2987762275&ctag=2987762275&lptag=l826829307285&itemId=36208788925&vendorItemId=90891197855&spec=10305197,https://shopping-phinf.pstatic.net/main_5664679/56646799225.jpg,data\staging\wash_tower\삼성_비스포크_그랑데_AI\stg_0010.jpg,2000,2000,skipped_duplicate,2026-05-14T15:37:14
삼성 비스포크 그랑데 AI,삼성전자 비스포크그랑데AI WF24B9600KV + DV20B9760CV (WF24D20BVVL),https://search.shopping.naver.com/catalog/42199157618,https://shopping-phinf.pstatic.net/main_4219915/42199157618.20230824163506.jpg,data\staging\wash_tower\삼성_비스포크_그랑데_AI\stg_0011.jpg,1000,1000,skipped_duplicate,2026-05-14T15:37:15
삼성 비스포크 그랑데 AI,삼성 신형 슬림 비스포크 그랑데 AI 드럼 세탁기 건조기 세트 13+10 세제자동투입 소형 작은 세탁실,https://smartstore.naver.com/main/products/11117736146,https://shopping-phinf.pstatic.net/main_8866224/88662246468.jpg,data\staging\wash_tower\삼성_비스포크_그랑데_AI\stg_0012.jpg,651,652,skipped_duplicate,2026-05-14T15:37:15
삼성 비스포크 그랑데 AI,삼성전자 비스포크그랑데AI원바디 WF2120HDEEC,https://search.shopping.naver.com/catalog/46315278618,https://shopping-phinf.pstatic.net/main_4631527/46315278618.20240311143627.jpg,data\staging\wash_tower\삼성_비스포크_그랑데_AI\stg_0013.jpg,1000,1000,skipped_duplicate,2026-05-14T15:37:16
삼성 비스포크 그랑데 AI,삼성전자 비스포크 그랑데 AI 원바디 Top-Fit WH90F2520GBHW (V),https://www.11st.co.kr/connect/Gateway.tmall?method=Xsite&prdNo=8785243987&tid=1000000061,https://shopping-phinf.pstatic.net/main_5737092/57370925390.1.jpg,data\staging\wash_tower\삼성_비스포크_그랑데_AI\stg_0014.jpg,900,899,skipped_duplicate,2026-05-14T15:37:17
삼성 비스포크 그랑데 AI,삼성전자 비스포크 그랑데 AI 슬림 건조기 10KG DV10BB8440GH 화이트 히트펌프,https://smartstore.naver.com/main/products/13242577170,https://shopping-phinf.pstatic.net/main_9078708/90787087502.jpg,data\staging\wash_tower\삼성_비스포크_그랑데_AI\stg_0015.jpg,500,500,deleted,2026-05-14T15:37:17
삼성 비스포크 그랑데 AI,삼성전자 비스포크그랑데AI원바디 WF2120HDWWC,https://search.shopping.naver.com/catalog/46315406618,https://shopping-phinf.pstatic.net/main_4631540/46315406618.20240311145930.jpg,data\staging\wash_tower\삼성_비스포크_그랑데_AI\stg_0016.jpg,1000,1000,skipped_duplicate,2026-05-14T15:37:18
삼성 비스포크 그랑데 AI,삼성전자 비스포크그랑데AI WF24A9500KE + DV17A9720BE,https://search.shopping.naver.com/catalog/32149919618,https://shopping-phinf.pstatic.net/main_3214991/32149919618.20220503162230.jpg,data\staging\wash_tower\삼성_비스포크_그랑데_AI\stg_0017.jpg,1000,1000,approved,2026-05-14T15:37:18
삼성 비스포크 그랑데 AI,삼성전자 비스포크그랑데AI원바디 WF2120HDVVC,https://search.shopping.naver.com/catalog/46315388618,https://shopping-phinf.pstatic.net/main_4631538/46315388618.20240311144741.jpg,data\staging\wash_tower\삼성_비스포크_그랑데_AI\stg_0018.jpg,1000,1000,skipped_duplicate,2026-05-14T15:37:18
삼성 비스포크 그랑데 AI,삼성전자 비스포크그랑데AI WF24B8200KW + DV20B8710BW (WF24B8200KW2L),https://search.shopping.naver.com/catalog/38640088619,https://shopping-phinf.pstatic.net/main_3864008/38640088619.20230314134935.jpg,data\staging\wash_tower\삼성_비스포크_그랑데_AI\stg_0019.jpg,1000,1000,approved,2026-05-14T15:37:19
삼성 비스포크 그랑데 AI,삼성 비스포크 그랑데 AI 원바디 세탁24kg&amp;건조20kg 블랙,https://smartstore.naver.com/main/products/12923743405,https://shopping-phinf.pstatic.net/main_9046825/90468254397.jpg,data\staging\wash_tower\삼성_비스포크_그랑데_AI\stg_0020.jpg,1284,1279,skipped_duplicate,2026-05-14T15:37:19
삼성 비스포크 그랑데 AI,삼성 비스포크 그랑데 AI 올인원 드럼 세탁기 24kg &amp; 건조기 20kg 세트 그레이지,https://smartstore.naver.com/main/products/9745152159,https://shopping-phinf.pstatic.net/main_8728965/87289654432.jpg,data\staging\wash_tower\삼성_비스포크_그랑데_AI\stg_0021.jpg,828,834,skipped_duplicate,2026-05-14T15:37:20
삼성 비스포크 그랑데 AI,삼성 비스포크 그랑데 AI 원바디 Top-Fit 세탁 21kg + 건조 20kg 그레이지,https://smartstore.naver.com/main/products/10443352380,https://shopping-phinf.pstatic.net/main_8798785/87987857429.jpg,data\staging\wash_tower\삼성_비스포크_그랑데_AI\stg_0022.jpg,722,807,skipped_duplicate,2026-05-14T15:37:20
삼성 비스포크 그랑데 AI,삼성전자 비스포크 그랑데 AI 원바디 WH90F2520BBHT 삼성전자물류설치,https://smartstore.naver.com/main/products/12368830785,https://shopping-phinf.pstatic.net/main_8991334/89913341502.jpg,data\staging\wash_tower\삼성_비스포크_그랑데_AI\stg_0023.jpg,1024,1024,approved,2026-05-14T15:37:21
삼성 비스포크 그랑데 AI,삼성 비스포크 그랑데 AI 드럼 세탁기 21kg &amp; 건조기 20kg 세트 화이트,https://smartstore.naver.com/main/products/10986711623,https://shopping-phinf.pstatic.net/main_8853121/88531217676.jpg,data\staging\wash_tower\삼성_비스포크_그랑데_AI\stg_0024.jpg,1284,1375,approved,2026-05-14T15:37:21
삼성 비스포크 그랑데 AI,삼성 비스포크 그랑데 AI 올인원 드럼 세탁기 25kg &amp; 건조기 20kg 세트 그레이지,https://smartstore.naver.com/main/products/8506408669,https://shopping-phinf.pstatic.net/main_8605090/86050908992.jpg,data\staging\wash_tower\삼성_비스포크_그랑데_AI\stg_0025.jpg,828,919,approved,2026-05-14T15:37:22
삼성 비스포크 그랑데 AI,삼성 비스포크 그랑데 AI 올인원 세탁 24kg &amp; 건조 20kg 세트 블랙 캐비어,https://smartstore.naver.com/main/products/5426847614,https://shopping-phinf.pstatic.net/main_8297134/82971341434.1.jpg,data\staging\wash_tower\삼성_비스포크_그랑데_AI\stg_0026.jpg,640,640,approved,2026-05-14T15:37:22
삼성 비스포크 그랑데 AI,삼성 비스포크 그랑데 AI 드럼 세탁기 21kg &amp; 17kg,https://smartstore.naver.com/main/products/13008201055,https://shopping-phinf.pstatic.net/main_9055271/90552712147.jpg,data\staging\wash_tower\삼성_비스포크_그랑데_AI\stg_0027.jpg,1200,1200,approved,2026-05-14T15:37:24
삼성 비스포크 그랑데 AI,삼성 비스포크 그랑데 AI 원바디세탁24kg &amp; 건조20kg,https://smartstore.naver.com/main/products/13008201219,https://shopping-phinf.pstatic.net/main_9055271/90552712311.jpg,data\staging\wash_tower\삼성_비스포크_그랑데_AI\stg_0028.jpg,1200,1200,skipped_duplicate,2026-05-14T15:37:24
삼성 비스포크 그랑데 AI,삼성 비스포크 그랑데AI 원바디 세탁건조기 25/17Kg 가정용 1등급 건조겸용세탁기,https://smartstore.naver.com/main/products/11303447939,https://shopping-phinf.pstatic.net/main_8884795/88847958270.jpg,data\staging\wash_tower\삼성_비스포크_그랑데_AI\stg_0029.jpg,1000,1000,skipped_duplicate,2026-05-14T15:37:25
삼성 비스포크 그랑데 AI,삼성 비스포크 그랑데 AI 드럼 세탁기 24kg &amp; 건조기 20kg 세트 그레이지,https://smartstore.naver.com/main/products/9160093147,https://shopping-phinf.pstatic.net/main_8670459/86704593470.jpg,data\staging\wash_tower\삼성_비스포크_그랑데_AI\stg_0030.jpg,640,640,approved,2026-05-14T15:37:25
삼성 비스포크 그랑데 AI,삼성 비스포크 그랑데 AI 드럼 세탁기 25kg &amp; 건조기 20kg 세트 화이트,https://smartstore.naver.com/main/products/8568542242,https://shopping-phinf.pstatic.net/main_8611304/86113042565.jpg,data\staging\wash_tower\삼성_비스포크_그랑데_AI\stg_0031.jpg,642,680,skipped_duplicate,2026-05-14T15:37:26
삼성 비스포크 그랑데 AI,삼성 비스포크 그랑데 AI 드럼 세탁기 25kg &amp; 건조기 20kg 세트 그레이지,https://smartstore.naver.com/main/products/10619245199,https://shopping-phinf.pstatic.net/main_8816375/88163750848.jpg,data\staging\wash_tower\삼성_비스포크_그랑데_AI\stg_0032.jpg,828,919,skipped_duplicate,2026-05-14T15:37:26
삼성 비스포크 그랑데 AI,삼성 비스포크 그랑데 AI 올인원 드럼 세탁기 24kg &amp; 건조기 20kg 세트 그레이지,https://smartstore.naver.com/main/products/5475185808,https://shopping-phinf.pstatic.net/main_8301968/83019680467.1.jpg,data\staging\wash_tower\삼성_비스포크_그랑데_AI\stg_0033.jpg,640,640,skipped_duplicate,2026-05-14T15:37:27
삼성 비스포크 그랑데 AI,삼성전자 삼성 비스포크 그랑데AI WF24D20CEEC 윤성 전국무료배송,https://link.gmarket.co.kr/gate/pcs?item-no=4254295078&sub-id=1003&service-code=10000003&lcd=100000092,https://shopping-phinf.pstatic.net/main_5415603/54156035536.1.jpg,data\staging\wash_tower\삼성_비스포크_그랑데_AI\stg_0034.jpg,600,600,approved,2026-05-14T15:37:28
삼성 비스포크 그랑데 AI,삼성 비스포크 그랑데 AI 올인원 드럼 세탁기 21kg &amp; 건조기 20kg 세트 그레이지,https://smartstore.naver.com/main/products/9745138005,https://shopping-phinf.pstatic.net/main_8728964/87289640278.jpg,data\staging\wash_tower\삼성_비스포크_그랑데_AI\stg_0035.jpg,828,834,skipped_duplicate,2026-05-14T15:37:29
삼성 비스포크 그랑데 AI,삼성 비스포크 그랑데 AI 드럼 세탁기 24kg &amp; 건조기 20kg 세트 올인원 화이트,https://smartstore.naver.com/main/products/10816173623,https://shopping-phinf.pstatic.net/main_8836067/88360679613.jpg,data\staging\wash_tower\삼성_비스포크_그랑데_AI\stg_0036.jpg,642,680,skipped_duplicate,2026-05-14T15:37:29
삼성 비스포크 그랑데 AI,삼성 비스포크 그랑데 AI 원바디 Top-Fit WH90F2520BBHY 파크,https://smartstore.naver.com/main/products/12361287165,https://shopping-phinf.pstatic.net/main_8990579/89905797882.jpg,data\staging\wash_tower\삼성_비스포크_그랑데_AI\stg_0037.jpg,750,750,approved,2026-05-14T15:37:30
삼성 비스포크 그랑데 AI,삼성 비스포크 그랑데AI 21KG 드럼세탁기 저소음 저진동 펫케어모드 드럼세탁기,https://smartstore.naver.com/main/products/9974182532,https://shopping-phinf.pstatic.net/main_8751868/87518684805.jpg,data\staging\wash_tower\삼성_비스포크_그랑데_AI\stg_0038.jpg,1000,1000,approved,2026-05-14T15:37:30
삼성 비스포크 그랑데 AI,삼성 비스포크 그랑데 AI 올인원 세탁기 25kg 건조기 20kg 세트 23년형,https://smartstore.naver.com/main/products/8815373557,https://shopping-phinf.pstatic.net/main_8635987/86359873880.jpg,data\staging\wash_tower\삼성_비스포크_그랑데_AI\stg_0039.jpg,1490,1490,approved,2026-05-14T15:37:31
삼성 비스포크 그랑데 AI,삼성 비스포크 그랑데 AI 드럼 세탁기 24kg &amp; 건조기 17kg 세트 블랙 캐비어,https://smartstore.naver.com/main/products/9744979816,https://shopping-phinf.pstatic.net/main_8728948/87289482089.jpg,data\staging\wash_tower\삼성_비스포크_그랑데_AI\stg_0040.jpg,828,811,skipped_duplicate,2026-05-14T15:37:32
삼성 비스포크 그랑데 AI,삼성 비스포크 그랑데 AI 드럼 세탁기 24kg &amp; 건조기 20kg 세트 블랙 캐비어,https://smartstore.naver.com/main/products/9160052910,https://shopping-phinf.pstatic.net/main_8670455/86704553233.jpg,data\staging\wash_tower\삼성_비스포크_그랑데_AI\stg_0041.jpg,640,640,approved,2026-05-14T15:37:32
삼성 비스포크 그랑데 AI,삼성전자 삼성전자 삼성 비스포크 그랑데 AI 원바디 세탁+건조 세트 WF2517HDEED,https://link.gmarket.co.kr/gate/pcs?item-no=4283287929&sub-id=1003&service-code=10000003&lcd=100000092,https://shopping-phinf.pstatic.net/main_5558848/55588484287.1.jpg,data\staging\wash_tower\삼성_비스포크_그랑데_AI\stg_0042.jpg,600,600,skipped_duplicate,2026-05-14T15:37:33
삼성 비스포크 그랑데 AI,삼성 비스포크 그랑데 AI 올인원 세탁기 25kg 건조기 20kg 1등급 라이트베이지,https://smartstore.naver.com/main/products/10077517588,https://shopping-phinf.pstatic.net/main_8762202/87622020241.jpg,data\staging\wash_tower\삼성_비스포크_그랑데_AI\stg_0043.jpg,1488,1488,approved,2026-05-14T15:37:34
삼성 비스포크 그랑데 AI,삼성 비스포크 그랑데 AI 올인원 드럼 세탁기 21kg &amp; 건조기 20kg 세트 블랙캐비어,https://smartstore.naver.com/main/products/10061988864,https://shopping-phinf.pstatic.net/main_8760649/87606491439.jpg,data\staging\wash_tower\삼성_비스포크_그랑데_AI\stg_0044.jpg,736,772,approved,2026-05-14T15:37:34
삼성 비스포크 그랑데 AI,삼성전자 삼성 비스포크 그랑데 AI 원바디 세탁+건조 세트 WF2120HDVVC,https://link.gmarket.co.kr/gate/pcs?item-no=4190208017&sub-id=1003&service-code=10000003&lcd=100000092,https://shopping-phinf.pstatic.net/main_5415645/54156456078.1.jpg,data\staging\wash_tower\삼성_비스포크_그랑데_AI\stg_0045.jpg,600,600,approved,2026-05-14T15:37:35
삼성 비스포크 그랑데 AI,삼성 비스포크 그랑데 AI 원바디 Top-Fit 세탁 25kg + 건조 20kg 그레이지,https://smartstore.naver.com/main/products/12069742543,https://shopping-phinf.pstatic.net/main_8961425/89614253242.jpg,data\staging\wash_tower\삼성_비스포크_그랑데_AI\stg_0046.jpg,722,807,skipped_duplicate,2026-05-14T15:37:35
삼성 비스포크 그랑데 AI,삼성전자 삼성 비스포크 그랑데 AI 원바디 세탁기 + 건조기 WF2522HDFFA 배송무료,https://link.gmarket.co.kr/gate/pcs?item-no=4541301914&sub-id=1003&service-code=10000003&lcd=100000092,https://shopping-phinf.pstatic.net/main_5679504/56795040752.1.jpg,data\staging\wash_tower\삼성_비스포크_그랑데_AI\stg_0047.jpg,640,640,skipped_duplicate,2026-05-14T15:37:36
삼성 비스포크 그랑데 AI,삼성전자 삼성 비스포크 그랑데 AI 원바디 세탁기 + 건조기 WF2522HDFFA 배송무료,https://link.gmarket.co.kr/gate/pcs?item-no=4541301934&sub-id=1003&service-code=10000003&lcd=100000092,https://shopping-phinf.pstatic.net/main_5679435/56794357024.1.jpg,data\staging\wash_tower\삼성_비스포크_그랑데_AI\stg_0048.jpg,640,640,skipped_duplicate,2026-05-14T15:37:37
삼성 비스포크 그랑데 AI,삼성 비스포크 그랑데 AI 원바디 탑핏 세탁기 24kg 건조기 20kg 일체형 23년형,https://smartstore.naver.com/main/products/9526463314,https://shopping-phinf.pstatic.net/main_8707096/87070965584.jpg,data\staging\wash_tower\삼성_비스포크_그랑데_AI\stg_0049.jpg,1490,1490,approved,2026-05-14T15:37:37
삼성 비스포크 그랑데 AI,삼성 비스포크 그랑데 AI 원바디 세탁 25kg + 건조 22kg 그레이지 오토오픈도어,https://smartstore.naver.com/main/products/12710494825,https://shopping-phinf.pstatic.net/main_9025500/90255005749.jpg,data\staging\wash_tower\삼성_비스포크_그랑데_AI\stg_0050.jpg,722,807,skipped_duplicate,2026-05-14T15:37:38
삼성 비스포크 그랑데 AI,삼성전자 비스포크 그랑데 AI 슬림 세탁기 13KG WW13BB844DGH 화이트 전국설치,https://smartstore.naver.com/main/products/13242560880,https://shopping-phinf.pstatic.net/main_9078707/90787071212.jpg,data\staging\wash_tower\삼성_비스포크_그랑데_AI\stg_0051.jpg,500,500,deleted,2026-05-14T15:37:38
삼성 비스포크 그랑데 AI,삼성 비스포크 그랑데 AI 세탁24kg &amp; 건조20kg-화이트,https://smartstore.naver.com/main/products/10142890848,https://shopping-phinf.pstatic.net/main_8768739/87687394052.2.jpg,data\staging\wash_tower\삼성_비스포크_그랑데_AI\stg_0052.jpg,1000,1000,skipped_duplicate,2026-05-14T15:37:39
삼성 비스포크 그랑데 AI,삼성전자 삼성전자 비스포크 그랑데AI 원바디 WF2520HCWWA 포유,https://link.gmarket.co.kr/gate/pcs?item-no=3613199895&sub-id=1003&service-code=10000003&lcd=100000092,https://shopping-phinf.pstatic.net/main_5476979/54769792020.1.jpg,data\staging\wash_tower\삼성_비스포크_그랑데_AI\stg_0053.jpg,600,600,skipped_duplicate,2026-05-14T15:37:39
삼성 비스포크 그랑데 AI,삼성 비스포크 그랑데 AI 원바디 세탁기 + 건조기 WF2522HDFFA etv 배송무료,https://www.11st.co.kr/connect/Gateway.tmall?method=Xsite&prdNo=7246281656&tid=1000000061,https://shopping-phinf.pstatic.net/main_5994260/59942602001.jpg,data\staging\wash_tower\삼성_비스포크_그랑데_AI\stg_0054.jpg,900,900,skipped_duplicate,2026-05-14T15:37:40
삼성 비스포크 그랑데 AI,삼성 비스포크 그랑데 AI 세탁기 건조기 세트 24kg 20kg 1등급 화이트,https://www.11st.co.kr/connect/Gateway.tmall?method=Xsite&prdNo=8820810811&tid=1000000061,https://shopping-phinf.pstatic.net/main_5989969/59899693205.jpg,data\staging\wash_tower\삼성_비스포크_그랑데_AI\stg_0055.jpg,900,900,deleted,2026-05-14T15:37:40
삼성 비스포크 그랑데 AI,삼성 비스포크 그랑데 AI 24kg 20kg 세탁기 건조기 세트 올인원 인버터 1등급 그레,https://www.11st.co.kr/connect/Gateway.tmall?method=Xsite&prdNo=8820780548&tid=1000000061,https://shopping-phinf.pstatic.net/main_5989955/59899558155.jpg,data\staging\wash_tower\삼성_비스포크_그랑데_AI\stg_0056.jpg,900,900,skipped_duplicate,2026-05-14T15:37:41
삼성 비스포크 그랑데 AI,삼성 비스포크 그랑데 AI 세탁기 24kg + 건조기 17kg 이눅스,https://www.11st.co.kr/connect/Gateway.tmall?method=Xsite&prdNo=5363693577&tid=1000000061,https://shopping-phinf.pstatic.net/main_5950821/59508213088.jpg,data\staging\wash_tower\삼성_비스포크_그랑데_AI\stg_0057.jpg,900,900,approved,2026-05-14T15:37:41
삼성 비스포크 그랑데 AI,삼성 비스포크 그랑데 AI 24kg 20kg 세탁기 건조기 세트 1등급 화이트,https://www.11st.co.kr/connect/Gateway.tmall?method=Xsite&prdNo=8820843058&tid=1000000061,https://shopping-phinf.pstatic.net/main_5929136/59291365984.jpg,data\staging\wash_tower\삼성_비스포크_그랑데_AI\stg_0058.jpg,900,900,deleted,2026-05-14T15:37:42
삼성 비스포크 그랑데 AI,삼성 비스포크 그랑데 AI WF2522HDEEK (세탁+건조) 정우 전국무료배송,http://shinsegaemall.ssg.com/item/itemView.ssg?itemId=1000795257120&siteNo=6004&salestrNo=6005&ckwhere=s_naver&appPopYn=n&utm_medium=PCS&utm_source=naver&utm_campaign=naver_pcs,https://shopping-phinf.pstatic.net/main_5903242/59032428897.jpg,data\staging\wash_tower\삼성_비스포크_그랑데_AI\stg_0059.jpg,350,350,approved,2026-05-14T15:37:43
삼성 비스포크 그랑데 AI,삼성 비스포크 그랑데 AI WF2522HDEEK (세탁+건조) 정우 전국무료배송,http://www.ssg.com/item/itemView.ssg?itemId=1000795257120&siteNo=6001&salestrNo=6005&ckwhere=ssg_naver&appPopYn=n&utm_medium=PCS&utm_source=naver&utm_campaign=naver_pcs,https://shopping-phinf.pstatic.net/main_5903237/59032371897.jpg,data\staging\wash_tower\삼성_비스포크_그랑데_AI\stg_0060.jpg,350,350,skipped_duplicate,2026-05-14T15:37:44
삼성 비스포크 그랑데 AI,삼성 비스포크 그랑데 AI WF2522HDEEK (세탁+건조) 정우 전국무료배송,http://emart.ssg.com/item/itemView.ssg?itemId=1000795257120&siteNo=6001&ckwhere=naver&appPopYn=n&utm_medium=PCS&utm_source=naver&utm_campaign=naver_pcs,https://shopping-phinf.pstatic.net/main_5903241/59032416549.jpg,data\staging\wash_tower\삼성_비스포크_그랑데_AI\stg_0061.jpg,350,350,skipped_duplicate,2026-05-14T15:37:44
삼성 비스포크 그랑데 AI,삼성전자 비스포크 그랑데 AI WF24A9500KE + DV20A9740CE,https://smartstore.naver.com/main/products/10198234274,https://shopping-phinf.pstatic.net/main_8774273/87742737735.jpg,data\staging\wash_tower\삼성_비스포크_그랑데_AI\stg_0062.jpg,1000,1460,approved,2026-05-14T15:37:45
삼성 비스포크 그랑데 AI,삼성 비스포크 그랑데 AI 세탁기 24kg + 건조기 19kg 블랙,https://www.11st.co.kr/connect/Gateway.tmall?method=Xsite&prdNo=6056506675&tid=1000000061,https://shopping-phinf.pstatic.net/main_5841824/58418241453.jpg,data\staging\wash_tower\삼성_비스포크_그랑데_AI\stg_0063.jpg,900,900,approved,2026-05-14T15:37:45
삼성 비스포크 그랑데 AI,삼성 비스포크 그랑데 AI 세탁기 24kg + 건조기 17kg 화이트,https://www.11st.co.kr/connect/Gateway.tmall?method=Xsite&prdNo=5363559811&tid=1000000061,https://shopping-phinf.pstatic.net/main_5841813/58418131523.jpg,data\staging\wash_tower\삼성_비스포크_그랑데_AI\stg_0064.jpg,900,900,approved,2026-05-14T15:37:46
삼성 비스포크 그랑데 AI,삼성 비스포크 그랑데 AI 드럼 세탁기 21kg &amp; 17kg,https://smartstore.naver.com/main/products/12907341021,https://shopping-phinf.pstatic.net/main_9045185/90451852013.jpg,data\staging\wash_tower\삼성_비스포크_그랑데_AI\stg_0065.jpg,1200,1200,skipped_duplicate,2026-05-14T15:37:46
삼성 비스포크 그랑데 AI,삼성 비스포크 그랑데 AI 세탁기 21kg + 건조기 17kg 블랙케비어,https://www.11st.co.kr/connect/Gateway.tmall?method=Xsite&prdNo=5314705851&tid=1000000061,https://shopping-phinf.pstatic.net/main_5841792/58417923388.jpg,data\staging\wash_tower\삼성_비스포크_그랑데_AI\stg_0066.jpg,900,900,approved,2026-05-14T15:37:47
삼성 비스포크 그랑데 AI,삼성 비스포크 그랑데 AI 원바디세탁24kg &amp; 건조20kg,https://smartstore.naver.com/main/products/12907336587,https://shopping-phinf.pstatic.net/main_9045184/90451847579.jpg,data\staging\wash_tower\삼성_비스포크_그랑데_AI\stg_0067.jpg,1200,1200,skipped_duplicate,2026-05-14T15:37:48
삼성 비스포크 그랑데 AI,삼성 비스포크 그랑데 AI 세탁기 24kg - 화이트,https://smartstore.naver.com/main/products/10142743444,https://shopping-phinf.pstatic.net/main_8768724/87687246648.2.jpg,data\staging\wash_tower\삼성_비스포크_그랑데_AI\stg_0068.jpg,1000,1000,deleted,2026-05-14T15:37:48
삼성 비스포크 그랑데 AI,삼성 비스포크 그랑데 AI 드럼 세탁&amp;건조기 21kg&amp;17kg,https://smartstore.naver.com/main/products/11294618253,https://shopping-phinf.pstatic.net/main_8883912/88839128584.1.jpg,data\staging\wash_tower\삼성_비스포크_그랑데_AI\stg_0069.jpg,1000,1000,skipped_duplicate,2026-05-14T15:37:49
삼성 비스포크 그랑데 AI,삼성전자 삼성 비스포크 그랑데 AI 24+19 WF24DV19BBL 세트상품,https://www.lotteon.com/p/product/LO2582646951?sitmNo=LO2582646951_2582646952&ch_no=100065&ch_dtl_no=1000030&entryPoint=pcs&dp_infw_cd=CHT,https://shopping-phinf.pstatic.net/main_5792992/57929922287.jpg,data\staging\wash_tower\삼성_비스포크_그랑데_AI\stg_0070.jpg,800,800,skipped_duplicate,2026-05-14T15:37:49
삼성 비스포크 그랑데 AI,삼성전자 삼성 비스포크 그랑데 AI 24+19 WF24DV19SSL 세트상품,https://www.lotteon.com/p/product/LO2582646949?sitmNo=LO2582646949_2582646950&ch_no=100065&ch_dtl_no=1000030&entryPoint=pcs&dp_infw_cd=CHT,https://shopping-phinf.pstatic.net/main_5792993/57929931503.jpg,data\staging\wash_tower\삼성_비스포크_그랑데_AI\stg_0071.jpg,800,800,skipped_duplicate,2026-05-14T15:37:50
삼성 비스포크 그랑데 AI,삼성 비스포크 그랑데 AI WF80F2520BDHW 윤성 전국무료배송,http://shinsegaemall.ssg.com/item/itemView.ssg?itemId=1000728547719&siteNo=6004&salestrNo=6005&ckwhere=s_naver&appPopYn=n&utm_medium=PCS&utm_source=naver&utm_campaign=naver_pcs,https://shopping-phinf.pstatic.net/main_5692658/56926589707.jpg,data\staging\wash_tower\삼성_비스포크_그랑데_AI\stg_0072.jpg,350,350,approved,2026-05-14T15:37:50
삼성 비스포크 그랑데 AI,삼성 비스포크 그랑데 AI WF80F2520BDHT 윤성 전국무료배송,http://emart.ssg.com/item/itemView.ssg?itemId=1000728542639&siteNo=6001&ckwhere=naver&appPopYn=n&utm_medium=PCS&utm_source=naver&utm_campaign=naver_pcs,https://shopping-phinf.pstatic.net/main_5692667/56926671427.jpg,data\staging\wash_tower\삼성_비스포크_그랑데_AI\stg_0073.jpg,350,350,approved,2026-05-14T15:37:51
삼성 비스포크 그랑데 AI,삼성 비스포크 그랑데 AI WF80F2520BDHY 윤성 전국무료배송,http://emart.ssg.com/item/itemView.ssg?itemId=1000728539975&siteNo=6001&ckwhere=naver&appPopYn=n&utm_medium=PCS&utm_source=naver&utm_campaign=naver_pcs,https://shopping-phinf.pstatic.net/main_5692667/56926678457.jpg,data\staging\wash_tower\삼성_비스포크_그랑데_AI\stg_0074.jpg,350,350,skipped_duplicate,2026-05-14T15:37:51
삼성 비스포크 그랑데 AI,삼성 비스포크 그랑데 AI WF80F2520BDHT 윤성 전국무료배송,http://www.ssg.com/item/itemView.ssg?itemId=1000728542639&siteNo=6001&salestrNo=6005&ckwhere=ssg_naver&appPopYn=n&utm_medium=PCS&utm_source=naver&utm_campaign=naver_pcs,https://shopping-phinf.pstatic.net/main_5692666/56926661290.jpg,data\staging\wash_tower\삼성_비스포크_그랑데_AI\stg_0075.jpg,350,350,skipped_duplicate,2026-05-14T15:37:52
삼성 비스포크 그랑데 AI,삼성 비스포크 그랑데 AI WF80F2520BDHY 윤성 전국무료배송,http://www.ssg.com/item/itemView.ssg?itemId=1000728539975&siteNo=6001&salestrNo=6005&ckwhere=ssg_naver&appPopYn=n&utm_medium=PCS&utm_source=naver&utm_campaign=naver_pcs,https://shopping-phinf.pstatic.net/main_5692660/56926602691.jpg,data\staging\wash_tower\삼성_비스포크_그랑데_AI\stg_0076.jpg,350,350,skipped_duplicate,2026-05-14T15:37:53
삼성 비스포크 그랑데 AI,삼성 비스포크 그랑데 AI WF80F2520BDHT 윤성 전국무료배송,http://shinsegaemall.ssg.com/item/itemView.ssg?itemId=1000728542639&siteNo=6004&salestrNo=6005&ckwhere=s_naver&appPopYn=n&utm_medium=PCS&utm_source=naver&utm_campaign=naver_pcs,https://shopping-phinf.pstatic.net/main_5692661/56926615264.jpg,data\staging\wash_tower\삼성_비스포크_그랑데_AI\stg_0077.jpg,350,350,skipped_duplicate,2026-05-14T15:37:53
삼성 비스포크 그랑데 AI,삼성전자 삼성 비스포크 그랑데AI 세탁기 + 건조기 WF25D20BVVLA 배송무료,https://www.lotteon.com/p/product/LO2047889298?sitmNo=LO2047889298_2047889299&ch_no=100065&ch_dtl_no=1000030&entryPoint=pcs&dp_infw_cd=CHT,https://shopping-phinf.pstatic.net/main_3701799/37017995019.1.jpg,data\staging\wash_tower\삼성_비스포크_그랑데_AI\stg_0078.jpg,800,800,approved,2026-05-14T15:37:54
삼성 비스포크 그랑데 AI,삼성 비스포크 그랑데 AI WF80F2520BDHW 윤성 전국무료배송,http://emart.ssg.com/item/itemView.ssg?itemId=1000728547719&siteNo=6001&ckwhere=naver&appPopYn=n&utm_medium=PCS&utm_source=naver&utm_campaign=naver_pcs,https://shopping-phinf.pstatic.net/main_5692663/56926636909.jpg,data\staging\wash_tower\삼성_비스포크_그랑데_AI\stg_0079.jpg,350,350,skipped_duplicate,2026-05-14T15:37:55
삼성 비스포크 그랑데 AI,삼성전자 삼성 비스포크 그랑데AI 세탁기 + 건조기 WF25D20BFFL NS홈쇼핑,https://www.lotteon.com/p/product/LO1963493697?sitmNo=LO1963493697_1963493698&ch_no=100065&ch_dtl_no=1000030&entryPoint=pcs&dp_infw_cd=CHT,https://shopping-phinf.pstatic.net/main_3454053/34540536204.1.jpg,data\staging\wash_tower\삼성_비스포크_그랑데_AI\stg_0080.jpg,800,800,approved,2026-05-14T15:37:55
삼성 비스포크 그랑데 AI,삼성 비스포크 그랑데 AI WF80F2520BDHY 윤성 전국무료배송,http://shinsegaemall.ssg.com/item/itemView.ssg?itemId=1000728539975&siteNo=6004&salestrNo=6005&ckwhere=s_naver&appPopYn=n&utm_medium=PCS&utm_source=naver&utm_campaign=naver_pcs,https://shopping-phinf.pstatic.net/main_5692664/56926640983.jpg,data\staging\wash_tower\삼성_비스포크_그랑데_AI\stg_0081.jpg,350,350,skipped_duplicate,2026-05-14T15:37:56
삼성 비스포크 그랑데 AI,삼성 비스포크 그랑데 AI WF80F2520BDHW 윤성 전국무료배송,http://www.ssg.com/item/itemView.ssg?itemId=1000728547719&siteNo=6001&salestrNo=6005&ckwhere=ssg_naver&appPopYn=n&utm_medium=PCS&utm_source=naver&utm_campaign=naver_pcs,https://shopping-phinf.pstatic.net/main_5692660/56926603553.jpg,data\staging\wash_tower\삼성_비스포크_그랑데_AI\stg_0082.jpg,350,350,skipped_duplicate,2026-05-14T15:37:57
삼성 비스포크 그랑데 AI,삼성 비스포크 그랑데 AI WF2522HDEEK (세탁+건조) 윤성 전국무료배송,http://emart.ssg.com/item/itemView.ssg?itemId=1000751884339&siteNo=6001&ckwhere=naver&appPopYn=n&utm_medium=PCS&utm_source=naver&utm_campaign=naver_pcs,https://shopping-phinf.pstatic.net/main_5764032/57640325789.jpg,data\staging\wash_tower\삼성_비스포크_그랑데_AI\stg_0083.jpg,350,350,skipped_duplicate,2026-05-14T15:37:57
삼성 비스포크 그랑데 AI,삼성 비스포크 그랑데 AI WF2522HDEEK (세탁+건조) 윤성 전국무료배송,http://www.ssg.com/item/itemView.ssg?itemId=1000751884339&siteNo=6001&salestrNo=6005&ckwhere=ssg_naver&appPopYn=n&utm_medium=PCS&utm_source=naver&utm_campaign=naver_pcs,https://shopping-phinf.pstatic.net/main_5764045/57640452669.jpg,data\staging\wash_tower\삼성_비스포크_그랑데_AI\stg_0084.jpg,350,350,skipped_duplicate,2026-05-14T15:37:58
삼성 비스포크 그랑데 AI,삼성 비스포크 그랑데 AI WF2522HDEEK (세탁+건조) 윤성 전국무료배송,http://shinsegaemall.ssg.com/item/itemView.ssg?itemId=1000751884339&siteNo=6004&salestrNo=6005&ckwhere=s_naver&appPopYn=n&utm_medium=PCS&utm_source=naver&utm_campaign=naver_pcs,https://shopping-phinf.pstatic.net/main_5764041/57640416479.jpg,data\staging\wash_tower\삼성_비스포크_그랑데_AI\stg_0085.jpg,350,350,skipped_duplicate,2026-05-14T15:37:58
삼성 비스포크 그랑데 AI,삼성 비스포크 그랑데 AI 건조기 22kg 세탁기 24kg 올인원 1등급 화이트,https://smartstore.naver.com/main/products/11650053202,https://shopping-phinf.pstatic.net/main_8919456/89194563668.jpg,data\staging\wash_tower\삼성_비스포크_그랑데_AI\stg_0086.jpg,1000,1000,skipped_duplicate,2026-05-14T15:37:59
삼성 비스포크 그랑데 AI,삼성 비스포크 그랑데 AI 세탁기 건조기 올인원 24kg+20kg 1등급 그레이지,https://smartstore.naver.com/main/products/11650031977,https://shopping-phinf.pstatic.net/main_8919454/89194542443.jpg,data\staging\wash_tower\삼성_비스포크_그랑데_AI\stg_0087.jpg,1000,1000,approved,2026-05-14T15:37:59
삼성 비스포크 그랑데 AI,삼성 비스포크 그랑데 AI 원바디 세탁건조기 WF2420HCVVC 60개월 76000,http://shinsegaemall.ssg.com/item/itemView.ssg?itemId=1000722418669&siteNo=6004&salestrNo=6005&ckwhere=s_naver&appPopYn=n&utm_medium=PCS&utm_source=naver&utm_campaign=naver_pcs,https://shopping-phinf.pstatic.net/main_5665743/56657435590.jpg,data\staging\wash_tower\삼성_비스포크_그랑데_AI\stg_0088.jpg,350,350,deleted,2026-05-14T15:38:00
삼성 비스포크 그랑데 AI,삼성 비스포크 그랑데 AI 원바디 세탁건조기 WF2420HCVVC 60개월 76000,http://www.ssg.com/item/itemView.ssg?itemId=1000722418669&siteNo=6001&salestrNo=6005&ckwhere=ssg_naver&appPopYn=n&utm_medium=PCS&utm_source=naver&utm_campaign=naver_pcs,https://shopping-phinf.pstatic.net/main_5665717/56657172960.jpg,data\staging\wash_tower\삼성_비스포크_그랑데_AI\stg_0089.jpg,350,350,deleted,2026-05-14T15:38:01
삼성 비스포크 그랑데 AI,삼성 비스포크 그랑데 AI 원바디 WH90F2120GBH 윤성 전국무료배송,http://emart.ssg.com/item/itemView.ssg?itemId=1000755091570&siteNo=6001&ckwhere=naver&appPopYn=n&utm_medium=PCS&utm_source=naver&utm_campaign=naver_pcs,https://shopping-phinf.pstatic.net/main_5776555/57765554555.jpg,data\staging\wash_tower\삼성_비스포크_그랑데_AI\stg_0090.jpg,350,350,approved,2026-05-14T15:38:01
삼성 비스포크 그랑데 AI,삼성 비스포크 그랑데 AI 원바디 WH90F2120GBH 윤성 전국무료배송,http://shinsegaemall.ssg.com/item/itemView.ssg?itemId=1000755091570&siteNo=6004&salestrNo=6005&ckwhere=s_naver&appPopYn=n&utm_medium=PCS&utm_source=naver&utm_campaign=naver_pcs,https://shopping-phinf.pstatic.net/main_5776565/57765657506.jpg,data\staging\wash_tower\삼성_비스포크_그랑데_AI\stg_0091.jpg,350,350,skipped_duplicate,2026-05-14T15:38:02
삼성 비스포크 그랑데 AI,삼성 비스포크 그랑데 AI 원바디 세탁건조기 WF2420HCEEC 60개월 76000,http://emart.ssg.com/item/itemView.ssg?itemId=1000722418670&siteNo=6001&ckwhere=naver&appPopYn=n&utm_medium=PCS&utm_source=naver&utm_campaign=naver_pcs,https://shopping-phinf.pstatic.net/main_5665742/56657425956.jpg,data\staging\wash_tower\삼성_비스포크_그랑데_AI\stg_0092.jpg,350,350,deleted,2026-05-14T15:38:03
삼성 비스포크 그랑데 AI,삼성 비스포크 그랑데 AI 원바디 세탁건조기 WF2420HCVVC 60개월 76000,http://emart.ssg.com/item/itemView.ssg?itemId=1000722418669&siteNo=6001&ckwhere=naver&appPopYn=n&utm_medium=PCS&utm_source=naver&utm_campaign=naver_pcs,https://shopping-phinf.pstatic.net/main_5665761/56657610311.jpg,data\staging\wash_tower\삼성_비스포크_그랑데_AI\stg_0093.jpg,350,350,deleted,2026-05-14T15:38:03
삼성 비스포크 그랑데 AI,삼성 비스포크그랑데 AI 원바디 세탁기건조기세트 WF2420HCEEC 60개월 83900,http://www.ssg.com/item/itemView.ssg?itemId=1000642695203&siteNo=6001&salestrNo=6005&ckwhere=ssg_naver&appPopYn=n&utm_medium=PCS&utm_source=naver&utm_campaign=naver_pcs,https://shopping-phinf.pstatic.net/main_5259521/52595217326.jpg,data\staging\wash_tower\삼성_비스포크_그랑데_AI\stg_0094.jpg,350,350,deleted,2026-05-14T15:38:04
삼성 비스포크 그랑데 AI,삼성 비스포크 그랑데 AI 원바디 세탁건조기 WF2420HCEEC 60개월 76000,http://www.ssg.com/item/itemView.ssg?itemId=1000722418670&siteNo=6001&salestrNo=6005&ckwhere=ssg_naver&appPopYn=n&utm_medium=PCS&utm_source=naver&utm_campaign=naver_pcs,https://shopping-phinf.pstatic.net/main_5665727/56657279109.jpg,data\staging\wash_tower\삼성_비스포크_그랑데_AI\stg_0095.jpg,350,350,deleted,2026-05-14T15:38:05
삼성 비스포크 그랑데 AI,삼성 비스포크 그랑데 AI 원바디 세탁건조기 WF2420HCEEC 60개월 76000,http://shinsegaemall.ssg.com/item/itemView.ssg?itemId=1000722418670&siteNo=6004&salestrNo=6005&ckwhere=s_naver&appPopYn=n&utm_medium=PCS&utm_source=naver&utm_campaign=naver_pcs,https://shopping-phinf.pstatic.net/main_5665726/56657265534.jpg,data\staging\wash_tower\삼성_비스포크_그랑데_AI\stg_0096.jpg,350,350,deleted,2026-05-14T15:38:06
삼성 비스포크 그랑데 AI,삼성 비스포크그랑데 AI 원바디 세탁기건조기세트 WF2420HCEEC 60개월 83900,http://shinsegaemall.ssg.com/item/itemView.ssg?itemId=1000642695203&siteNo=6004&salestrNo=6005&ckwhere=s_naver&appPopYn=n&utm_medium=PCS&utm_source=naver&utm_campaign=naver_pcs,https://shopping-phinf.pstatic.net/main_5259527/52595275269.jpg,data\staging\wash_tower\삼성_비스포크_그랑데_AI\stg_0097.jpg,350,350,deleted,2026-05-14T15:38:06
삼성 비스포크 그랑데 AI,삼성 비스포크 그랑데 AI 원바디 WH90F2120GBH 윤성 전국무료배송,http://www.ssg.com/item/itemView.ssg?itemId=1000755091570&siteNo=6001&salestrNo=6005&ckwhere=ssg_naver&appPopYn=n&utm_medium=PCS&utm_source=naver&utm_campaign=naver_pcs,https://shopping-phinf.pstatic.net/main_5776548/57765489463.jpg,data\staging\wash_tower\삼성_비스포크_그랑데_AI\stg_0098.jpg,350,350,skipped_duplicate,2026-05-14T15:38:07
삼성 비스포크 그랑데 AI,삼성 비스포크 그랑데 AI 원바디 그레이지 올인원 일체형 세탁기 건조기 25kg+20kg,https://smartstore.naver.com/main/products/11650096457,https://shopping-phinf.pstatic.net/main_8919460/89194606923.jpg,data\staging\wash_tower\삼성_비스포크_그랑데_AI\stg_0099.jpg,1000,1000,skipped_duplicate,2026-05-14T15:38:07
삼성 그랑데 AI 세탁건조기,삼성 그랑데 AI 세탁기 건조기 일체형 AI 25KG +21KG 세트 1등급 화이트,https://smartstore.naver.com/main/products/13093012648,https://shopping-phinf.pstatic.net/main_9063752/90637523740.jpg,data\staging\wash_tower\삼성_그랑데_AI_세탁건조기\stg_0000.jpg,1080,1080,approved,2026-05-14T15:38:08
삼성 그랑데 AI 세탁건조기,삼성 세탁기 렌탈 비스포크 그랑데 AI 화이트 60개월약정 WF24CB8850BW,https://rentalstores.cafe24.com/product/detail.html?product_no=570,https://shopping-phinf.pstatic.net/main_5867077/58670779640.jpg,data\staging\wash_tower\삼성_그랑데_AI_세탁건조기\stg_0001.jpg,1890,1890,deleted,2026-05-14T15:38:09
삼성 그랑데 AI 세탁건조기,삼성 비스포크 그랑데 AI 원바디 Top-Fit 세탁 21kg + 건조 20kg 화이트,https://smartstore.naver.com/main/products/10443380721,https://shopping-phinf.pstatic.net/main_8798788/87987885770.jpg,data\staging\wash_tower\삼성_그랑데_AI_세탁건조기\stg_0002.jpg,704,646,approved,2026-05-14T15:38:09
삼성 그랑데 AI 세탁건조기,삼성 드럼 세탁기 렌탈 그랑데AI 21kg WF21CB6650BW 60개월의무,http://hothae33.rentbiz.kr/shop/view.php?index_no=13070,https://shopping-phinf.pstatic.net/main_5147161/51471618412.jpg,data\staging\wash_tower\삼성_그랑데_AI_세탁건조기\stg_0003.jpg,600,600,deleted,2026-05-14T15:38:10
삼성 그랑데 AI 세탁건조기,삼성 비스포크 그랑데 AI 원바디 Top-Fit 세탁 24kg + 건조 20kg 그레이지,https://smartstore.naver.com/main/products/9523007777,https://shopping-phinf.pstatic.net/main_8706751/87067510047.1.jpg,data\staging\wash_tower\삼성_그랑데_AI_세탁건조기\stg_0004.jpg,722,807,approved,2026-05-14T15:38:11
삼성 그랑데 AI 세탁건조기,삼성 비스포크 그랑데 AI 원바디 Top-Fit 세탁 24kg + 건조 20kg 화이트,https://smartstore.naver.com/main/products/9522188882,https://shopping-phinf.pstatic.net/main_8706669/87066691143.jpg,data\staging\wash_tower\삼성_그랑데_AI_세탁건조기\stg_0005.jpg,704,646,skipped_duplicate,2026-05-14T15:38:11
삼성 그랑데 AI 세탁건조기,삼성전자 그랑데AI 원바디 타워형 세탁기 25kg 건조기 22kg 가정용 드럼세탁건조기,https://smartstore.naver.com/main/products/12343968415,https://shopping-phinf.pstatic.net/main_8988847/89888479132.jpg,data\staging\wash_tower\삼성_그랑데_AI_세탁건조기\stg_0006.jpg,800,800,approved,2026-05-14T15:38:11
삼성 그랑데 AI 세탁건조기,삼성 드럼 세탁기 렌탈 그랑데AI 21kg WF21CB6650BW 5년약정,http://hothae33.rentbiz.kr/shop/view.php?index_no=13704,https://shopping-phinf.pstatic.net/main_5147209/51472098281.jpg,data\staging\wash_tower\삼성_그랑데_AI_세탁건조기\stg_0007.jpg,600,600,deleted,2026-05-14T15:38:12
삼성 그랑데 AI 세탁건조기,삼성 비스포크 그랑데 AI 드럼 세탁기 21kg 그레이지,https://smartstore.naver.com/main/products/10140325767,https://shopping-phinf.pstatic.net/main_8768482/87684828968.jpg,data\staging\wash_tower\삼성_그랑데_AI_세탁건조기\stg_0008.jpg,640,640,deleted,2026-05-14T15:38:13
삼성 그랑데 AI 세탁건조기,삼성 그랑데 AI 드럼 세탁기 21kg + 건조기 21kg 세트 상단설치 화이트,https://smartstore.naver.com/main/products/11537301097,https://shopping-phinf.pstatic.net/main_8908181/89081811503.jpg,data\staging\wash_tower\삼성_그랑데_AI_세탁건조기\stg_0009.jpg,1105,1281,skipped_duplicate,2026-05-14T15:38:13
삼성 그랑데 AI 세탁건조기,삼성 드럼 세탁기 렌탈 그랑데AI 24kg WF24CB8650BW 의무60개월,http://inssar.rentbiz.kr/shop/view.php?index_no=8957,https://shopping-phinf.pstatic.net/main_5991952/59919522511.jpg,data\staging\wash_tower\삼성_그랑데_AI_세탁건조기\stg_0010.jpg,600,600,deleted,2026-05-14T15:38:14
삼성 그랑데 AI 세탁건조기,삼성전자 BESPOKE 그랑데 AI 드럼세탁기 + 건조기 WF24B8200KV2L 24kg + 20kg + 상단 설치키트 세트 방문설치  블랙캐비어,https://link.coupang.com/re/PCSNAVERPCSDP?pageKey=6930521109&ctag=6930521109&lptag=I20166644531&itemId=20166644531&vendorItemId=89940852423&spec=10305199,https://shopping-phinf.pstatic.net/main_5498936/54989362211.3.jpg,data\staging\wash_tower\삼성_그랑데_AI_세탁건조기\stg_0011.jpg,500,500,approved,2026-05-14T15:38:14
삼성 그랑데 AI 세탁건조기,삼성 비스포크 그랑데 AI 드럼 세탁기 25kg 블랙 캐비어 올인원컨트롤/세제자동투입,https://smartstore.naver.com/main/products/10140263895,https://shopping-phinf.pstatic.net/main_8768476/87684767096.jpg,data\staging\wash_tower\삼성_그랑데_AI_세탁건조기\stg_0012.jpg,640,640,deleted,2026-05-14T15:38:15
삼성 그랑데 AI 세탁건조기,삼성전자 BESPOKE 그랑데AI 드럼세탁기 WF24A9500KW 24kg+건조기 DV17A9740CW 17kg+직렬설치 패키지 방문설치  WF24A9500KW  DV17A9740,https://link.coupang.com/re/PCSNAVERPCSDP?pageKey=5574468909&ctag=5574468909&lptag=I8889204557&itemId=8889204557&vendorItemId=89941422070&spec=10305199,https://shopping-phinf.pstatic.net/main_5870368/58703686060.jpg,data\staging\wash_tower\삼성_그랑데_AI_세탁건조기\stg_0013.jpg,693,693,approved,2026-05-14T15:38:15
삼성 그랑데 AI 세탁건조기,삼성 비스포크 그랑데 AI 원바디 Top-Fit 세탁 25kg + 건조 20kg 블랙 세제자동투입,https://smartstore.naver.com/main/products/12069729553,https://shopping-phinf.pstatic.net/main_8961424/89614240252.jpg,data\staging\wash_tower\삼성_그랑데_AI_세탁건조기\stg_0014.jpg,1284,1279,approved,2026-05-14T15:38:16
삼성 그랑데 AI 세탁건조기,[삼성] 비스포크 그랑데AI 세탁기 + 건조기 WF25D20BWWLB 전국무료,https://www.11st.co.kr/connect/Gateway.tmall?method=Xsite&prdNo=5238956623&tid=1000000061,https://shopping-phinf.pstatic.net/main_4612770/46127706552.3.jpg,data\staging\wash_tower\삼성_그랑데_AI_세탁건조기\stg_0015.jpg,900,900,approved,2026-05-14T15:38:16
삼성 그랑데 AI 세탁건조기,삼성전자 삼성 비스포크 그랑데AI 세탁기 + 건조기 WF25D20BWWLB 배송무료,https://www.lotteon.com/p/product/LO2047889296?sitmNo=LO2047889296_2047889297&ch_no=100065&ch_dtl_no=1000030&entryPoint=pcs&dp_infw_cd=CHT,https://shopping-phinf.pstatic.net/main_3701799/37017998809.1.jpg,data\staging\wash_tower\삼성_그랑데_AI_세탁건조기\stg_0016.jpg,800,800,skipped_duplicate,2026-05-14T15:38:17
삼성 그랑데 AI 세탁건조기,삼성 BESPOKE 그랑데 AI 슬림 드럼 세탁기+건조기 13/10kg WW13BB844DGB1S,https://www.samsungsh.co.kr/goods/goods_view.php?goodsNo=1000000113&inflow=naver,https://shopping-phinf.pstatic.net/main_5132958/51329581307.jpg,data\staging\wash_tower\삼성_그랑데_AI_세탁건조기\stg_0017.jpg,1080,1080,approved,2026-05-14T15:38:17
삼성 그랑데 AI 세탁건조기,(삼성)삼성 그랑데 AI 건조기 + 세탁기 WF24CB8650BV7N 배송무료,https://link.auction.co.kr/gate/pcs?item-no=E453053726&sub-id=1&service-code=10000003,https://shopping-phinf.pstatic.net/main_5993250/59932506466.jpg,data\staging\wash_tower\삼성_그랑데_AI_세탁건조기\stg_0018.jpg,600,600,approved,2026-05-14T15:38:18
삼성 그랑데 AI 세탁건조기,삼성 드럼 세탁기 렌탈 그랑데AI 21kg WF21CB6650BW 60개월약정,http://hothae33.rentbiz.kr/shop/view.php?index_no=8959,https://shopping-phinf.pstatic.net/main_5147204/51472045739.jpg,data\staging\wash_tower\삼성_그랑데_AI_세탁건조기\stg_0019.jpg,600,600,deleted,2026-05-14T15:38:18
삼성 그랑데 AI 세탁건조기,삼성 드럼 세탁기 렌탈 그랑데AI 24kg WF24CB8650BW 의무60개월,http://hothae33.rentbiz.kr/shop/view.php?index_no=8957,https://shopping-phinf.pstatic.net/main_5991026/59910264755.jpg,data\staging\wash_tower\삼성_그랑데_AI_세탁건조기\stg_0020.jpg,600,600,deleted,2026-05-14T15:38:19
삼성 그랑데 AI 세탁건조기,삼성 드럼 세탁기 렌탈 그랑데AI 21kg WF21CB6650BW 60개월의무,http://inssar.rentbiz.kr/shop/view.php?index_no=13070,https://shopping-phinf.pstatic.net/main_5064194/50641942080.jpg,data\staging\wash_tower\삼성_그랑데_AI_세탁건조기\stg_0021.jpg,600,600,deleted,2026-05-14T15:38:19
삼성 그랑데 AI 세탁건조기,삼성 드럼 세탁기 렌탈 그랑데AI 21kg WF21CB6650BW 60개월약정,http://inssar.rentbiz.kr/shop/view.php?index_no=8959,https://shopping-phinf.pstatic.net/main_4907750/49077503620.jpg,data\staging\wash_tower\삼성_그랑데_AI_세탁건조기\stg_0022.jpg,600,600,deleted,2026-05-14T15:38:20
삼성 그랑데 AI 세탁건조기,삼성 드럼 세탁기 렌탈 그랑데AI 24kg WF24CB8650BW 60개월약정,http://hothae33.rentbiz.kr/shop/view.php?index_no=17269,https://shopping-phinf.pstatic.net/main_5346462/53464629801.jpg,data\staging\wash_tower\삼성_그랑데_AI_세탁건조기\stg_0023.jpg,600,600,deleted,2026-05-14T15:38:21
삼성 그랑데 AI 세탁건조기,삼성 드럼 세탁기 렌탈 그랑데AI 24kg WF24CB8650BW 5년약정,http://inssar.rentbiz.kr/shop/view.php?index_no=13595,https://shopping-phinf.pstatic.net/main_5065830/50658308796.jpg,data\staging\wash_tower\삼성_그랑데_AI_세탁건조기\stg_0024.jpg,600,600,deleted,2026-05-14T15:38:21
삼성 그랑데 AI 세탁건조기,삼성 드럼 세탁기 렌탈 그랑데AI 24kg WF24CB8650BW 5년약정,http://hothae33.rentbiz.kr/shop/view.php?index_no=13595,https://shopping-phinf.pstatic.net/main_5147149/51471492282.jpg,data\staging\wash_tower\삼성_그랑데_AI_세탁건조기\stg_0025.jpg,600,600,deleted,2026-05-14T15:38:22
삼성 그랑데 AI 세탁건조기,삼성 드럼 세탁기 렌탈 그랑데AI 21kg WF21CB6650BW 5년약정,http://inssar.rentbiz.kr/shop/view.php?index_no=13704,https://shopping-phinf.pstatic.net/main_5065828/50658285080.jpg,data\staging\wash_tower\삼성_그랑데_AI_세탁건조기\stg_0026.jpg,600,600,deleted,2026-05-14T15:38:22
삼성 그랑데 AI 세탁건조기,삼성 드럼 세탁기 렌탈 그랑데AI 24kg WF24CB8650BW 60개월약정,http://inssar.rentbiz.kr/shop/view.php?index_no=17269,https://shopping-phinf.pstatic.net/main_5346465/53464650740.jpg,data\staging\wash_tower\삼성_그랑데_AI_세탁건조기\stg_0027.jpg,600,600,deleted,2026-05-14T15:38:23
삼성 그랑데 AI 세탁건조기,삼성 세탁건조기 렌탈 비스포크 그랑데 AI 화이트 60개월 약정 WF21D17CWWC,http://rentdirects4.cafe24.com/product/detail.html?product_no=851,https://shopping-phinf.pstatic.net/main_5584728/55847280368.jpg,data\staging\wash_tower\삼성_그랑데_AI_세탁건조기\stg_0028.jpg,1890,1890,approved,2026-05-14T15:38:24
삼성 그랑데 AI 세탁건조기,삼성 비스포크 그랑데 AI 원바디 Top-Fit 세탁 25kg + 건조 17kg 화이트,https://smartstore.naver.com/main/products/10597401807,https://shopping-phinf.pstatic.net/main_8814190/88141907397.jpg,data\staging\wash_tower\삼성_그랑데_AI_세탁건조기\stg_0029.jpg,704,646,skipped_duplicate,2026-05-14T15:38:24
삼성 그랑데 AI 세탁건조기,삼성 비스포크 그랑데 AI 원바디 Top-Fit 세탁 21kg + 건조 17kg 화이트,https://smartstore.naver.com/main/products/9732685787,https://shopping-phinf.pstatic.net/main_8727718/87277188060.jpg,data\staging\wash_tower\삼성_그랑데_AI_세탁건조기\stg_0030.jpg,704,646,skipped_duplicate,2026-05-14T15:38:25
삼성 그랑데 AI 세탁건조기,삼성 비스포크 그랑데 AI 원바디 Top-Fit 세탁 21kg + 건조 17kg 블랙,https://smartstore.naver.com/main/products/9732669178,https://shopping-phinf.pstatic.net/main_8727717/87277171451.jpg,data\staging\wash_tower\삼성_그랑데_AI_세탁건조기\stg_0031.jpg,707,684,approved,2026-05-14T15:38:25
삼성 그랑데 AI 세탁건조기,삼성 비스포크 그랑데 AI 원바디 세탁24kg&amp;건조20kg 화이트,https://smartstore.naver.com/main/products/12923748052,https://shopping-phinf.pstatic.net/main_9046825/90468259044.jpg,data\staging\wash_tower\삼성_그랑데_AI_세탁건조기\stg_0032.jpg,1200,1200,skipped_duplicate,2026-05-14T15:38:25
삼성 그랑데 AI 세탁건조기,삼성 비스포크 그랑데 AI 원바디 세탁24kg&amp;건조20kg 그레이지,https://smartstore.naver.com/main/products/12923750556,https://shopping-phinf.pstatic.net/main_9046826/90468261548.jpg,data\staging\wash_tower\삼성_그랑데_AI_세탁건조기\stg_0033.jpg,1200,1200,skipped_duplicate,2026-05-14T15:38:26
삼성 그랑데 AI 세탁건조기,삼성전자 그랑데AI 원바디 25kg세탁기 20kg건조기 타워형 가정용 드럼세탁건조기,https://smartstore.naver.com/main/products/12344090384,https://shopping-phinf.pstatic.net/main_8988860/89888601101.jpg,data\staging\wash_tower\삼성_그랑데_AI_세탁건조기\stg_0034.jpg,800,800,skipped_duplicate,2026-05-14T15:38:26
삼성 그랑데 AI 세탁건조기,삼성전자 그랑데AI 원바디 세탁기 25kg 건조기 22kg 타워형 가정용 드럼세탁건조기,https://smartstore.naver.com/main/products/12339544386,https://shopping-phinf.pstatic.net/main_8988405/89884055103.jpg,data\staging\wash_tower\삼성_그랑데_AI_세탁건조기\stg_0035.jpg,800,800,skipped_duplicate,2026-05-14T15:38:27
삼성 그랑데 AI 세탁건조기,삼성 그랑데AI 원바디 세탁기25kg 건조기22kg 오토토어오픈 세제자동투입 드럼세탁기,https://smartstore.naver.com/main/products/12344361430,https://shopping-phinf.pstatic.net/main_8988887/89888872147.jpg,data\staging\wash_tower\삼성_그랑데_AI_세탁건조기\stg_0036.jpg,800,800,skipped_duplicate,2026-05-14T15:38:27
삼성 그랑데 AI 세탁건조기,삼성 그랑데AI 원바디 25kg세탁기 20kg건조기 오토오픈도어 세제자동투입 드럼세탁기,https://smartstore.naver.com/main/products/12344386736,https://shopping-phinf.pstatic.net/main_8988889/89888897453.jpg,data\staging\wash_tower\삼성_그랑데_AI_세탁건조기\stg_0037.jpg,800,800,skipped_duplicate,2026-05-14T15:38:27
삼성 그랑데 AI 세탁건조기,삼성전자 BESPOKE 그랑데 AI 원바디 Top-Fit 새틴 블랙 WF2521HCKKP,https://smartstore.naver.com/main/products/8405146463,https://shopping-phinf.pstatic.net/main_8594964/85949646807.2.jpg,data\staging\wash_tower\삼성_그랑데_AI_세탁건조기\stg_0038.jpg,1400,1542,approved,2026-05-14T15:38:28
삼성 그랑데 AI 세탁건조기,삼성 비스포크 그랑데 AI 드럼세탁기 25kg&amp;건조기 20kg 블랙 WF25D20CVVD,https://smartstore.naver.com/main/products/11983565490,https://shopping-phinf.pstatic.net/main_8952807/89528076178.jpg,data\staging\wash_tower\삼성_그랑데_AI_세탁건조기\stg_0039.jpg,360,940,approved,2026-05-14T15:38:28
삼성 그랑데 AI 세탁건조기,삼성 비스포크 그랑데 AI 드럼 세탁기 24kg 화이트,https://smartstore.naver.com/main/products/10140307622,https://shopping-phinf.pstatic.net/main_8768481/87684810823.jpg,data\staging\wash_tower\삼성_그랑데_AI_세탁건조기\stg_0040.jpg,640,640,deleted,2026-05-14T15:38:29
삼성 그랑데 AI 세탁건조기,삼성 그랑데 AI 21kg 21kg 세탁기 건조기 세트 인버터 1등급 무료배송,https://smartstore.naver.com/main/products/13237524879,https://shopping-phinf.pstatic.net/main_9078203/90782035211.jpg,data\staging\wash_tower\삼성_그랑데_AI_세탁건조기\stg_0041.jpg,1000,1000,approved,2026-05-14T15:38:30
삼성 그랑데 AI 세탁건조기,삼성 비스포크 그랑데 AI 원바디 세탁 24kg&amp;건조20kg 화이트 WF2420HCWWC,https://smartstore.naver.com/main/products/11546453182,https://shopping-phinf.pstatic.net/main_8909096/89090963588.jpg,data\staging\wash_tower\삼성_그랑데_AI_세탁건조기\stg_0042.jpg,366,927,approved,2026-05-14T15:38:30
삼성 그랑데 AI 세탁건조기,삼성 비스포크 그랑데 AI 원바디 세탁 24kg&amp;건조20kg 그레이지 WF2420HCEEC,https://smartstore.naver.com/main/products/11546373150,https://shopping-phinf.pstatic.net/main_8909088/89090883556.jpg,data\staging\wash_tower\삼성_그랑데_AI_세탁건조기\stg_0043.jpg,366,928,skipped_duplicate,2026-05-14T15:38:31
삼성 그랑데 AI 세탁건조기,삼성 그랑데 AI 세탁기 10Kg + 그랑데 건조기 9Kg 그레이지,https://www.11st.co.kr/connect/Gateway.tmall?method=Xsite&prdNo=5363341919&tid=1000000061,https://shopping-phinf.pstatic.net/main_5841795/58417955854.jpg,data\staging\wash_tower\삼성_그랑데_AI_세탁건조기\stg_0044.jpg,900,900,deleted,2026-05-14T15:38:32
삼성 그랑데 AI 세탁건조기,[삼성] 그랑데 AI 건조기 + 세탁기 WF24CB8650BV7N 배송무료,https://www.11st.co.kr/connect/Gateway.tmall?method=Xsite&prdNo=7197731211&tid=1000000061,https://shopping-phinf.pstatic.net/main_5986158/59861586636.jpg,data\staging\wash_tower\삼성_그랑데_AI_세탁건조기\stg_0045.jpg,900,900,skipped_duplicate,2026-05-14T15:38:32
삼성 그랑데 AI 세탁건조기,삼성 비스포크 그랑데 AI 건조기 20kg - 블랙캐비어 DV20CB8800BV,https://smartstore.naver.com/main/products/11495166336,https://shopping-phinf.pstatic.net/main_8903967/89039676701.jpg,data\staging\wash_tower\삼성_그랑데_AI_세탁건조기\stg_0046.jpg,759,930,deleted,2026-05-14T15:38:33
삼성 그랑데 AI 세탁건조기,삼성 그랑데 AI 21kg 21kg 세탁기 건조기 세트 AI 인버터 1등급 그레이지,https://smartstore.naver.com/main/products/12644174181,https://shopping-phinf.pstatic.net/main_9018868/90188685087.jpg,data\staging\wash_tower\삼성_그랑데_AI_세탁건조기\stg_0047.jpg,1000,1000,approved,2026-05-14T15:38:33
삼성 그랑데 AI 세탁건조기,삼성 그랑데 AI 드럼 세탁기 21kg 건조기 17kg 비스코프 일체형 세트 1등급,https://smartstore.naver.com/main/products/11117262148,https://shopping-phinf.pstatic.net/main_8866177/88661772470.jpg,data\staging\wash_tower\삼성_그랑데_AI_세탁건조기\stg_0048.jpg,1000,1000,approved,2026-05-14T15:38:34
삼성 그랑데 AI 세탁건조기,삼성 그랑데 AI 21kg 17kg 세탁기 건조기 세트 인버터 1등급 세제자동투입 실버,https://smartstore.naver.com/main/products/12644065419,https://shopping-phinf.pstatic.net/main_9018857/90188576325.jpg,data\staging\wash_tower\삼성_그랑데_AI_세탁건조기\stg_0049.jpg,1000,1000,approved,2026-05-14T15:38:34
삼성 그랑데 AI 세탁건조기,삼성 그랑데 AI 세탁기 건조기 세트 25kg 21kg 인버터 1등급,https://smartstore.naver.com/main/products/13237492170,https://shopping-phinf.pstatic.net/main_9078200/90782002502.jpg,data\staging\wash_tower\삼성_그랑데_AI_세탁건조기\stg_0050.jpg,1000,1000,approved,2026-05-14T15:38:35
삼성 그랑데 AI 세탁건조기,삼성 그랑데 AI 세탁기 건조기 세트 21kg 21kg 인버터 1등급 배송무료,https://smartstore.naver.com/main/products/13237453504,https://shopping-phinf.pstatic.net/main_9078196/90781963836.jpg,data\staging\wash_tower\삼성_그랑데_AI_세탁건조기\stg_0051.jpg,1000,1000,approved,2026-05-14T15:38:35
삼성 그랑데 AI 세탁건조기,삼성 그랑데 AI 세탁기 건조기 세트 24kg 17kg 인버터 1등급 배송무료,https://smartstore.naver.com/main/products/13238157435,https://shopping-phinf.pstatic.net/main_9078266/90782667767.jpg,data\staging\wash_tower\삼성_그랑데_AI_세탁건조기\stg_0052.jpg,1000,1000,approved,2026-05-14T15:38:35
삼성 그랑데 AI 세탁건조기,삼성 그랑데 AI 세탁기 건조기 세트 25kg 21kg 1등급 무료배송,https://smartstore.naver.com/main/products/13237541656,https://shopping-phinf.pstatic.net/main_9078205/90782051988.jpg,data\staging\wash_tower\삼성_그랑데_AI_세탁건조기\stg_0053.jpg,1000,1000,skipped_duplicate,2026-05-14T15:38:36
삼성 그랑데 AI 세탁건조기,삼성 그랑데 AI 세탁기 건조기 세트 25kg 21kg 1등급 무료배송,https://smartstore.naver.com/main/products/13237558694,https://shopping-phinf.pstatic.net/main_9078206/90782069026.jpg,data\staging\wash_tower\삼성_그랑데_AI_세탁건조기\stg_0054.jpg,1000,1000,skipped_duplicate,2026-05-14T15:38:36
삼성 그랑데 AI 세탁건조기,삼성 그랑데 AI 세탁기 건조기 세트 25kg 21kg 1등급 무료배송,https://smartstore.naver.com/main/products/13237499655,https://shopping-phinf.pstatic.net/main_9078200/90782009987.jpg,data\staging\wash_tower\삼성_그랑데_AI_세탁건조기\stg_0055.jpg,1000,1000,approved,2026-05-14T15:38:37
삼성 그랑데 AI 세탁건조기,삼성 그랑데 AI 세탁기 건조기 세트 25kg 21kg 인버터 1등급 무료배송,https://smartstore.naver.com/main/products/13237517836,https://shopping-phinf.pstatic.net/main_9078202/90782028168.jpg,data\staging\wash_tower\삼성_그랑데_AI_세탁건조기\stg_0056.jpg,1000,1000,skipped_duplicate,2026-05-14T15:38:37
삼성 그랑데 AI 세탁건조기,삼성 그랑데 AI 세탁기 건조기 세트 21kg 21kg 인버터 1등급 화이트,https://smartstore.naver.com/main/products/12269230649,https://shopping-phinf.pstatic.net/main_8981374/89813741365.jpg,data\staging\wash_tower\삼성_그랑데_AI_세탁건조기\stg_0057.jpg,1000,1000,skipped_duplicate,2026-05-14T15:38:38
삼성 그랑데 AI 세탁건조기,삼성 그랑데 AI 세탁기 건조기 세트 25kg 21kg 인버터 1등급 블랙,https://smartstore.naver.com/main/products/12269257454,https://shopping-phinf.pstatic.net/main_8981376/89813768170.jpg,data\staging\wash_tower\삼성_그랑데_AI_세탁건조기\stg_0058.jpg,1000,1000,approved,2026-05-14T15:38:38
삼성 그랑데 AI 세탁건조기,삼성 그랑데 AI 세탁기 건조기 세트 21kg 17kg 인버터 1등급 세제자동투입 실버,https://smartstore.naver.com/main/products/12644240755,https://shopping-phinf.pstatic.net/main_9018875/90188751661.jpg,data\staging\wash_tower\삼성_그랑데_AI_세탁건조기\stg_0059.jpg,1000,1000,skipped_duplicate,2026-05-14T15:38:38
삼성 그랑데 AI 세탁건조기,삼성전자 삼성 비스포크 그랑데 AI 원바디 세탁기 + 건조기 WF2522HDFFA 배송무료,https://www.lotteon.com/p/product/LO2316150980?sitmNo=LO2316150980_2316150981&ch_no=100065&ch_dtl_no=1000030&entryPoint=pcs&dp_infw_cd=CHT,https://shopping-phinf.pstatic.net/main_4801986/48019862483.1.jpg,data\staging\wash_tower\삼성_그랑데_AI_세탁건조기\stg_0060.jpg,800,800,skipped_duplicate,2026-05-14T15:38:39
삼성 그랑데 AI 세탁건조기,삼성전자 건조기세탁기 WF24BD20BVVL,https://smartstore.naver.com/main/products/8675061134,https://shopping-phinf.pstatic.net/main_8621956/86219561457.1.jpg,data\staging\wash_tower\삼성_그랑데_AI_세탁건조기\stg_0061.jpg,500,405,deleted,2026-05-14T15:38:40
삼성 그랑데 AI 세탁건조기,삼성전자 삼성 그랑데AI 세탁기 + 건조기 WF21T6500KV7T 배송무료,https://www.lotteon.com/p/product/LO1968602043?sitmNo=LO1968602043_1968602044&ch_no=100065&ch_dtl_no=1000030&entryPoint=pcs&dp_infw_cd=CHT,https://shopping-phinf.pstatic.net/main_3471516/34715166620.1.jpg,data\staging\wash_tower\삼성_그랑데_AI_세탁건조기\stg_0062.jpg,800,800,approved,2026-05-14T15:38:40
삼성 그랑데 AI 세탁건조기,삼성 그랑데 AI 드럼 세탁기 건조기 세트 1등급 인버터 25kg 21kg 화이트,https://smartstore.naver.com/main/products/12269239385,https://shopping-phinf.pstatic.net/main_8981375/89813750101.jpg,data\staging\wash_tower\삼성_그랑데_AI_세탁건조기\stg_0063.jpg,1000,1000,skipped_duplicate,2026-05-14T15:38:41
삼성 그랑데 AI 세탁건조기,삼성 비스포크 그랑데 AI 세탁기 건조기 세트 24kg 20kg 1등급 화이트,https://smartstore.naver.com/main/products/12644165795,https://shopping-phinf.pstatic.net/main_9018867/90188676701.jpg,data\staging\wash_tower\삼성_그랑데_AI_세탁건조기\stg_0064.jpg,1000,1000,deleted,2026-05-14T15:38:41
삼성 그랑데 AI 세탁건조기,삼성 비스코프 그랑데 AI 드럼 세탁기 21kg 건조기 20kg 일체형 세트,https://smartstore.naver.com/main/products/11117211714,https://shopping-phinf.pstatic.net/main_8866172/88661722036.jpg,data\staging\wash_tower\삼성_그랑데_AI_세탁건조기\stg_0065.jpg,1000,1000,approved,2026-05-14T15:38:42
삼성 그랑데 AI 세탁건조기,삼성 그랑데 AI 세탁기 24kg 건조기 20kg 세트 인버터 1등급,https://smartstore.naver.com/main/products/13237566430,https://shopping-phinf.pstatic.net/main_9078207/90782076762.jpg,data\staging\wash_tower\삼성_그랑데_AI_세탁건조기\stg_0066.jpg,1000,1000,skipped_duplicate,2026-05-14T15:38:42
삼성 그랑데 AI 세탁건조기,삼성 그랑데 AI 세탁기 24kg 건조기 17kg 세트 인버터 1등급 배송무료,https://smartstore.naver.com/main/products/13237955217,https://shopping-phinf.pstatic.net/main_9078246/90782465549.jpg,data\staging\wash_tower\삼성_그랑데_AI_세탁건조기\stg_0067.jpg,1000,1000,skipped_duplicate,2026-05-14T15:38:43
삼성 그랑데 AI 세탁건조기,삼성 세탁건조기 렌탈 비스포크 그랑데 AI 원바디 그레이지 60개월 약정 WF2117HCEEC,https://rentdirects4.cafe24.com/product/detail.html?product_no=789,https://shopping-phinf.pstatic.net/main_5382681/53826817536.1.jpg,data\staging\wash_tower\삼성_그랑데_AI_세탁건조기\stg_0068.jpg,1890,1890,skipped_duplicate,2026-05-14T15:38:44
삼성 그랑데 AI 세탁건조기,삼성 비스포크 그랑데 AI 세탁기21Kg+건조기17Kg (이녹스),https://www.11st.co.kr/connect/Gateway.tmall?method=Xsite&prdNo=6547642242&tid=1000000061,https://shopping-phinf.pstatic.net/main_5841803/58418039232.jpg,data\staging\wash_tower\삼성_그랑데_AI_세탁건조기\stg_0069.jpg,900,900,deleted,2026-05-14T15:38:44
삼성 그랑데 AI 세탁건조기,삼성 세탁기건조기세트 AI 21kg 21kg 그랑데 AI 1등급 블랙,https://smartstore.naver.com/main/products/12644135480,https://shopping-phinf.pstatic.net/main_9018864/90188646386.jpg,data\staging\wash_tower\삼성_그랑데_AI_세탁건조기\stg_0070.jpg,1000,1000,skipped_duplicate,2026-05-14T15:38:45
삼성 그랑데 AI 세탁건조기,삼성 비스코프 그랑데 AI 드럼 세탁기 21kg 건조기 17kg 일체형 세트 1등급,https://smartstore.naver.com/main/products/11117226068,https://shopping-phinf.pstatic.net/main_8866173/88661736390.jpg,data\staging\wash_tower\삼성_그랑데_AI_세탁건조기\stg_0071.jpg,1000,1000,approved,2026-05-14T15:38:45
삼성 그랑데 AI 세탁건조기,삼성 비스포크 그랑데 AI 24kg 20kg 세탁기 건조기 세트 1등급 화이트,https://smartstore.naver.com/main/products/12644214907,https://shopping-phinf.pstatic.net/main_9018872/90188725813.jpg,data\staging\wash_tower\삼성_그랑데_AI_세탁건조기\stg_0072.jpg,1000,1000,deleted,2026-05-14T15:38:46
삼성 그랑데 AI 세탁건조기,삼성 비스포크 그랑데 AI 드럼 세탁기 24kg 건조기 17kg 일체형 세트 1등급,https://smartstore.naver.com/main/products/11117307851,https://shopping-phinf.pstatic.net/main_8866181/88661818179.jpg,data\staging\wash_tower\삼성_그랑데_AI_세탁건조기\stg_0073.jpg,1000,1000,approved,2026-05-14T15:38:46
삼성 그랑데 AI 세탁건조기,삼성 1등급 그랑데 AI 세탁기 건조기 세트 AI 21kg 21kg 블랙,https://smartstore.naver.com/main/products/12644224505,https://shopping-phinf.pstatic.net/main_9018873/90188735411.jpg,data\staging\wash_tower\삼성_그랑데_AI_세탁건조기\stg_0074.jpg,1000,1000,skipped_duplicate,2026-05-14T15:38:47
삼성 그랑데 AI 세탁건조기,삼성 그랑데 AI 세탁기 25kg 건조기 21kg 세트 1등급 화이트,https://smartstore.naver.com/main/products/12644157115,https://shopping-phinf.pstatic.net/main_9018866/90188668021.jpg,data\staging\wash_tower\삼성_그랑데_AI_세탁건조기\stg_0075.jpg,1000,1000,deleted,2026-05-14T15:38:47
삼성 그랑데 AI 세탁건조기,삼성전자 삼성 비스포크 그랑데AI 세탁기 + 건조기 WF25D20BFFL 배송무료,https://www.lotteon.com/p/product/LO1963460170?sitmNo=LO1963460170_1963460171&ch_no=100065&ch_dtl_no=1000030&entryPoint=pcs&dp_infw_cd=CHT,https://shopping-phinf.pstatic.net/main_3454059/34540597588.1.jpg,data\staging\wash_tower\삼성_그랑데_AI_세탁건조기\stg_0076.jpg,800,800,skipped_duplicate,2026-05-14T15:38:48
삼성 그랑데 AI 세탁건조기,삼성 세탁기건조기세트 그랑데 AI 21kg 21kg 인버터 1등급 화이트,https://smartstore.naver.com/main/products/12644075331,https://shopping-phinf.pstatic.net/main_9018858/90188586237.jpg,data\staging\wash_tower\삼성_그랑데_AI_세탁건조기\stg_0077.jpg,1000,1000,skipped_duplicate,2026-05-14T15:38:48
삼성 그랑데 AI 세탁건조기,삼성 그랑데 AI 건조기 + 세탁기 DV17CB6800BV+WF21CB6850BV 배송무료,http://www.ssg.com/item/itemView.ssg?itemId=1000601496339&siteNo=6001&salestrNo=6005&ckwhere=ssg_naver&appPopYn=n&utm_medium=PCS&utm_source=naver&utm_campaign=naver_pcs,https://shopping-phinf.pstatic.net/main_4843980/48439802166.jpg,data\staging\wash_tower\삼성_그랑데_AI_세탁건조기\stg_0078.jpg,350,350,skipped_duplicate,2026-05-14T15:38:49
삼성 그랑데 AI 세탁건조기,(삼성)삼성 그랑데 AI 건조기 + 세탁기 WF24CB8650BV7N 배송무료,https://link.auction.co.kr/gate/pcs?item-no=E453017730&sub-id=1&service-code=10000003,https://shopping-phinf.pstatic.net/main_5993246/59932460763.jpg,data\staging\wash_tower\삼성_그랑데_AI_세탁건조기\stg_0079.jpg,600,600,skipped_duplicate,2026-05-14T15:38:49
삼성 그랑데 AI 세탁건조기,삼성전자 그랑데 AI 세탁기 25kg 건조기 21kg 1등급 인버터 화이트,https://smartstore.naver.com/main/products/12037396587,https://shopping-phinf.pstatic.net/main_8958190/89581907279.jpg,data\staging\wash_tower\삼성_그랑데_AI_세탁건조기\stg_0080.jpg,1000,1000,skipped_duplicate,2026-05-14T15:38:50
삼성 그랑데 AI 세탁건조기,삼성 비스코프 그랑데 AI 세탁기 24kg 건조기 17kg 1등급 일체형 올인원 2024년,https://www.11st.co.kr/connect/Gateway.tmall?method=Xsite&prdNo=7814875890&tid=1000000061,https://shopping-phinf.pstatic.net/main_5180390/51803905669.1.jpg,data\staging\wash_tower\삼성_그랑데_AI_세탁건조기\stg_0081.jpg,900,900,skipped_duplicate,2026-05-14T15:38:50
삼성 그랑데 AI 세탁건조기,삼성 비스포크 그랑데 AI 원바디 Top-Fit 세탁기 24kg + 건조기 20kg 화이트/블랙/그레이지,https://smartstore.naver.com/main/products/8406714060,https://shopping-phinf.pstatic.net/main_8595121/85951214383.jpg,data\staging\wash_tower\삼성_그랑데_AI_세탁건조기\stg_0082.jpg,704,646,skipped_duplicate,2026-05-14T15:38:51
삼성 그랑데 AI 세탁건조기,삼성 비스포크 그랑데 AI 원바디 Top-Fit 세탁 21kg + 건조 20kg 블랙 캐비어,https://smartstore.naver.com/main/products/10443334036,https://shopping-phinf.pstatic.net/main_8798783/87987839085.jpg,data\staging\wash_tower\삼성_그랑데_AI_세탁건조기\stg_0083.jpg,707,684,skipped_duplicate,2026-05-14T15:38:51
삼성 그랑데 AI 세탁건조기,삼성 비스포크 그랑데 AI 원바디 Top-Fit 세탁 25kg + 건조 17kg 블랙 세제자동투입,https://smartstore.naver.com/main/products/10945279575,https://shopping-phinf.pstatic.net/main_8848978/88489785610.jpg,data\staging\wash_tower\삼성_그랑데_AI_세탁건조기\stg_0084.jpg,1284,1279,skipped_duplicate,2026-05-14T15:38:52
삼성 그랑데 AI 세탁건조기,삼성 비스코프 드럼 세탁기 21kg 건조기 19kg 그랑데 AI 일체형 세트 1등급,https://smartstore.naver.com/main/products/11117236130,https://shopping-phinf.pstatic.net/main_8866174/88661746452.jpg,data\staging\wash_tower\삼성_그랑데_AI_세탁건조기\stg_0085.jpg,1000,1000,approved,2026-05-14T15:38:52
삼성 그랑데 AI 세탁건조기,삼성 1등급 그랑데 AI 21kg 21kg 세탁기건조기세트 인버터 화이트,https://smartstore.naver.com/main/products/12644234976,https://shopping-phinf.pstatic.net/main_9018874/90188745882.jpg,data\staging\wash_tower\삼성_그랑데_AI_세탁건조기\stg_0086.jpg,1000,1000,skipped_duplicate,2026-05-14T15:38:53
삼성 그랑데 AI 세탁건조기,삼성 1등급 그랑데 AI 세탁기 25kg 건조기 21kg 세트 화이트,https://smartstore.naver.com/main/products/12644217655,https://shopping-phinf.pstatic.net/main_9018872/90188728561.jpg,data\staging\wash_tower\삼성_그랑데_AI_세탁건조기\stg_0087.jpg,1000,1000,approved,2026-05-14T15:38:53
삼성 그랑데 AI 세탁건조기,[삼성]전자 그랑데AI 원바디 세탁기+건조기 WF2521HCKKP 무배상품,https://www.11st.co.kr/connect/Gateway.tmall?method=Xsite&prdNo=7534731491&tid=1000000061,https://shopping-phinf.pstatic.net/main_5643882/56438824537.1.jpg,data\staging\wash_tower\삼성_그랑데_AI_세탁건조기\stg_0088.jpg,900,900,approved,2026-05-14T15:38:54
삼성 그랑데 AI 세탁건조기,삼성 비스포크 그랑데 AI 올인원컨트롤 세탁24kg &amp; 건조20kg 1등급,https://smartstore.naver.com/main/products/9512068234,https://shopping-phinf.pstatic.net/main_8705657/87056570504.1.jpg,data\staging\wash_tower\삼성_그랑데_AI_세탁건조기\stg_0089.jpg,426,828,approved,2026-05-14T15:38:54
삼성 그랑데 AI 세탁건조기,삼성 그랑데 AI 세탁기 21kg+건조기19kg 화이트 60개월약정기준,http://rentaljoy.co.kr/kor/mall/view.asp?goodscode=404231534492716,https://shopping-phinf.pstatic.net/main_5858785/58587858580.jpg,data\staging\wash_tower\삼성_그랑데_AI_세탁건조기\stg_0090.jpg,600,600,skipped_duplicate,2026-05-14T15:38:55
삼성 그랑데 AI 세탁건조기,[삼성전자]삼성 그랑데 AI 건조기 + 세탁기 WF24CB8650BV7N 배송무료[34373430],https://www.11st.co.kr/connect/Gateway.tmall?method=Xsite&prdNo=9350080002&tid=1000000061,https://shopping-phinf.pstatic.net/main_6002666/60026661723.jpg,data\staging\wash_tower\삼성_그랑데_AI_세탁건조기\stg_0091.jpg,900,900,skipped_duplicate,2026-05-14T15:38:56
삼성 그랑데 AI 세탁건조기,[삼성전자]삼성 그랑데 AI 건조기 + 세탁기 WF24CB8650BV7N 배송무료[34373426],https://www.11st.co.kr/connect/Gateway.tmall?method=Xsite&prdNo=9350075770&tid=1000000061,https://shopping-phinf.pstatic.net/main_6002672/60026723606.jpg,data\staging\wash_tower\삼성_그랑데_AI_세탁건조기\stg_0092.jpg,900,900,skipped_duplicate,2026-05-14T15:38:56
삼성 그랑데 AI 세탁건조기,(삼성)삼성 그랑데 AI 건조기 + 세탁기 WF24CB8650BV7N 배송무료,https://link.gmarket.co.kr/gate/pcs?item-no=3847020200&sub-id=1003&service-code=10000003&lcd=100000092,https://shopping-phinf.pstatic.net/main_5299285/52992851820.1.jpg,data\staging\wash_tower\삼성_그랑데_AI_세탁건조기\stg_0093.jpg,600,600,skipped_duplicate,2026-05-14T15:38:57
삼성 그랑데 AI 세탁건조기,삼성 비스코프 그랑데 AI 24kg 20kg 세탁기 건조기 일체형 워시타워 1등급  그레이지,https://link.coupang.com/re/PCSNAVERPCSDP?pageKey=9296344341&ctag=9296344341&lptag=I27536109338&itemId=27536109338&vendorItemId=94500640941&spec=10305199,https://shopping-phinf.pstatic.net/main_5951150/59511507029.jpg,data\staging\wash_tower\삼성_그랑데_AI_세탁건조기\stg_0094.jpg,1000,1000,skipped_duplicate,2026-05-14T15:38:57
삼성 그랑데 AI 세탁건조기,삼성 1등급 인버터 그랑데 AI 드럼 21kg 21kg 세탁기 건조기 세트 블랙,https://smartstore.naver.com/main/products/12269263762,https://shopping-phinf.pstatic.net/main_8981377/89813774478.jpg,data\staging\wash_tower\삼성_그랑데_AI_세탁건조기\stg_0095.jpg,1000,1000,approved,2026-05-14T15:38:58
삼성 그랑데 AI 세탁건조기,삼성 비스포크 그랑데 AI 원바디세탁 21kg &amp; 건조17kg 그레이지 WF2117HCEEC,https://smartstore.naver.com/main/products/11428710699,https://shopping-phinf.pstatic.net/main_8897322/88973221064.jpg,data\staging\wash_tower\삼성_그랑데_AI_세탁건조기\stg_0096.jpg,370,909,approved,2026-05-14T15:38:58
삼성 그랑데 AI 세탁건조기,하랑 삼성전자 WW10TP34DBH 그랑데AI 10kg 드럼세탁기,https://smartstore.naver.com/main/products/12611815468,https://shopping-phinf.pstatic.net/main_9015632/90156326324.jpg,data\staging\wash_tower\삼성_그랑데_AI_세탁건조기\stg_0097.jpg,600,600,deleted,2026-05-14T15:38:59
삼성 그랑데 AI 세탁건조기,삼성전자 BESPOKE 그랑데 AI 세탁기 WF25CB8895BB + 건조기 DV22DB8890BB + 25kg + 22kg + 상단설치키트 세트 방문설치  새틴 라이트베이지  W,https://link.coupang.com/re/PCSNAVERPCSDP?pageKey=8302044368&ctag=8302044368&lptag=I23950945948&itemId=23950945948&vendorItemId=91211387489&spec=10305199,https://shopping-phinf.pstatic.net/main_5870398/58703985998.jpg,data\staging\wash_tower\삼성_그랑데_AI_세탁건조기\stg_0098.jpg,501,501,approved,2026-05-14T15:38:59
삼성 그랑데 AI 세탁건조기,삼성전자 비스포크그랑데AI원바디 WF2417HDEEC 사다리차지원,https://smartstore.naver.com/main/products/11260442828,https://shopping-phinf.pstatic.net/main_8880495/88804953159.jpg,data\staging\wash_tower\삼성_그랑데_AI_세탁건조기\stg_0099.jpg,586,595,skipped_duplicate,2026-05-14T15:39:00
세탁건조타워,[ 삼성설치 ] 1등급 삼성 AI 원바디 21/20 비스포크 타워형 세탁 건조 세트 그레이지,https://smartstore.naver.com/main/products/12404246268,https://shopping-phinf.pstatic.net/main_8994875/89948756993.jpg,data\staging\wash_tower\세탁건조타워\stg_0000.jpg,700,700,approved,2026-05-14T15:39:01
세탁건조타워,[ 1등급 ] 2025 삼성 비스포크 AI 원바디 21/20 일체형 타워형 세탁건조 세트 실버스틸,https://smartstore.naver.com/main/products/12404225700,https://shopping-phinf.pstatic.net/main_8994873/89948736425.jpg,data\staging\wash_tower\세탁건조타워\stg_0001.jpg,700,700,approved,2026-05-14T15:39:01
세탁건조타워,LG 트롬 AI 오브제컬렉션 워시타워 2025모델 WA2525YMHF 세탁건조25kg,https://smartstore.naver.com/main/products/11789243672,https://shopping-phinf.pstatic.net/main_8933375/89333754259.jpg,data\staging\wash_tower\세탁건조타워\stg_0002.jpg,828,827,approved,2026-05-14T15:39:01
세탁건조타워,2025년 삼성전자 AI비스포크 타워형 세탁건조기 25KG+21KG 병렬설치가능 블랙 WF25DG8250BV2T,https://smartstore.naver.com/main/products/11929268528,https://shopping-phinf.pstatic.net/main_8947377/89473779216.jpg,data\staging\wash_tower\세탁건조타워\stg_0003.jpg,1000,1000,skipped_duplicate,2026-05-14T15:39:02
세탁건조타워,1 조각 의 새로운 신발 건조기 브래킷 특수 A. LG 신품 정품 세탁건조타워 건조기 건조,https://smartstore.naver.com/main/products/12616108862,https://shopping-phinf.pstatic.net/main_9016061/90160619718.jpg,data\staging\wash_tower\세탁건조타워\stg_0004.jpg,1000,1000,deleted,2026-05-14T15:39:02
세탁건조타워,LG 트롬 오브제컬렉션 워시타워 세탁건조 25/22kg WL22EEHU,https://smartstore.naver.com/main/products/11522454400,https://shopping-phinf.pstatic.net/main_8906696/89066964806.1.jpg,data\staging\wash_tower\세탁건조타워\stg_0005.jpg,615,610,approved,2026-05-14T15:39:03
세탁건조타워,LG 트롬 워시타워 오브제컬렉션 WA2323GEHN 23kg 그린 세탁건조,https://smartstore.naver.com/main/products/13257674603,https://shopping-phinf.pstatic.net/main_9080218/90802184935.jpg,data\staging\wash_tower\세탁건조타워\stg_0006.jpg,3780,3780,approved,2026-05-14T15:39:04
세탁건조타워,LG 오브제 워시타워 세탁건조기 25kg+25kg 베이지 베이지 WA2525EEHF,https://smartstore.naver.com/main/products/12376278582,https://shopping-phinf.pstatic.net/main_8992078/89920789299.jpg,data\staging\wash_tower\세탁건조타워\stg_0007.jpg,615,610,skipped_duplicate,2026-05-14T15:39:04
세탁건조타워,LG 워시타워 세탁 건조기 일체형 WA2525KDF 1등급 블랙,https://smartstore.naver.com/main/products/12057502358,https://shopping-phinf.pstatic.net/main_8960201/89602013057.jpg,data\staging\wash_tower\세탁건조타워\stg_0008.jpg,1080,1080,approved,2026-05-14T15:39:05
세탁건조타워,LG 오브제 워시타워 세탁건조기 25kg+25kg 그린 베이지 WA2525GEHF,https://smartstore.naver.com/main/products/12376404066,https://shopping-phinf.pstatic.net/main_8992091/89920914783.jpg,data\staging\wash_tower\세탁건조타워\stg_0009.jpg,612,612,approved,2026-05-14T15:39:05
세탁건조타워,LG 트롬 AI 오브제컬렉션 워시타워 WA2525KDF 2025 스페이스블랙 세탁건조25,https://smartstore.naver.com/main/products/11789117662,https://shopping-phinf.pstatic.net/main_8933362/89333628249.jpg,data\staging\wash_tower\세탁건조타워\stg_0010.jpg,828,827,approved,2026-05-14T15:39:06
세탁건조타워,엘지 트롬 오브제컬렉션 일체형 세탁23kg 건조20kg 워시타워 원바디 그린 W20GGAN,https://smartstore.naver.com/main/products/11984197079,https://shopping-phinf.pstatic.net/main_8952870/89528707767.jpg,data\staging\wash_tower\세탁건조타워\stg_0011.jpg,1000,1000,skipped_duplicate,2026-05-14T15:39:06
세탁건조타워,신제품 [ 1등급 ] 삼성 비스포크 AI 원바디 세탁건조 세트 25/20 타워형 다크스틸,https://smartstore.naver.com/main/products/12390006267,https://shopping-phinf.pstatic.net/main_8993451/89934516992.jpg,data\staging\wash_tower\세탁건조타워\stg_0012.jpg,700,700,approved,2026-05-14T15:39:06
세탁건조타워,LG 2025 트롬 AI 오브제컬렉션 워시타워 세탁 건조 25kg WA2525EEHF,https://smartstore.naver.com/main/products/12794406256,https://shopping-phinf.pstatic.net/main_9033891/90338917205.jpg,data\staging\wash_tower\세탁건조타워\stg_0013.jpg,872,872,approved,2026-05-14T15:39:07
세탁건조타워,엘지 트롬 오브제컬렉션 21KG+19KG 워시타워 세탁건조 직렬세트 베이지그린 KFG21EN,https://smartstore.naver.com/main/products/11887691430,https://shopping-phinf.pstatic.net/main_8943220/89432202039.jpg,data\staging\wash_tower\세탁건조타워\stg_0014.jpg,1000,1000,approved,2026-05-14T15:39:07
세탁건조타워,LG 트롬 오브제컬렉션 워시타워 (세탁건조세트) W20WHNM 서울/경기지역 설치,https://smartstore.naver.com/main/products/11449800546,https://shopping-phinf.pstatic.net/main_8899431/88994310911.jpg,data\staging\wash_tower\세탁건조타워\stg_0015.jpg,1264,1264,approved,2026-05-14T15:39:08
세탁건조타워,일체형세탁건조기 올인원 미니건조기 워시타워 세탁건조일체형 A B. 위니아 8kg 통 세탁기,https://smartstore.naver.com/main/products/13357460068,https://shopping-phinf.pstatic.net/main_9090197/90901970401.jpg,data\staging\wash_tower\세탁건조타워\stg_0016.jpg,800,800,deleted,2026-05-14T15:39:08
세탁건조타워,LG 트롬 오브제 워시타워 원바디 세탁기 건조기 세트 화이트 트루스팀,https://smartstore.naver.com/main/products/11277590770,https://shopping-phinf.pstatic.net/main_8882210/88822101101.4.jpg,data\staging\wash_tower\세탁건조타워\stg_0017.jpg,1000,1000,skipped_duplicate,2026-05-14T15:39:09
세탁건조타워,LG 트롬 세탁 건조 워시타워 25kg+21kg 렌탈 WL20WZNM 72개월,https://www.care-solution.kr/user/product_detail?product_no=202302-1114,https://shopping-phinf.pstatic.net/main_5299830/52998304712.jpg,data\staging\wash_tower\세탁건조타워\stg_0018.jpg,640,640,approved,2026-05-14T15:39:09
세탁건조타워,LG 트롬 AI 오브제컬렉션 2025 워시타워 WA2525IIHF 세탁건조25kg 화이트,https://smartstore.naver.com/main/products/11735196538,https://shopping-phinf.pstatic.net/main_8927970/89279707037.jpg,data\staging\wash_tower\세탁건조타워\stg_0019.jpg,828,827,approved,2026-05-14T15:39:10
세탁건조타워,삼성 비스포크 워시타워형 세탁건조기세트 일체형 13kg+10kg 세제자동투입 소형 1등급,https://smartstore.naver.com/main/products/13068067937,https://shopping-phinf.pstatic.net/main_9061257/90612579029.jpg,data\staging\wash_tower\세탁건조타워\stg_0020.jpg,1080,1080,skipped_duplicate,2026-05-14T15:39:10
세탁건조타워,2025년 엘지 트롬AI 트루스팀 워시타워 세탁25KG 건조25KG 자동세제 원바디 에센스화이트 WA2525IIHF,https://smartstore.naver.com/main/products/11989135100,https://shopping-phinf.pstatic.net/main_8953364/89533645788.jpg,data\staging\wash_tower\세탁건조타워\stg_0021.jpg,1000,1000,skipped_duplicate,2026-05-14T15:39:11
세탁건조타워,"LG 25년형 오브제컬렉션 트루스팀 워시타워 세탁(24kg),건조(21kg) 릴리화이트",https://smartstore.naver.com/main/products/12325336922,https://shopping-phinf.pstatic.net/main_8986984/89869847639.jpg,data\staging\wash_tower\세탁건조타워\stg_0022.jpg,450,450,skipped_duplicate,2026-05-14T15:39:11
세탁건조타워,LG 오브제 워시타워 세탁건조기 25kg+25kg 그린 그린 WA2525GGHF,https://smartstore.naver.com/main/products/12376308119,https://shopping-phinf.pstatic.net/main_8992081/89920818835.jpg,data\staging\wash_tower\세탁건조타워\stg_0023.jpg,610,611,approved,2026-05-14T15:39:12
세탁건조타워,"[코스트코 바로발송] LG 오브제 워시타워 세탁25kg &amp;건조22kg,네이처네이비",https://smartstore.naver.com/main/products/10605633968,https://shopping-phinf.pstatic.net/main_8815013/88150139558.jpg,data\staging\wash_tower\세탁건조타워\stg_0024.jpg,1140,1402,approved,2026-05-14T15:39:12
세탁건조타워,LG 오브제 워시타워 세탁건조기 25kg+25kg 베이지 그린 WA2525EGHF,https://smartstore.naver.com/main/products/12376389828,https://shopping-phinf.pstatic.net/main_8992090/89920900545.jpg,data\staging\wash_tower\세탁건조타워\stg_0025.jpg,614,613,approved,2026-05-14T15:39:12
세탁건조타워,LG 오브제 워시타워 세탁건조기 25kg+25kg 네이비 그레이 WA2525YMHF,https://smartstore.naver.com/main/products/12376418925,https://shopping-phinf.pstatic.net/main_8992092/89920929642.jpg,data\staging\wash_tower\세탁건조타워\stg_0026.jpg,612,612,skipped_duplicate,2026-05-14T15:39:13
세탁건조타워,[렌탈]LG전자 LG 세탁건조 워시타워 오브제컬렉션 WL22KDU 60개월 117900/60개월 의무사용,https://www.lotteimall.com/coop/affilGate.lotte?chl_no=141370&chl_dtl_no=2540914&returnUrl=/goods/viewGoodsDetail.lotte?goods_no=2901978791&utm_source=naver&utm_medium=affiliate&utm_campaign=price_compare,https://shopping-phinf.pstatic.net/main_5490461/54904613977.jpg,data\staging\wash_tower\세탁건조타워\stg_0027.jpg,600,600,deleted,2026-05-14T15:39:13
세탁건조타워,LG전자 혜택가 207만원대 LG전자 트롬 워시타워 W20WD 세탁24kg 건조20kg,https://link.gmarket.co.kr/gate/pcs?item-no=2344305507&sub-id=1003&service-code=10000003&lcd=100000092,https://shopping-phinf.pstatic.net/main_3551409/35514091238.163.jpg,data\staging\wash_tower\세탁건조타워\stg_0028.jpg,600,600,approved,2026-05-14T15:39:14
세탁건조타워,삼성 그랑데AI 원바디탑핏 24KG+20KG 워시타워 세탁건조기세트 화이트 WF2420HCWWC,https://smartstore.naver.com/main/products/11867916876,https://shopping-phinf.pstatic.net/main_8941242/89412427470.jpg,data\staging\wash_tower\세탁건조타워\stg_0029.jpg,1000,1000,skipped_duplicate,2026-05-14T15:39:15
세탁건조타워,세탁 건조 일체형 드럼기 원룸 오피스텔 가정용 워시타워  이중층 원형 49x30x51.7cm  기본 모델명/품번,https://link.coupang.com/re/PCSNAVERPCSDP?pageKey=8994067018&ctag=8994067018&lptag=I26349228193&itemId=26349228193&vendorItemId=95350215070&spec=10305199,https://shopping-phinf.pstatic.net/main_5993829/59938299794.jpg,data\staging\wash_tower\세탁건조타워\stg_0030.jpg,800,800,deleted,2026-05-14T15:39:15
세탁건조타워,세탁 건조 일체형 드럼기 원룸 오피스텔 가정용 워시타워  이중층 원형 29x30x51.7cm  기본 모델명/품번,https://link.coupang.com/re/PCSNAVERPCSDP?pageKey=8994067018&ctag=8994067018&lptag=I26349228219&itemId=26349228219&vendorItemId=95350215066&spec=10305199,https://shopping-phinf.pstatic.net/main_5993655/59936557796.jpg,data\staging\wash_tower\세탁건조타워\stg_0031.jpg,800,800,deleted,2026-05-14T15:39:16
세탁건조타워,세탁 건조 일체형 드럼기 원룸 오피스텔 가정용 워시타워  이중층 원형 39x30x51.7cm  기본 모델명/품번,https://link.coupang.com/re/PCSNAVERPCSDP?pageKey=8994067018&ctag=8994067018&lptag=I26349228199&itemId=26349228199&vendorItemId=95350215073&spec=10305199,https://shopping-phinf.pstatic.net/main_5993590/59935908496.jpg,data\staging\wash_tower\세탁건조타워\stg_0032.jpg,800,800,deleted,2026-05-14T15:39:16
세탁건조타워,[전국배송] LG 워시타워 오브제컬렉션 세탁25kg 건조25kg WA2525EEHF,https://smartstore.naver.com/main/products/13177379194,https://shopping-phinf.pstatic.net/main_9072189/90721890291.jpg,data\staging\wash_tower\세탁건조타워\stg_0033.jpg,1125,1125,skipped_duplicate,2026-05-14T15:39:17
세탁건조타워,픽온 일체형세탁건조기 올인원 미니건조기 세탁기건조기일체형 워시타워 소형가전  MD100V36T 10kg세탁건조일체형  기본 모델명/품번,https://link.coupang.com/re/PCSNAVERPCSDP?pageKey=9219946923&ctag=9219946923&lptag=I27244653536&itemId=27244653536&vendorItemId=94211587840&spec=10305199,https://shopping-phinf.pstatic.net/main_5830877/58308777936.jpg,data\staging\wash_tower\세탁건조타워\stg_0034.jpg,800,800,deleted,2026-05-14T15:39:17
세탁건조타워,"[코스트코 바로발송] LG 오브제 워시타워 세탁25kg &amp;건조22kg,크림 그레이",https://smartstore.naver.com/main/products/10605826676,https://shopping-phinf.pstatic.net/main_8815033/88150332266.jpg,data\staging\wash_tower\세탁건조타워\stg_0035.jpg,1133,1436,approved,2026-05-14T15:39:17
세탁건조타워,LG전자 트롬 워시타워 세탁건조 W20WD  단품,https://link.coupang.com/re/PCSNAVERPCSDP?pageKey=6295722087&ctag=6295722087&lptag=P6295722087&itemId=12991408841&vendorItemId=93411234173&spec=10305199,https://shopping-phinf.pstatic.net/main_3899355/38993552593.1089.jpg,data\staging\wash_tower\세탁건조타워\stg_0036.jpg,930,930,approved,2026-05-14T15:39:18
세탁건조타워,삼성 비스포크 AI 원바디 세탁기건조기 25/17kg 세제자동투입 타워형 세탁건조세트,https://smartstore.naver.com/main/products/11924823463,https://shopping-phinf.pstatic.net/main_8946933/89469334151.jpg,data\staging\wash_tower\세탁건조타워\stg_0037.jpg,1000,1000,approved,2026-05-14T15:39:18
세탁건조타워,"LG 25년형 오브제컬렉션 트루스팀 워시타워 세탁25,건조22 스페이스 블랙",https://smartstore.naver.com/main/products/12324548565,https://shopping-phinf.pstatic.net/main_8986905/89869059282.jpg,data\staging\wash_tower\세탁건조타워\stg_0038.jpg,450,450,approved,2026-05-14T15:39:19
세탁건조타워,LG전자 트롬 워시타워 세탁건조 W20WD  단품,https://link.coupang.com/re/PCSNAVERPCSDP?pageKey=6295722087&ctag=6295722087&lptag=V93411234173&itemId=12991408841&vendorItemId=93411234173&spec=10305199,https://shopping-phinf.pstatic.net/main_5835827/58358276388.8.jpg,data\staging\wash_tower\세탁건조타워\stg_0039.jpg,600,600,approved,2026-05-14T15:39:20
세탁건조타워,"LG 25년형 오브제컬렉션 트루스팀 워시타워 세탁24,건조21 네이처그린/네이처베이지",https://smartstore.naver.com/main/products/12324536833,https://shopping-phinf.pstatic.net/main_8986904/89869047550.jpg,data\staging\wash_tower\세탁건조타워\stg_0040.jpg,450,450,skipped_duplicate,2026-05-14T15:39:20
세탁건조타워,"LG 24년형 오브제컬렉션 트루스팀 워시타워 세탁25,건조21 릴리화이트",https://smartstore.naver.com/main/products/12324992485,https://shopping-phinf.pstatic.net/main_8986950/89869503202.jpg,data\staging\wash_tower\세탁건조타워\stg_0041.jpg,450,450,skipped_duplicate,2026-05-14T15:39:21
세탁건조타워,LG전자 트롬 워시타워 세탁건조 W20WD  단품,https://link.coupang.com/re/PCSNAVERPCSDP?pageKey=6295722087&ctag=6295722087&lptag=V87019134686&itemId=12991408841&vendorItemId=87019134686&spec=10305199,https://shopping-phinf.pstatic.net/main_5595756/55957563802.16.jpg,data\staging\wash_tower\세탁건조타워\stg_0042.jpg,930,930,skipped_duplicate,2026-05-14T15:39:22
세탁건조타워,LG 트롬 오브제컬렉션 워시타워 세탁건조 W20EG ..,https://smartstore.naver.com/main/products/6286004981,https://shopping-phinf.pstatic.net/main_8383050/83830507470.jpg,data\staging\wash_tower\세탁건조타워\stg_0043.jpg,1000,1000,approved,2026-05-14T15:39:22
세탁건조타워,[LG] 오브제컬렉션 세탁+건조 워시타워 W20EEM 무배상품,https://www.11st.co.kr/connect/Gateway.tmall?method=Xsite&prdNo=4725571460&tid=1000000061,https://shopping-phinf.pstatic.net/main_5279668/52796684114.2.jpg,data\staging\wash_tower\세탁건조타워\stg_0044.jpg,900,900,approved,2026-05-14T15:39:23
세탁건조타워,[LG] 오브제컬렉션 세탁+건조 워시타워 W20EEM 무료배송,https://www.11st.co.kr/connect/Gateway.tmall?method=Xsite&prdNo=4725606073&tid=1000000061,https://shopping-phinf.pstatic.net/main_5621082/56210823864.1.jpg,data\staging\wash_tower\세탁건조타워\stg_0045.jpg,900,900,skipped_duplicate,2026-05-14T15:39:23
세탁건조타워,2025 LG 트롬 AI 오브제컬렉션 워시타워 WA2525MYHF 세탁25kg 건조25kg,https://smartstore.naver.com/main/products/11789163363,https://shopping-phinf.pstatic.net/main_8933367/89333673950.jpg,data\staging\wash_tower\세탁건조타워\stg_0046.jpg,828,827,approved,2026-05-14T15:39:24
세탁건조타워,LG 트롬 AI 오브제컬렉션 워시타워 2025모델 WA2525MYHF 세탁건조25kg,https://www.11st.co.kr/connect/Gateway.tmall?method=Xsite&prdNo=8244132274&tid=1000000061,https://shopping-phinf.pstatic.net/main_5453084/54530849479.7.jpg,data\staging\wash_tower\세탁건조타워\stg_0047.jpg,900,898,skipped_duplicate,2026-05-14T15:39:25
세탁건조타워,LG 25년형 오브제컬렉션 트루스팀 워시타워 세탁25.건조22 릴리 화이트,https://smartstore.naver.com/main/products/12324757770,https://shopping-phinf.pstatic.net/main_8986926/89869268487.1.jpg,data\staging\wash_tower\세탁건조타워\stg_0048.jpg,450,450,skipped_duplicate,2026-05-14T15:39:25
세탁건조타워,LG 트롬 워시타워 오브제컬렉션 WA2323EGHN 23kg 그린 세탁건조,https://smartstore.naver.com/main/products/13257484622,https://shopping-phinf.pstatic.net/main_9080199/90801994954.jpg,data\staging\wash_tower\세탁건조타워\stg_0049.jpg,3780,3780,skipped_duplicate,2026-05-14T15:39:27
세탁건조타워,2025 LG 트롬 AI 워시타워 WA2525YMHF 오브제컬렉션 세탁건조25kg,https://smartstore.naver.com/main/products/12055277937,https://shopping-phinf.pstatic.net/main_8959978/89599788636.jpg,data\staging\wash_tower\세탁건조타워\stg_0050.jpg,828,827,skipped_duplicate,2026-05-14T15:39:28
세탁건조타워,[세탁기/건조기 부품] 범용 건조대 LG 건조기 호환 세탁 타워 액세서리 신발 지지대,https://smartstore.naver.com/main/products/13224793138,https://shopping-phinf.pstatic.net/main_9076930/90769303469.jpg,data\staging\wash_tower\세탁건조타워\stg_0051.jpg,600,600,deleted,2026-05-14T15:39:28
세탁건조타워,엘지세탁기건조기세트 컴팩트 세탁13/건조10kg 워시타워 일체형,https://smartstore.naver.com/main/products/9243020258,https://shopping-phinf.pstatic.net/main_8678752/86787520581.1.jpg,data\staging\wash_tower\세탁건조타워\stg_0052.jpg,500,500,skipped_duplicate,2026-05-14T15:39:29
세탁건조타워,건조기와 되는 만능 건조대 세탁 타워 건조기 신발 기본,https://smartstore.naver.com/main/products/13421656856,https://shopping-phinf.pstatic.net/main_9096616/90966167192.jpg,data\staging\wash_tower\세탁건조타워\stg_0053.jpg,1000,1000,deleted,2026-05-14T15:39:29
세탁건조타워,범용 건조대 LG 호환 호환 세탁 타워 액세서리 신발 지지대,https://smartstore.naver.com/main/products/13068504023,https://shopping-phinf.pstatic.net/main_9061301/90613015115.jpg,data\staging\wash_tower\세탁건조타워\stg_0054.jpg,600,600,deleted,2026-05-14T15:39:30
세탁건조타워,"LG 건조기와 호환되는 만능 건조대, 세탁 타워 액세서리, 신발 지지대",https://smartstore.naver.com/main/products/13294569330,https://shopping-phinf.pstatic.net/main_9083907/90839079662.jpg,data\staging\wash_tower\세탁건조타워\stg_0055.jpg,600,600,deleted,2026-05-14T15:39:30
세탁건조타워,트롬 LG 트롬 AI 오브제컬렉션 워시타워 25/25kg WA2525EEHF / AI 세탁건조 솔루션,https://link.auction.co.kr/gate/pcs?item-no=F265611458&sub-id=1&service-code=10000003,https://shopping-phinf.pstatic.net/main_5833366/58333663649.1.jpg,data\staging\wash_tower\세탁건조타워\stg_0056.jpg,600,600,skipped_duplicate,2026-05-14T15:39:31
세탁건조타워,트롬 LG 트롬 AI 오브제컬렉션 워시타워 25/25kg WA2525GEHF / AI 세탁건조 솔루션,https://link.auction.co.kr/gate/pcs?item-no=F265631609&sub-id=1&service-code=10000003,https://shopping-phinf.pstatic.net/main_5833363/58333634483.jpg,data\staging\wash_tower\세탁건조타워\stg_0057.jpg,600,600,skipped_duplicate,2026-05-14T15:39:32
세탁건조타워,트롬 LG 트롬 AI 오브제컬렉션 워시타워 25/25kg WA2525EGHF / AI 세탁건조 솔루션,https://link.auction.co.kr/gate/pcs?item-no=F265626515&sub-id=1&service-code=10000003,https://shopping-phinf.pstatic.net/main_5742108/57421086496.jpg,data\staging\wash_tower\세탁건조타워\stg_0058.jpg,600,600,approved,2026-05-14T15:39:32
세탁건조타워,트롬 LG 트롬 AI 오브제컬렉션 워시타워 25/25kg WA2525GGHF / AI 세탁건조 솔루션,https://link.auction.co.kr/gate/pcs?item-no=F266500473&sub-id=1&service-code=10000003,https://shopping-phinf.pstatic.net/main_5560924/55609246663.2.jpg,data\staging\wash_tower\세탁건조타워\stg_0059.jpg,600,600,approved,2026-05-14T15:39:33
세탁건조타워,4.5 큐피트 두께의 일렉트로룩스 세탁기 및 8.0 가스 건조기 세탁 타워 스마트부스트 프리미엄 포함 티타늄 소재,https://smartstore.naver.com/main/products/13045992599,https://shopping-phinf.pstatic.net/main_9059050/90590503691.jpg,data\staging\wash_tower\세탁건조타워\stg_0060.jpg,356,1000,approved,2026-05-14T15:39:34
세탁건조타워,LG전자 LG 트롬 AI 오브제컬렉션 워시타워 25/25kg WA2525GEHF / AI 세탁건조 솔루션,https://link.gmarket.co.kr/gate/pcs?item-no=4462845084&sub-id=1003&service-code=10000003&lcd=100000092,https://shopping-phinf.pstatic.net/main_5757534/57575348004.1.jpg,data\staging\wash_tower\세탁건조타워\stg_0061.jpg,600,600,skipped_duplicate,2026-05-14T15:39:34
세탁건조타워,LG전자 LG 트롬 AI 오브제컬렉션 워시타워 25/25kg WA2525EGHF / AI 세탁건조 솔루션,https://link.gmarket.co.kr/gate/pcs?item-no=4462840985&sub-id=1003&service-code=10000003&lcd=100000092,https://shopping-phinf.pstatic.net/main_5559765/55597658518.5.jpg,data\staging\wash_tower\세탁건조타워\stg_0062.jpg,600,600,skipped_duplicate,2026-05-14T15:39:35
세탁건조타워,4.5 큐피트 두께의 일렉트로룩스 세탁기 및 8.0 건조기 세탁 타워 스마트부스트 프리미엄 포함 티타늄 소재,https://smartstore.naver.com/main/products/13278537063,https://shopping-phinf.pstatic.net/main_9082304/90823047395.jpg,data\staging\wash_tower\세탁건조타워\stg_0063.jpg,356,1000,skipped_duplicate,2026-05-14T15:39:35
세탁건조타워,4.5 큐피트 두께의 일렉트로룩스 세탁기 및 8.0 가스 건조기 세탁 타워 스마트부스트 프리미엄 포함 티타늄,https://www.11st.co.kr/connect/Gateway.tmall?method=Xsite&prdNo=9069846445&tid=1000000061,https://shopping-phinf.pstatic.net/main_5873949/58739496523.jpg,data\staging\wash_tower\세탁건조타워\stg_0064.jpg,320,900,skipped_duplicate,2026-05-14T15:39:36
세탁건조타워,1 조각 의 신발 브래킷 특수 스탠드 건조기 A. LG 신품 정품 세탁건조타워 건조기 건조,https://smartstore.naver.com/main/products/12623490269,https://shopping-phinf.pstatic.net/main_9016800/90168001125.jpg,data\staging\wash_tower\세탁건조타워\stg_0065.jpg,1000,1000,deleted,2026-05-14T15:39:37
세탁건조타워,1 조각 의 용 새로운 건조기 특수 스탠드 A. LG 신품 정품 세탁건조타워 건조기 건조,https://smartstore.naver.com/main/products/12676028725,https://shopping-phinf.pstatic.net/main_9022053/90220539632.jpg,data\staging\wash_tower\세탁건조타워\stg_0066.jpg,1000,1000,deleted,2026-05-14T15:39:37
세탁건조타워,"LG 25년형 오브제컬렉션 트루스팀 워시타워 세탁24kg,건조21kg 네이처그린",https://smartstore.naver.com/main/products/12325228806,https://shopping-phinf.pstatic.net/main_8986973/89869739523.jpg,data\staging\wash_tower\세탁건조타워\stg_0067.jpg,450,450,skipped_duplicate,2026-05-14T15:39:38
세탁건조타워,엘지 오브제 워시타워 세탁 25kg&amp; 건조25kg,https://smartstore.naver.com/main/products/12002468889,https://shopping-phinf.pstatic.net/main_8954697/89546979577.1.jpg,data\staging\wash_tower\세탁건조타워\stg_0068.jpg,1000,1000,skipped_duplicate,2026-05-14T15:39:38
세탁건조타워,엘지 오브제 워시타워 세탁 25kg&amp; 건조25kg,https://smartstore.naver.com/main/products/12002495903,https://shopping-phinf.pstatic.net/main_8954700/89547006591.1.jpg,data\staging\wash_tower\세탁건조타워\stg_0069.jpg,1000,1000,skipped_duplicate,2026-05-14T15:39:39
세탁건조타워,엘지 오브제 워시타워 세탁 25kg&amp; 건조25kg,https://smartstore.naver.com/main/products/12002423412,https://shopping-phinf.pstatic.net/main_8954693/89546934101.1.jpg,data\staging\wash_tower\세탁건조타워\stg_0070.jpg,1000,1000,skipped_duplicate,2026-05-14T15:39:39
세탁건조타워,엘지 오브제 워시타워 세탁 25kg&amp; 건조25kg,https://smartstore.naver.com/main/products/12002517816,https://shopping-phinf.pstatic.net/main_8954702/89547028504.1.jpg,data\staging\wash_tower\세탁건조타워\stg_0071.jpg,1000,1000,skipped_duplicate,2026-05-14T15:39:40
세탁건조타워,엘지 오브제 워시타워 세탁 25kg&amp; 건조25kg,https://smartstore.naver.com/main/products/12002463066,https://shopping-phinf.pstatic.net/main_8954697/89546973754.1.jpg,data\staging\wash_tower\세탁건조타워\stg_0072.jpg,1000,1000,skipped_duplicate,2026-05-14T15:39:40
세탁건조타워,세탁기받침대 발판 선반 거치대 건조기 샤워타워 세탁타워 고정 베란다 바닥 검정 40x40x15cm,https://smartstore.naver.com/main/products/11419293475,https://shopping-phinf.pstatic.net/main_8896380/88963803840.jpg,data\staging\wash_tower\세탁건조타워\stg_0073.jpg,800,800,deleted,2026-05-14T15:39:41
세탁건조타워,엘지 오브제 워시타워 세탁 25kg&amp; 건조25kg WA2525MMHF 1등급,https://smartstore.naver.com/main/products/13123574765,https://shopping-phinf.pstatic.net/main_9066808/90668085857.jpg,data\staging\wash_tower\세탁건조타워\stg_0074.jpg,460,625,skipped_duplicate,2026-05-14T15:39:41
세탁건조타워,LG 오브제 워시타워 세탁25kg+건조22kg 네이처베이지 코스트코,https://smartstore.naver.com/main/products/10740092399,https://shopping-phinf.pstatic.net/main_8828459/88284598321.jpg,data\staging\wash_tower\세탁건조타워\stg_0075.jpg,1000,1000,skipped_duplicate,2026-05-14T15:39:42
세탁건조타워,엘지 오브제컬렉션 워시타워 세탁 23kg&amp;건조 20kg - 그린,https://smartstore.naver.com/main/products/8068818103,https://shopping-phinf.pstatic.net/main_8561331/85613318426.jpg,data\staging\wash_tower\세탁건조타워\stg_0076.jpg,393,631,approved,2026-05-14T15:39:43
세탁건조타워,LG 오브제 워시타워 세탁25kg+건조22kg 네이처그린 코스트코,https://smartstore.naver.com/main/products/10740126221,https://shopping-phinf.pstatic.net/main_8828463/88284632143.jpg,data\staging\wash_tower\세탁건조타워\stg_0077.jpg,1000,1000,skipped_duplicate,2026-05-14T15:39:43
세탁건조타워,LG전자 LG전자 트롬 AI오브제 워시타워 WA2525EGZF 25+25kg 세탁건조세트 1등급,https://link.gmarket.co.kr/gate/pcs?item-no=4400609762&sub-id=1003&service-code=10000003&lcd=100000092,https://shopping-phinf.pstatic.net/main_5450625/54506259067.1.jpg,data\staging\wash_tower\세탁건조타워\stg_0078.jpg,1000,1000,approved,2026-05-14T15:39:44
세탁건조타워,엘지 오브제 AI 워시타워 세탁 25kg&amp;건조 25kg 스페이스 블랙 WA2525KDF,https://smartstore.naver.com/main/products/12004853228,https://shopping-phinf.pstatic.net/main_8954936/89549363916.jpg,data\staging\wash_tower\세탁건조타워\stg_0079.jpg,436,648,approved,2026-05-14T15:39:44
세탁건조타워,엘지 트롬 워시타워 세탁 23kg&amp;건조 20kg - 메탈릭실버 W20VAN,https://smartstore.naver.com/main/products/7943271790,https://shopping-phinf.pstatic.net/main_8548777/85487772113.jpg,data\staging\wash_tower\세탁건조타워\stg_0080.jpg,395,614,approved,2026-05-14T15:39:45
세탁건조타워,LG 엘지 오브제 워시타워 세탁25kg &amp;건조22kg WL22GYHU 1등급,https://smartstore.naver.com/main/products/11382659315,https://shopping-phinf.pstatic.net/main_8892716/88927169680.jpg,data\staging\wash_tower\세탁건조타워\stg_0081.jpg,436,634,approved,2026-05-14T15:39:46
세탁건조타워,엘지 오브제 AI 워시타워 세탁 25kg&amp;건조 25kg WA2525KDF 2025년 1등급,https://smartstore.naver.com/main/products/12004828660,https://shopping-phinf.pstatic.net/main_8954933/89549339348.jpg,data\staging\wash_tower\세탁건조타워\stg_0082.jpg,436,648,skipped_duplicate,2026-05-14T15:39:47
세탁건조타워,픽온 일체형세탁건조기 미니 건조기 원룸세탁기 소형가전 자취 무소음 올인원 1인가구 워시타워 MND12VD1E 세탁건조일체형,https://smartstore.naver.com/main/products/12703833889,https://shopping-phinf.pstatic.net/main_9024834/90248344813.jpg,data\staging\wash_tower\세탁건조타워\stg_0083.jpg,609,794,deleted,2026-05-14T15:39:47
세탁건조타워,LG 오브제 워시타워 세탁25kg &amp;건조22kg WL22EYHU 2024년 1등급,https://smartstore.naver.com/main/products/11377646307,https://shopping-phinf.pstatic.net/main_8892215/88922156672.jpg,data\staging\wash_tower\세탁건조타워\stg_0084.jpg,446,635,approved,2026-05-14T15:39:48
세탁건조타워,LG 오브제 워시타워 세탁25kg &amp;건조22kg WL22GGHU 2024년 1등급,https://smartstore.naver.com/main/products/10375564323,https://shopping-phinf.pstatic.net/main_8792006/87920069014.jpg,data\staging\wash_tower\세탁건조타워\stg_0085.jpg,449,632,approved,2026-05-14T15:39:48
세탁건조타워,엘지 오브제AI 워시타워 세탁 25kg&amp;건조25kg WA2525IIHF 2025년 1등급,https://smartstore.naver.com/main/products/12004882495,https://shopping-phinf.pstatic.net/main_8954939/89549393183.jpg,data\staging\wash_tower\세탁건조타워\stg_0086.jpg,441,650,approved,2026-05-14T15:39:49
세탁건조타워,LG엘지 트롬 오브제컬렉션 워시타워세탁 25kg&amp; 건조21kg WL21GEN 1등급,https://smartstore.naver.com/main/products/11630306161,https://shopping-phinf.pstatic.net/main_8917481/89174816567.jpg,data\staging\wash_tower\세탁건조타워\stg_0087.jpg,429,667,approved,2026-05-14T15:39:50
세탁건조타워,LG 엘지 오브제컬렉션 워시타워 세탁 25kg&amp;건조 21kg -네이처 (2023년 1등급),https://smartstore.naver.com/main/products/8394321880,https://shopping-phinf.pstatic.net/main_8593882/85938822203.1.jpg,data\staging\wash_tower\세탁건조타워\stg_0088.jpg,569,583,approved,2026-05-14T15:39:50
세탁건조타워,오브제컬렉션 세탁+건조 워시타워 W20GEAN,https://www.11st.co.kr/connect/Gateway.tmall?method=Xsite&prdNo=8654857022&tid=1000000061,https://shopping-phinf.pstatic.net/main_5954535/59545358881.jpg,data\staging\wash_tower\세탁건조타워\stg_0089.jpg,900,900,skipped_duplicate,2026-05-14T15:39:51
세탁건조타워,엘지 오브제컬렉션 워시타워 세탁25kg &amp;건조22kg WL22GGHU 2024년 1등급,https://smartstore.naver.com/main/products/10375591177,https://shopping-phinf.pstatic.net/main_8792009/87920095868.jpg,data\staging\wash_tower\세탁건조타워\stg_0090.jpg,436,639,approved,2026-05-14T15:39:51
세탁건조타워,[렌탈]넥센타이어 LG 워시타워 세탁건조 일체형 KFG19VN-8VN 60개월 61900/60개월 의무사용,https://www.lotteimall.com/coop/affilGate.lotte?chl_no=141370&chl_dtl_no=2540914&returnUrl=/goods/viewGoodsDetail.lotte?goods_no=2901978025&utm_source=naver&utm_medium=affiliate&utm_campaign=price_compare,https://shopping-phinf.pstatic.net/main_5490462/54904622241.jpg,data\staging\wash_tower\세탁건조타워\stg_0091.jpg,600,600,deleted,2026-05-14T15:39:52
세탁건조타워,[LG]전자 오브제컬렉션 W21EEZ 워시타워 세탁+건조 전국배송무료,https://www.11st.co.kr/connect/Gateway.tmall?method=Xsite&prdNo=7474434529&tid=1000000061,https://shopping-phinf.pstatic.net/main_5948716/59487168991.jpg,data\staging\wash_tower\세탁건조타워\stg_0092.jpg,900,900,skipped_duplicate,2026-05-14T15:39:53
세탁건조타워,LG전자 트롬 세탁+건조 워시타워 W20WD,https://www.skstoa.com/display/goods/35103523?mediaCode=EP05&utm_source=naver&utm_medium=affiliate&utm_campaign=shopping,https://shopping-phinf.pstatic.net/main_4178920/41789201839.jpg,data\staging\wash_tower\세탁건조타워\stg_0093.jpg,500,500,approved,2026-05-14T15:39:54
세탁건조타워,(LG)LG 트롬 세탁+건조 워시타워 W20WD 무료배송,https://link.auction.co.kr/gate/pcs?item-no=C603441619&sub-id=1&service-code=10000003,https://shopping-phinf.pstatic.net/main_5816609/58166093650.jpg,data\staging\wash_tower\세탁건조타워\stg_0094.jpg,600,600,skipped_duplicate,2026-05-14T15:39:54
세탁건조타워,LG 트롬 세탁+건조 워시타워 W20WD 무료배송,http://shinsegaemall.ssg.com/item/itemView.ssg?itemId=1000374181678&siteNo=6004&salestrNo=6005&ckwhere=s_naver&appPopYn=n&utm_medium=PCS&utm_source=naver&utm_campaign=naver_pcs,https://shopping-phinf.pstatic.net/main_3229321/32293215085.jpg,data\staging\wash_tower\세탁건조타워\stg_0095.jpg,350,350,skipped_duplicate,2026-05-14T15:39:55
세탁건조타워,LG 트롬 오브제컬렉션 워시타워 (세탁건조세트) W20WHNM 서울/경기지역 설치,https://link.coupang.com/re/PCSNAVERPCSDP?pageKey=9522123138&ctag=9522123138&lptag=I28387106055&itemId=28387106055&vendorItemId=95338637401&spec=10305199,https://shopping-phinf.pstatic.net/main_5988846/59888465101.jpg,data\staging\wash_tower\세탁건조타워\stg_0096.jpg,1264,1264,skipped_duplicate,2026-05-14T15:39:55
세탁건조타워,세탁건조타워 세탁기타워 세탁기선반 수납장 다이 다옹도실 선반 원룸 프레임 받침대,https://www.11st.co.kr/connect/Gateway.tmall?method=Xsite&prdNo=8743623796&tid=1000000061,https://shopping-phinf.pstatic.net/main_5722430/57224300471.1.jpg,data\staging\wash_tower\세탁건조타워\stg_0097.jpg,900,900,deleted,2026-05-14T15:39:56
세탁건조타워,LG 트롬 세탁+건조 워시타워 W20KD 무료배송,http://www.ssg.com/item/itemView.ssg?itemId=1000374181684&siteNo=6001&salestrNo=6005&ckwhere=ssg_naver&appPopYn=n&utm_medium=PCS&utm_source=naver&utm_campaign=naver_pcs,https://shopping-phinf.pstatic.net/main_3294707/32947079935.jpg,data\staging\wash_tower\세탁건조타워\stg_0098.jpg,350,350,approved,2026-05-14T15:39:56
세탁건조타워,LG 트롬 세탁+건조 워시타워 W20KD 무료배송,http://shinsegaemall.ssg.com/item/itemView.ssg?itemId=1000374181684&siteNo=6004&salestrNo=6005&ckwhere=s_naver&appPopYn=n&utm_medium=PCS&utm_source=naver&utm_campaign=naver_pcs,https://shopping-phinf.pstatic.net/main_3294643/32946430679.jpg,data\staging\wash_tower\세탁건조타워\stg_0099.jpg,350,350,skipped_duplicate,2026-05-14T15:39:57
타워형 세탁건조기,2025년 삼성전자 AI비스포크 타워형 세탁건조기 25KG+21KG 병렬설치가능 블랙 WF25DG8250BV2T,https://smartstore.naver.com/main/products/11929268528,https://shopping-phinf.pstatic.net/main_8947377/89473779216.jpg,data\staging\wash_tower\타워형_세탁건조기\stg_0000.jpg,1000,1000,skipped_duplicate,2026-05-14T15:39:58
타워형 세탁건조기,(삼성설치포함)AI 원바디 세탁기 24kg + 건조기 20kg 워시타워 화이트 WF2420HCWWC,https://smartstore.naver.com/main/products/11021880281,https://shopping-phinf.pstatic.net/main_8856638/88566386488.jpg,data\staging\wash_tower\타워형_세탁건조기\stg_0001.jpg,1000,1000,skipped_duplicate,2026-05-14T15:39:59
타워형 세탁건조기,LG전자 오브제컬렉션 워시타워 W20GEAN 세탁기 23kg + 건조기 20kg 방문설치,https://link.coupang.com/re/PCSNAVERPCSDP?pageKey=6764223156&ctag=6764223156&lptag=l344240606918&itemId=44140069368&vendorItemId=81294119532&spec=10305197,https://shopping-phinf.pstatic.net/main_5976378/59763784248.jpg,data\staging\wash_tower\타워형_세탁건조기\stg_0002.jpg,1000,1000,skipped_duplicate,2026-05-14T15:39:59
타워형 세탁건조기,LG 오브제 컬렉션 워시타워 세탁 25kg + 건조 21kg 트루스팀 네이처 베이지,https://smartstore.naver.com/main/products/7696824794,https://shopping-phinf.pstatic.net/main_8524132/85241325116.1.jpg,data\staging\wash_tower\타워형_세탁건조기\stg_0003.jpg,1284,1253,skipped_duplicate,2026-05-14T15:39:59
타워형 세탁건조기,엘지 트롬 오브제컬렉션 일체형 세탁23kg 건조20kg 워시타워 원바디 그린 W20GGAN,https://smartstore.naver.com/main/products/11984197079,https://shopping-phinf.pstatic.net/main_8952870/89528707767.jpg,data\staging\wash_tower\타워형_세탁건조기\stg_0004.jpg,1000,1000,skipped_duplicate,2026-05-14T15:40:00
타워형 세탁건조기,LG 트롬 AI 오브제컬렉션 워시타워 세탁 25kg + 건조 25kg 네이비/그레이,https://smartstore.naver.com/main/products/12095492469,https://shopping-phinf.pstatic.net/main_8964000/89640003174.jpg,data\staging\wash_tower\타워형_세탁건조기\stg_0005.jpg,1284,1307,approved,2026-05-14T15:40:00
타워형 세탁건조기,LG 트롬 오브제컬렉션 워시타워 컴팩트 세탁 13kg 건조 10kg 블랙,https://smartstore.naver.com/main/products/10560691409,https://shopping-phinf.pstatic.net/main_8810519/88105196918.jpg,data\staging\wash_tower\타워형_세탁건조기\stg_0006.jpg,640,640,skipped_duplicate,2026-05-14T15:40:01
타워형 세탁건조기,LG 트롬 AI 오브제컬렉션 워시타워 세탁25kg+건조25kg 트루스팀 스페이스 블랙,https://smartstore.naver.com/main/products/11915632838,https://shopping-phinf.pstatic.net/main_8946014/89460143447.jpg,data\staging\wash_tower\타워형_세탁건조기\stg_0007.jpg,1284,1303,approved,2026-05-14T15:40:01
타워형 세탁건조기,삼성/LG 드럼세탁기 14kg+ 건조기 14kg 세트,https://smartstore.naver.com/main/products/13100435006,https://shopping-phinf.pstatic.net/main_9064494/90644946098.jpg,data\staging\wash_tower\타워형_세탁건조기\stg_0008.jpg,1000,1000,deleted,2026-05-14T15:40:01
타워형 세탁건조기,삼성전자 비스포크AI 원바디 25키로세탁기 22키로건조기 타워형 드럼세탁건조기,https://smartstore.naver.com/main/products/12343978372,https://shopping-phinf.pstatic.net/main_8988848/89888489089.jpg,data\staging\wash_tower\타워형_세탁건조기\stg_0009.jpg,800,800,skipped_duplicate,2026-05-14T15:40:02
타워형 세탁건조기,LG전자 오브제컬렉션 워시타워 W20GEAN 세탁기 23kg + 건조기 20kg 방문설치,https://link.coupang.com/re/PCSNAVERPCSDP?pageKey=6764223156&ctag=6764223156&lptag=l702691081541&itemId=50184761190&vendorItemId=82626701248&spec=10305197,https://shopping-phinf.pstatic.net/main_5976672/59766723522.jpg,data\staging\wash_tower\타워형_세탁건조기\stg_0010.jpg,2000,2000,skipped_duplicate,2026-05-14T15:40:02
타워형 세탁건조기,삼성전자 비스포크AI 원바디 25키로세탁기 20키로건조기 타워형 드럼세탁건조기,https://smartstore.naver.com/main/products/12344052096,https://shopping-phinf.pstatic.net/main_8988856/89888562813.jpg,data\staging\wash_tower\타워형_세탁건조기\stg_0011.jpg,800,800,skipped_duplicate,2026-05-14T15:40:03
타워형 세탁건조기,LG 오브제 컬렉션 워시타워 세탁 24kg + 건조 20kg 트루스팀 네이처 베이지,https://smartstore.naver.com/main/products/11728752564,https://shopping-phinf.pstatic.net/main_8927326/89273263063.jpg,data\staging\wash_tower\타워형_세탁건조기\stg_0012.jpg,1284,1253,skipped_duplicate,2026-05-14T15:40:03
타워형 세탁건조기,LG 트롬 오브제컬렉션 워시타워 세탁 24kg + 건조 21kg 트루스팀 베이지/그린,https://smartstore.naver.com/main/products/11535405337,https://shopping-phinf.pstatic.net/main_8907991/89079915743.jpg,data\staging\wash_tower\타워형_세탁건조기\stg_0013.jpg,1284,1332,skipped_duplicate,2026-05-14T15:40:04
타워형 세탁건조기,LG 트롬 오브제컬렉션 워시타워 컴팩트 13/10kg W1310BHN,https://smartstore.naver.com/main/products/13365552342,https://shopping-phinf.pstatic.net/main_9091006/90910062674.jpg,data\staging\wash_tower\타워형_세탁건조기\stg_0014.jpg,1000,1000,skipped_duplicate,2026-05-14T15:40:04
타워형 세탁건조기,LG 워시타워 트롬 오브제 올인원 트루스팀 세탁기 25kg 건조기 20kg 일체형,https://www.11st.co.kr/connect/Gateway.tmall?method=Xsite&prdNo=9202294238&tid=1000000061,https://shopping-phinf.pstatic.net/main_5932405/59324053661.jpg,data\staging\wash_tower\타워형_세탁건조기\stg_0015.jpg,900,900,skipped_duplicate,2026-05-14T15:40:05
타워형 세탁건조기,LG 오브제 워시타워 세탁건조기 W21EEZ  단일옵션,https://link.coupang.com/re/PCSNAVERPCSDP?pageKey=7228864393&ctag=7228864393&lptag=V91942050265&itemId=18337573764&vendorItemId=91942050265&spec=10305199,https://shopping-phinf.pstatic.net/main_5963393/59633938372.jpg,data\staging\wash_tower\타워형_세탁건조기\stg_0016.jpg,730,730,skipped_duplicate,2026-05-14T15:40:05
타워형 세탁건조기,2025년 엘지 트롬AI 트루스팀 워시타워 세탁25KG 건조25KG 자동세제 원바디 에센스화이트 WA2525IIHF,https://smartstore.naver.com/main/products/11989135100,https://shopping-phinf.pstatic.net/main_8953364/89533645788.jpg,data\staging\wash_tower\타워형_세탁건조기\stg_0017.jpg,1000,1000,skipped_duplicate,2026-05-14T15:40:05
타워형 세탁건조기,2025년 삼성전자 AI비스포크 타워형 세탁건조기 25KG+21KG 병렬설치가능 화이트 wf25dg8250bw2t 방문설치,https://smartstore.naver.com/main/products/12935188469,https://shopping-phinf.pstatic.net/main_9047969/90479699479.jpg,data\staging\wash_tower\타워형_세탁건조기\stg_0018.jpg,1000,1000,approved,2026-05-14T15:40:06
타워형 세탁건조기,일체형세탁건조기 올인원 미니건조기 워시타워 세탁건조일체형 A B. 위니아 8kg 통 세탁기,https://smartstore.naver.com/main/products/13357460068,https://shopping-phinf.pstatic.net/main_9090197/90901970401.jpg,data\staging\wash_tower\타워형_세탁건조기\stg_0019.jpg,800,800,deleted,2026-05-14T15:40:06
타워형 세탁건조기,삼성 비스코프 그랑데 AI 24kg 20kg 세탁기 건조기 일체형 워시타워 1등급  그레이지,https://link.coupang.com/re/PCSNAVERPCSDP?pageKey=9296344341&ctag=9296344341&lptag=I27536109338&itemId=27536109338&vendorItemId=94500640941&spec=10305199,https://shopping-phinf.pstatic.net/main_5951150/59511507029.jpg,data\staging\wash_tower\타워형_세탁건조기\stg_0020.jpg,1000,1000,skipped_duplicate,2026-05-14T15:40:07
타워형 세탁건조기,LG 트롬 워시타워 세탁기 13kg 건조기 10kg 일체형 1등급 AI 올인원 블랙,https://link.coupang.com/re/PCSNAVERPCSDP?pageKey=7232502678&ctag=7232502678&lptag=I18355796093&itemId=18355796093&vendorItemId=92194318997&spec=10305199,https://shopping-phinf.pstatic.net/main_5933771/59337710226.jpg,data\staging\wash_tower\타워형_세탁건조기\stg_0021.jpg,1000,1000,skipped_duplicate,2026-05-14T15:40:07
타워형 세탁건조기,LG 트롬 워시타워 올인원 AI 세탁기 건조기 일체형 13kg 10kg 1등급 2026년형,https://www.11st.co.kr/connect/Gateway.tmall?method=Xsite&prdNo=9202266107&tid=1000000061,https://shopping-phinf.pstatic.net/main_5931098/59310988435.jpg,data\staging\wash_tower\타워형_세탁건조기\stg_0022.jpg,900,900,skipped_duplicate,2026-05-14T15:40:08
타워형 세탁건조기,LG 트롬 오브제컬렉션 컴팩트 워시타워 세탁기 13kg + 건조기 10kg 플래티넘블랙,https://www.lotteon.com/p/product/LO2668252804?sitmNo=LO2668252804_2668252805&ch_no=100065&ch_dtl_no=1000030&entryPoint=pcs&dp_infw_cd=CHT,https://shopping-phinf.pstatic.net/main_5983184/59831843105.jpg,data\staging\wash_tower\타워형_세탁건조기\stg_0023.jpg,800,800,approved,2026-05-14T15:40:08
타워형 세탁건조기,LG 워시타워 세탁건조기 렌탈 WA2525KDF 6년약정,http://rental-nara.com/products/detail.asp?idx=7641,https://shopping-phinf.pstatic.net/main_5881750/58817505269.jpg,data\staging\wash_tower\타워형_세탁건조기\stg_0024.jpg,600,600,approved,2026-05-14T15:40:09
타워형 세탁건조기,LG 워시타워 세탁건조기 렌탈 WA2525EEZF 6년약정,http://rental-nara.com/products/detail.asp?idx=7644,https://shopping-phinf.pstatic.net/main_5881756/58817567938.jpg,data\staging\wash_tower\타워형_세탁건조기\stg_0025.jpg,600,600,approved,2026-05-14T15:40:09
타워형 세탁건조기,LG 워시타워 세탁건조기 렌탈 WA2525YYZF 6년약정,http://rental-nara.com/products/detail.asp?idx=7642,https://shopping-phinf.pstatic.net/main_5881752/58817529543.jpg,data\staging\wash_tower\타워형_세탁건조기\stg_0026.jpg,600,600,skipped_duplicate,2026-05-14T15:40:09
타워형 세탁건조기,LG 워시타워 세탁건조기 렌탈 WA2525MMZF 6년약정,http://rental-nara.com/products/detail.asp?idx=7643,https://shopping-phinf.pstatic.net/main_5881748/58817485846.jpg,data\staging\wash_tower\타워형_세탁건조기\stg_0027.jpg,600,600,skipped_duplicate,2026-05-14T15:40:10
타워형 세탁건조기,LG 워시타워 세탁건조기 렌탈 WA2525YMZF 6년약정,http://rental-nara.com/products/detail.asp?idx=7645,https://shopping-phinf.pstatic.net/main_5881757/58817579759.jpg,data\staging\wash_tower\타워형_세탁건조기\stg_0028.jpg,600,600,skipped_duplicate,2026-05-14T15:40:10
타워형 세탁건조기,드럼세탁기15KG 콤보 세탁기타워 올인원 세탁건조기,https://smartstore.naver.com/main/products/13396618367,https://shopping-phinf.pstatic.net/main_9094112/90941128703.jpg,data\staging\wash_tower\타워형_세탁건조기\stg_0029.jpg,800,800,deleted,2026-05-14T15:40:11
타워형 세탁건조기,삼성전자 비스포크AI 원바디 25키로 22키로 세탁기 건조기 타워형 드럼세탁건조기,https://smartstore.naver.com/main/products/12339571905,https://shopping-phinf.pstatic.net/main_8988408/89884082622.jpg,data\staging\wash_tower\타워형_세탁건조기\stg_0030.jpg,800,800,skipped_duplicate,2026-05-14T15:40:11
타워형 세탁건조기,세탁기 건조기 랙 비스포크 수납장 워시타워 거치대 건조기선반 조립식 세탁실,https://smartstore.naver.com/main/products/13281606189,https://shopping-phinf.pstatic.net/main_9082611/90826116521.jpg,data\staging\wash_tower\타워형_세탁건조기\stg_0031.jpg,800,800,deleted,2026-05-14T15:40:11
타워형 세탁건조기,픽온 일체형세탁건조기 미니 건조기 원룸세탁기 소형가전 자취 무소음 올인원 1인가구 워시타워,https://www.11st.co.kr/connect/Gateway.tmall?method=Xsite&prdNo=9024822284&tid=1000000061,https://shopping-phinf.pstatic.net/main_5854153/58541537059.jpg,data\staging\wash_tower\타워형_세탁건조기\stg_0032.jpg,690,900,deleted,2026-05-14T15:40:12
타워형 세탁건조기,삼성전자 그랑데AI 원바디 세탁기 25kg 건조기 22kg 타워형 가정용 드럼세탁건조기,https://smartstore.naver.com/main/products/12339544386,https://shopping-phinf.pstatic.net/main_8988405/89884055103.jpg,data\staging\wash_tower\타워형_세탁건조기\stg_0033.jpg,800,800,skipped_duplicate,2026-05-14T15:40:12
타워형 세탁건조기,삼성전자 그랑데AI 원바디 25kg세탁기 20kg건조기 타워형 가정용 드럼세탁건조기,https://smartstore.naver.com/main/products/12344090384,https://shopping-phinf.pstatic.net/main_8988860/89888601101.jpg,data\staging\wash_tower\타워형_세탁건조기\stg_0034.jpg,800,800,skipped_duplicate,2026-05-14T15:40:13
타워형 세탁건조기,15KG 타워 세탁기 전면 로딩 건조기 스마트 7KG AI 1400 세탁 10KG Gray,https://smartstore.naver.com/main/products/13311664218,https://shopping-phinf.pstatic.net/main_9085617/90856174550.jpg,data\staging\wash_tower\타워형_세탁건조기\stg_0035.jpg,1000,1000,approved,2026-05-14T15:40:13
타워형 세탁건조기,LG전자 LG 트롬 워시타워 W20WAN 세탁기건조기세트 23/20kg-후,https://www.skstoa.com/display/goods/62679948?mediaCode=EP05&utm_source=naver&utm_medium=affiliate&utm_campaign=shopping,https://shopping-phinf.pstatic.net/main_5971147/59711472595.jpg,data\staging\wash_tower\타워형_세탁건조기\stg_0036.jpg,500,500,approved,2026-05-14T15:40:13
타워형 세탁건조기,삼성전자 그랑데AI 원바디 타워형 세탁기 25kg 건조기 22kg 가정용 드럼세탁건조기,https://smartstore.naver.com/main/products/12343968415,https://shopping-phinf.pstatic.net/main_8988847/89888479132.jpg,data\staging\wash_tower\타워형_세탁건조기\stg_0037.jpg,800,800,skipped_duplicate,2026-05-14T15:40:14
타워형 세탁건조기,LG 트롬 AI 오브제컬렉션 워시타워 세탁건조기 25/25kg (베이지/그린)...,http://www.ssg.com/item/itemView.ssg?itemId=1000809544852&siteNo=6004&salestrNo=6005&ckwhere=ssg_naver&appPopYn=n&utm_medium=PCS&utm_source=naver&utm_campaign=naver_pcs,https://shopping-phinf.pstatic.net/main_5940052/59400529054.jpg,data\staging\wash_tower\타워형_세탁건조기\stg_0038.jpg,350,350,skipped_duplicate,2026-05-14T15:40:14
타워형 세탁건조기,LG 트롬 AI 오브제컬렉션 워시타워 세탁건조기 25/25kg (베이지/그린)...,http://shinsegaemall.ssg.com/item/itemView.ssg?itemId=1000809544852&siteNo=6004&salestrNo=6005&ckwhere=s_naver&appPopYn=n&utm_medium=PCS&utm_source=naver&utm_campaign=naver_pcs,https://shopping-phinf.pstatic.net/main_5940053/59400533472.jpg,data\staging\wash_tower\타워형_세탁건조기\stg_0039.jpg,350,350,skipped_duplicate,2026-05-14T15:40:15
타워형 세탁건조기,LG 트롬 AI 오브제컬렉션 워시타워 세탁건조기 25/25kg (그린/베이지)...,http://www.ssg.com/item/itemView.ssg?itemId=1000809544835&siteNo=6004&salestrNo=6005&ckwhere=ssg_naver&appPopYn=n&utm_medium=PCS&utm_source=naver&utm_campaign=naver_pcs,https://shopping-phinf.pstatic.net/main_5940051/59400514891.jpg,data\staging\wash_tower\타워형_세탁건조기\stg_0040.jpg,350,350,approved,2026-05-14T15:40:16
타워형 세탁건조기,LG 트롬 AI 오브제컬렉션 워시타워 세탁건조기 25/25kg (그린/베이지)...,http://shinsegaemall.ssg.com/item/itemView.ssg?itemId=1000809544835&siteNo=6004&salestrNo=6005&ckwhere=s_naver&appPopYn=n&utm_medium=PCS&utm_source=naver&utm_campaign=naver_pcs,https://shopping-phinf.pstatic.net/main_5940052/59400526945.jpg,data\staging\wash_tower\타워형_세탁건조기\stg_0041.jpg,350,350,skipped_duplicate,2026-05-14T15:40:17
타워형 세탁건조기,LG전자 LG전자 LG 트롬 AI 오브제컬렉션 워시타워 세탁건조기 25/25kg (네이비/그레이),https://link.gmarket.co.kr/gate/pcs?item-no=4489938420&sub-id=1003&service-code=10000003&lcd=100000092,https://shopping-phinf.pstatic.net/main_5853471/58534711671.jpg,data\staging\wash_tower\타워형_세탁건조기\stg_0042.jpg,600,600,skipped_duplicate,2026-05-14T15:40:17
타워형 세탁건조기,LG전자 LG전자 LG 트롬 AI 오브제컬렉션 워시타워 세탁건조기 25/25kg (그레이/네이비),https://link.gmarket.co.kr/gate/pcs?item-no=4489938434&sub-id=1003&service-code=10000003&lcd=100000092,https://shopping-phinf.pstatic.net/main_5853467/58534679810.jpg,data\staging\wash_tower\타워형_세탁건조기\stg_0043.jpg,600,600,approved,2026-05-14T15:40:18
타워형 세탁건조기,세탁 건조기 건조겸용 건조기겸용 화이트 타워형 세트 4.5kg 화이트,https://smartstore.naver.com/main/products/13344868046,https://shopping-phinf.pstatic.net/main_9088937/90889378378.jpg,data\staging\wash_tower\타워형_세탁건조기\stg_0044.jpg,1000,1000,deleted,2026-05-14T15:40:18
타워형 세탁건조기,LG전자 트롬 AI 오브제컬렉션 워시타워 WA2525EEHF 타워형 세탁건조기 FA25EJF+RA25EJF 이나,https://www.11st.co.kr/connect/Gateway.tmall?method=Xsite&prdNo=9256687036&tid=1000000061,https://shopping-phinf.pstatic.net/main_5957429/59574294464.jpg,data\staging\wash_tower\타워형_세탁건조기\stg_0045.jpg,900,900,skipped_duplicate,2026-05-14T15:40:19
타워형 세탁건조기,7kg 드럼 세탁기 워시타워 드럼세탁기 일체형 소형 세탁건조기,https://link.coupang.com/re/PCSNAVERPCSDP?pageKey=9508814919&ctag=9508814919&lptag=I28334983252&itemId=28334983252&vendorItemId=95287292014&spec=10305199,https://shopping-phinf.pstatic.net/main_5979241/59792412342.jpg,data\staging\wash_tower\타워형_세탁건조기\stg_0046.jpg,600,600,deleted,2026-05-14T15:40:19
타워형 세탁건조기,7kg 드럼 세탁기 워시타워 드럼세탁기 일체형 소형 세탁건조기,https://smartstore.naver.com/main/products/13434423638,https://shopping-phinf.pstatic.net/main_9097893/90978933974.jpg,data\staging\wash_tower\타워형_세탁건조기\stg_0047.jpg,600,600,deleted,2026-05-14T15:40:20
타워형 세탁건조기,삼성 비스포크 AI원바디 25KG워시타워 세탁기건조기세트 WH90F2520GBHS 5년의무,http://servicebox14.godomall.com/goods/goods_view.php?goodsNo=1000002867&inflow=naver,https://shopping-phinf.pstatic.net/main_5967567/59675672538.jpg,data\staging\wash_tower\타워형_세탁건조기\stg_0048.jpg,1000,1000,approved,2026-05-14T15:40:20
타워형 세탁건조기,삼성전자 AI 비스포크 타워형 세탁건조기 25KG+21KG 병렬설치가능 블랙 WF25DG8250BV2T 방문설치,https://smartstore.naver.com/main/products/12935207768,https://shopping-phinf.pstatic.net/main_9047971/90479718778.jpg,data\staging\wash_tower\타워형_세탁건조기\stg_0049.jpg,1000,1000,approved,2026-05-14T15:40:20
타워형 세탁건조기,워시타워 드럼 세탁기 건조기 12kg 대용량 히트펌프,https://link.coupang.com/re/PCSNAVERPCSDP?pageKey=9399557977&ctag=9399557977&lptag=I27918713755&itemId=27918713755&vendorItemId=94920531291&spec=10305199,https://shopping-phinf.pstatic.net/main_5912026/59120267611.jpg,data\staging\wash_tower\타워형_세탁건조기\stg_0050.jpg,750,1000,deleted,2026-05-14T15:40:21
타워형 세탁건조기,올인원 워시타워 세탁건조기 12kg 드럼 일체형  2. 드라이,https://link.coupang.com/re/PCSNAVERPCSDP?pageKey=9401924121&ctag=9401924121&lptag=I27927804006&itemId=27927804006&vendorItemId=95048576784&spec=10305199,https://shopping-phinf.pstatic.net/main_5911231/59112318064.jpg,data\staging\wash_tower\타워형_세탁건조기\stg_0051.jpg,750,1000,deleted,2026-05-14T15:40:21
타워형 세탁건조기,겸용 올인원 워시타워 세탁 건조기 세트 컴팩트 드럼  4. MG100MH100 미니맥스,https://link.coupang.com/re/PCSNAVERPCSDP?pageKey=9399356011&ctag=9399356011&lptag=I27918106448&itemId=27918106448&vendorItemId=94886942520&spec=10305199,https://shopping-phinf.pstatic.net/main_5911319/59113198268.jpg,data\staging\wash_tower\타워형_세탁건조기\stg_0052.jpg,750,1000,deleted,2026-05-14T15:40:22
타워형 세탁건조기,[LG]전자 오브제컬렉션 드럼세탁기+건조기 워시타워 W20GEZ 무료배송,https://www.11st.co.kr/connect/Gateway.tmall?method=Xsite&prdNo=5654940824&tid=1000000061,https://shopping-phinf.pstatic.net/main_5901530/59015302987.jpg,data\staging\wash_tower\타워형_세탁건조기\stg_0053.jpg,900,900,approved,2026-05-14T15:40:23
타워형 세탁건조기,LG 워시타워 트롬 올인원 세탁기 건조기 25kg 21kg 일체형 세제자동투입 트루스팀 1,https://www.11st.co.kr/connect/Gateway.tmall?method=Xsite&prdNo=9202294939&tid=1000000061,https://shopping-phinf.pstatic.net/main_5988137/59881376495.jpg,data\staging\wash_tower\타워형_세탁건조기\stg_0054.jpg,900,900,skipped_duplicate,2026-05-14T15:40:23
타워형 세탁건조기,LG 트롬 세탁기 건조기 일체형 세트 W20WHN 워시타워,https://smartstore.naver.com/main/products/11962752785,https://shopping-phinf.pstatic.net/main_8950726/89507263473.jpg,data\staging\wash_tower\타워형_세탁건조기\stg_0055.jpg,1000,1000,deleted,2026-05-14T15:40:24
타워형 세탁건조기,LG전자 트롬 워시타워 W20WAN 세탁기 23kg + 건조기 20kg 릴리 화이트 방문설치,https://link.coupang.com/re/PCSNAVERPCSDP?pageKey=7940026711&ctag=7940026711&lptag=V82336083660&itemId=21866561140&vendorItemId=82336083660&spec=10305199,https://shopping-phinf.pstatic.net/main_5974923/59749235086.jpg,data\staging\wash_tower\타워형_세탁건조기\stg_0056.jpg,2000,2000,skipped_duplicate,2026-05-14T15:40:24
타워형 세탁건조기,LG 트롬 AI 오브제컬렉션 워시타워 세탁기 25kg + 건조기 25kg 네이처베이지,https://www.11st.co.kr/connect/Gateway.tmall?method=Xsite&prdNo=9314028712&tid=1000000061,https://shopping-phinf.pstatic.net/main_5983167/59831679672.jpg,data\staging\wash_tower\타워형_세탁건조기\stg_0057.jpg,900,900,approved,2026-05-14T15:40:25
타워형 세탁건조기,LG 트롬 AI 오브제컬렉션 워시타워 세탁기 25kg + 건조기 25kg 네이처네이비,https://www.11st.co.kr/connect/Gateway.tmall?method=Xsite&prdNo=9314027351&tid=1000000061,https://shopping-phinf.pstatic.net/main_5983168/59831683465.jpg,data\staging\wash_tower\타워형_세탁건조기\stg_0058.jpg,900,900,approved,2026-05-14T15:40:25
타워형 세탁건조기,LG 트롬 AI 오브제컬렉션 워시타워 세탁기 25kg + 건조기 25kg 스페이스블랙,https://www.lotteon.com/p/product/LO2668255815?sitmNo=LO2668255815_2668255816&ch_no=100065&ch_dtl_no=1000030&entryPoint=pcs&dp_infw_cd=CHT,https://shopping-phinf.pstatic.net/main_5983184/59831842082.jpg,data\staging\wash_tower\타워형_세탁건조기\stg_0059.jpg,800,800,skipped_duplicate,2026-05-14T15:40:26
타워형 세탁건조기,LG 트롬 AI 오브제컬렉션 워시타워 세탁기 25kg + 건조기 25kg 네이처네이비,https://www.lotteon.com/p/product/LO2668254139?sitmNo=LO2668254139_2668254140&ch_no=100065&ch_dtl_no=1000030&entryPoint=pcs&dp_infw_cd=CHT,https://shopping-phinf.pstatic.net/main_5983184/59831842674.jpg,data\staging\wash_tower\타워형_세탁건조기\stg_0060.jpg,800,800,skipped_duplicate,2026-05-14T15:40:27
타워형 세탁건조기,LG 트롬 AI 오브제컬렉션 워시타워 세탁기 25kg + 건조기 25kg 네이처베이지,https://www.lotteon.com/p/product/LO2668254513?sitmNo=LO2668254513_2668254514&ch_no=100065&ch_dtl_no=1000030&entryPoint=pcs&dp_infw_cd=CHT,https://shopping-phinf.pstatic.net/main_5983184/59831840226.jpg,data\staging\wash_tower\타워형_세탁건조기\stg_0061.jpg,800,800,skipped_duplicate,2026-05-14T15:40:27
타워형 세탁건조기,LG 트롬 AI 오브제컬렉션 워시타워 세탁기 25kg + 건조기 25kg 네이처그린,https://www.lotteon.com/p/product/LO2668254627?sitmNo=LO2668254627_2668254628&ch_no=100065&ch_dtl_no=1000030&entryPoint=pcs&dp_infw_cd=CHT,https://shopping-phinf.pstatic.net/main_5983184/59831840095.jpg,data\staging\wash_tower\타워형_세탁건조기\stg_0062.jpg,800,800,approved,2026-05-14T15:40:28
타워형 세탁건조기,세탁 건조기 건조겸용 건조기겸용 화이트 타워형 세트 4.5kg 화이트,https://link.coupang.com/re/PCSNAVERPCSDP?pageKey=9415190428&ctag=9415190428&lptag=I27977094709&itemId=27977094709&vendorItemId=94934905365&spec=10305199,https://shopping-phinf.pstatic.net/main_5921043/59210433845.jpg,data\staging\wash_tower\타워형_세탁건조기\stg_0063.jpg,1000,1000,deleted,2026-05-14T15:40:28
타워형 세탁건조기,세탁 건조기 건조겸용 건조기겸용 화이트 타워형 세트 4.5kg 화이트,https://smartstore.naver.com/main/products/12999874255,https://shopping-phinf.pstatic.net/main_9054438/90544385346.1.jpg,data\staging\wash_tower\타워형_세탁건조기\stg_0064.jpg,1000,1000,deleted,2026-05-14T15:40:29
타워형 세탁건조기,(LG)LG전자 워시타워 세탁 건조기 W20EGAN 세탁23kg건조20kg,https://link.auction.co.kr/gate/pcs?item-no=E466195727&sub-id=1&service-code=10000003,https://shopping-phinf.pstatic.net/main_6001876/60018760783.jpg,data\staging\wash_tower\타워형_세탁건조기\stg_0065.jpg,600,600,skipped_duplicate,2026-05-14T15:40:29
타워형 세탁건조기,LG 세탁건조기렌탈 트롬 오브제컬렉션 워시타워 컴팩트 13kg W1310 6년약정,https://rental-all.co.kr/product/detail.html?product_no=15524,https://shopping-phinf.pstatic.net/main_6001316/60013169925.jpg,data\staging\wash_tower\타워형_세탁건조기\stg_0066.jpg,600,600,approved,2026-05-14T15:40:30
타워형 세탁건조기,엘지 워시타워 세탁건조기 WA2525GEHF WA2525GGHF WA2525EEHF WA2525EGHF WA2525YMHF WA2525MYHF 4703070,https://www.lotteon.com/p/product/LO2677082294?sitmNo=LO2677082294_2677082295&ch_no=100065&ch_dtl_no=1000030&entryPoint=pcs&dp_infw_cd=CHT,https://shopping-phinf.pstatic.net/main_6001101/60011014859.jpg,data\staging\wash_tower\타워형_세탁건조기\stg_0067.jpg,600,600,deleted,2026-05-14T15:40:31
타워형 세탁건조기,LG 세탁건조기렌탈 트롬 오브제컬렉션 워시타워 컴팩트 13kg W1310 6년약정,https://caresolution-rental.co.kr/product/detail.html?product_no=41696,https://shopping-phinf.pstatic.net/main_6001321/60013217558.jpg,data\staging\wash_tower\타워형_세탁건조기\stg_0068.jpg,600,600,skipped_duplicate,2026-05-14T15:40:31
타워형 세탁건조기,[LG전자]LG 트롬 오브제 워시타워 건조기+세탁기 W20EGZ 배송무료[34590717],https://www.11st.co.kr/connect/Gateway.tmall?method=Xsite&prdNo=9350000833&tid=1000000061,https://shopping-phinf.pstatic.net/main_6002650/60026507462.jpg,data\staging\wash_tower\타워형_세탁건조기\stg_0069.jpg,900,900,skipped_duplicate,2026-05-14T15:40:32
타워형 세탁건조기,LG 트롬 오브제컬렉션 W20EGAN 워시타워 세탁 23kg + 건조기 20kg / KN,https://www.11st.co.kr/connect/Gateway.tmall?method=Xsite&prdNo=7915291408&tid=1000000061,https://shopping-phinf.pstatic.net/main_6002810/60028102445.jpg,data\staging\wash_tower\타워형_세탁건조기\stg_0070.jpg,900,900,approved,2026-05-14T15:40:32
타워형 세탁건조기,LG 트롬 오브제컬렉션 W20EEAN 워시타워 세탁기 23kg 건조기 20kg / KN,https://www.11st.co.kr/connect/Gateway.tmall?method=Xsite&prdNo=9352055623&tid=1000000061,https://shopping-phinf.pstatic.net/main_6003655/60036557623.jpg,data\staging\wash_tower\타워형_세탁건조기\stg_0071.jpg,900,900,approved,2026-05-14T15:40:33
타워형 세탁건조기,LG 트롬 오브제컬렉션 W20EEAN 워시타워 세탁기 23kg 건조기 20kg / KN,http://shinsegaemall.ssg.com/item/itemView.ssg?itemId=1000827505479&siteNo=6004&salestrNo=6005&ckwhere=s_naver&appPopYn=n&utm_medium=PCS&utm_source=naver&utm_campaign=naver_pcs,https://shopping-phinf.pstatic.net/main_6002855/60028554454.jpg,data\staging\wash_tower\타워형_세탁건조기\stg_0072.jpg,350,350,skipped_duplicate,2026-05-14T15:40:33
타워형 세탁건조기,LG 트롬 오브제컬렉션 W20EEAN 워시타워 세탁기 23kg 건조기 20kg / KN,http://www.ssg.com/item/itemView.ssg?itemId=1000827505479&siteNo=6001&salestrNo=6005&ckwhere=ssg_naver&appPopYn=n&utm_medium=PCS&utm_source=naver&utm_campaign=naver_pcs,https://shopping-phinf.pstatic.net/main_6002855/60028553796.jpg,data\staging\wash_tower\타워형_세탁건조기\stg_0073.jpg,350,350,skipped_duplicate,2026-05-14T15:40:34
타워형 세탁건조기,LG 트롬 오브제컬렉션 W20EEAN 워시타워 세탁기 23kg 건조기 20kg / KN,https://www.lotteon.com/p/product/LO2678350563?sitmNo=LO2678350563_2678350564&ch_no=100065&ch_dtl_no=1000030&entryPoint=pcs&dp_infw_cd=CHT,https://shopping-phinf.pstatic.net/main_6002797/60027971616.jpg,data\staging\wash_tower\타워형_세탁건조기\stg_0074.jpg,550,550,skipped_duplicate,2026-05-14T15:40:35
타워형 세탁건조기,LG 트롬 AI 오브제컬렉션 워시타워 세탁기 25kg + 건조기 25kg 스페이스블랙,https://www.11st.co.kr/connect/Gateway.tmall?method=Xsite&prdNo=9314032538&tid=1000000061,https://shopping-phinf.pstatic.net/main_5983165/59831651304.jpg,data\staging\wash_tower\타워형_세탁건조기\stg_0075.jpg,900,900,skipped_duplicate,2026-05-14T15:40:35
타워형 세탁건조기,LG 트롬 AI 오브제컬렉션 워시타워 세탁기 25kg + 건조기 25kg 네이처그린,https://www.11st.co.kr/connect/Gateway.tmall?method=Xsite&prdNo=9314029184&tid=1000000061,https://shopping-phinf.pstatic.net/main_5983166/59831660103.jpg,data\staging\wash_tower\타워형_세탁건조기\stg_0076.jpg,900,900,skipped_duplicate,2026-05-14T15:40:36
타워형 세탁건조기,LG 트롬 AI 오브제컬렉션 워시타워 세탁기 25kg + 건조기 25kg 네이처크림그레이,https://www.lotteon.com/p/product/LO2668254403?sitmNo=LO2668254403_2668254404&ch_no=100065&ch_dtl_no=1000030&entryPoint=pcs&dp_infw_cd=CHT,https://shopping-phinf.pstatic.net/main_5983184/59831843471.jpg,data\staging\wash_tower\타워형_세탁건조기\stg_0077.jpg,800,800,skipped_duplicate,2026-05-14T15:40:37
타워형 세탁건조기,LG 트롬 AI 오브제컬렉션 워시타워 세탁기 25kg + 건조기 25kg 네이처에센스화이트,https://www.11st.co.kr/connect/Gateway.tmall?method=Xsite&prdNo=9314031877&tid=1000000061,https://shopping-phinf.pstatic.net/main_5983166/59831667216.jpg,data\staging\wash_tower\타워형_세탁건조기\stg_0078.jpg,900,900,approved,2026-05-14T15:40:37
타워형 세탁건조기,LG 트롬 AI 오브제컬렉션 워시타워 세탁기 25kg + 건조기 25kg 네이처크림그레이,https://www.11st.co.kr/connect/Gateway.tmall?method=Xsite&prdNo=9314028242&tid=1000000061,https://shopping-phinf.pstatic.net/main_5983165/59831653981.jpg,data\staging\wash_tower\타워형_세탁건조기\stg_0079.jpg,900,900,skipped_duplicate,2026-05-14T15:40:38
타워형 세탁건조기,LG 트롬 오브제컬렉션 컴팩트 워시타워 세탁기 13kg + 건조기 10kg 플래티넘블랙,https://www.11st.co.kr/connect/Gateway.tmall?method=Xsite&prdNo=9314022171&tid=1000000061,https://shopping-phinf.pstatic.net/main_5983159/59831596874.jpg,data\staging\wash_tower\타워형_세탁건조기\stg_0080.jpg,900,900,skipped_duplicate,2026-05-14T15:40:38
타워형 세탁건조기,LG 트롬 AI 오브제컬렉션 워시타워 세탁기 25kg + 건조기 25kg 스페이스블랙,https://rentalhoneytip.com/product/detail.html?product_no=1826&cate_no=24&display_group=1&utm_source=naver&utm_medium=shopping&utm_campaign=knowledge_shopping&mkt_in=Y&ghost_mall_id=naver&ref=naver_open,https://shopping-phinf.pstatic.net/main_5973883/59738830910.jpg,data\staging\wash_tower\타워형_세탁건조기\stg_0081.jpg,800,800,skipped_duplicate,2026-05-14T15:40:39
타워형 세탁건조기,LG 트롬 AI 오브제컬렉션 워시타워 세탁기 25kg + 건조기 25kg 네이처베이지,https://rentalhoneytip.com/product/detail.html?product_no=1833&cate_no=24&display_group=1&utm_source=naver&utm_medium=shopping&utm_campaign=knowledge_shopping&mkt_in=Y&ghost_mall_id=naver&ref=naver_open,https://shopping-phinf.pstatic.net/main_5973884/59738843431.jpg,data\staging\wash_tower\타워형_세탁건조기\stg_0082.jpg,800,800,skipped_duplicate,2026-05-14T15:40:39
타워형 세탁건조기,LG 트롬 AI 오브제컬렉션 워시타워 세탁기 25kg + 건조기 25kg 네이처그린,https://rentalhoneytip.com/product/detail.html?product_no=1832&cate_no=24&display_group=1&utm_source=naver&utm_medium=shopping&utm_campaign=knowledge_shopping&mkt_in=Y&ghost_mall_id=naver&ref=naver_open,https://shopping-phinf.pstatic.net/main_5973885/59738856169.jpg,data\staging\wash_tower\타워형_세탁건조기\stg_0083.jpg,800,800,skipped_duplicate,2026-05-14T15:40:40
타워형 세탁건조기,LG 트롬 AI 오브제컬렉션 워시타워 세탁기 25kg + 건조기 25kg 네이처네이비,https://rentalhoneytip.com/product/detail.html?product_no=1835&cate_no=24&display_group=1&utm_source=naver&utm_medium=shopping&utm_campaign=knowledge_shopping&mkt_in=Y&ghost_mall_id=naver&ref=naver_open,https://shopping-phinf.pstatic.net/main_5973884/59738846877.jpg,data\staging\wash_tower\타워형_세탁건조기\stg_0084.jpg,800,800,skipped_duplicate,2026-05-14T15:40:40
타워형 세탁건조기,LG 트롬 오브제컬렉션 컴팩트 워시타워 세탁기 13kg + 건조기 10kg 플래티넘블랙,https://rentalhoneytip.com/product/detail.html?product_no=1847&cate_no=24&display_group=1&utm_source=naver&utm_medium=shopping&utm_campaign=knowledge_shopping&mkt_in=Y&ghost_mall_id=naver&ref=naver_open,https://shopping-phinf.pstatic.net/main_5974500/59745008093.jpg,data\staging\wash_tower\타워형_세탁건조기\stg_0085.jpg,800,800,skipped_duplicate,2026-05-14T15:40:40
타워형 세탁건조기,LG 트롬 AI 오브제컬렉션 워시타워 세탁기 25kg + 건조기 25kg 네이처에센스화이트,https://rentalhoneytip.com/product/detail.html?product_no=1827&cate_no=24&display_group=1&utm_source=naver&utm_medium=shopping&utm_campaign=knowledge_shopping&mkt_in=Y&ghost_mall_id=naver&ref=naver_open,https://shopping-phinf.pstatic.net/main_5973886/59738860520.jpg,data\staging\wash_tower\타워형_세탁건조기\stg_0086.jpg,800,800,skipped_duplicate,2026-05-14T15:40:41
타워형 세탁건조기,LG 트롬 AI 오브제컬렉션 워시타워 세탁기 25kg + 건조기 25kg 네이처크림그레이,https://rentalhoneytip.com/product/detail.html?product_no=1834&cate_no=24&display_group=1&utm_source=naver&utm_medium=shopping&utm_campaign=knowledge_shopping&mkt_in=Y&ghost_mall_id=naver&ref=naver_open,https://shopping-phinf.pstatic.net/main_5973887/59738879220.jpg,data\staging\wash_tower\타워형_세탁건조기\stg_0087.jpg,800,800,skipped_duplicate,2026-05-14T15:40:41
타워형 세탁건조기,LG 워시타워 렌탈 오브제컬렉션 세탁기24kg 건조기20kg W20EEZ 5년의무사용,https://60smart.co.kr/product/detail.html?product_no=16342&cate_no=427&display_group=1&utm_source=naver&utm_medium=shopping&utm_campaign=knowledge_shopping&mkt_in=Y&ghost_mall_id=naver&ref=naver_open,https://shopping-phinf.pstatic.net/main_5889449/58894498968.jpg,data\staging\wash_tower\타워형_세탁건조기\stg_0088.jpg,500,500,skipped_duplicate,2026-05-14T15:40:42
타워형 세탁건조기,(LG)LG전자 워시타워 오브제 컬렉션 세탁 건조기 W20EGAN (세탁23kg건조20kg),https://link.auction.co.kr/gate/pcs?item-no=E466191662&sub-id=1&service-code=10000003,https://shopping-phinf.pstatic.net/main_5993261/59932613336.jpg,data\staging\wash_tower\타워형_세탁건조기\stg_0089.jpg,600,600,skipped_duplicate,2026-05-14T15:40:42
타워형 세탁건조기,세탁기 건조기 랙 베란다 거치대 월넛 세탁기수납장 드럼세탁기 워시타워 수납장 비스포크,https://smartstore.naver.com/main/products/13389187836,https://shopping-phinf.pstatic.net/main_9093369/90933698172.jpg,data\staging\wash_tower\타워형_세탁건조기\stg_0090.jpg,800,800,deleted,2026-05-14T15:40:43
타워형 세탁건조기,LG전자 세탁건조기 13kg+10kg 베이지그린 트롬 오브제컬렉션 워시타워 컴팩트 W1310EGN  네이처 베이지/네이처 그린,https://link.coupang.com/re/PCSNAVERPCSDP?pageKey=9443006229&ctag=9443006229&lptag=I28086956529&itemId=28086956529&vendorItemId=83182912601&spec=10305199,https://shopping-phinf.pstatic.net/main_5933790/59337903765.6.jpg,data\staging\wash_tower\타워형_세탁건조기\stg_0091.jpg,1000,1000,approved,2026-05-14T15:40:43
타워형 세탁건조기,에스앤씨 세탁기건조기일체형 집들이 워시타워 신혼 Z1 세탁기 건조기,https://smartstore.naver.com/main/products/13137584000,https://shopping-phinf.pstatic.net/main_9068209/90682095092.jpg,data\staging\wash_tower\타워형_세탁건조기\stg_0092.jpg,800,800,deleted,2026-05-14T15:40:44
타워형 세탁건조기,건조기 일체형 저소음 의류 가정용 워시타워 원룸 컴팩트 드럼 빨래 세탁,https://www.11st.co.kr/connect/Gateway.tmall?method=Xsite&prdNo=8672502672&tid=1000000061,https://shopping-phinf.pstatic.net/main_5675644/56756446683.2.jpg,data\staging\wash_tower\타워형_세탁건조기\stg_0093.jpg,900,900,deleted,2026-05-14T15:40:45
타워형 세탁건조기,LG 트롬 AI 오브제컬렉션 워시타워 세탁건조기 25/25kg (베이지/베이...,http://shinsegaemall.ssg.com/item/itemView.ssg?itemId=1000809544840&siteNo=6004&salestrNo=6005&ckwhere=s_naver&appPopYn=n&utm_medium=PCS&utm_source=naver&utm_campaign=naver_pcs,https://shopping-phinf.pstatic.net/main_5940047/59400472203.jpg,data\staging\wash_tower\타워형_세탁건조기\stg_0094.jpg,350,350,skipped_duplicate,2026-05-14T15:40:45
타워형 세탁건조기,LG 트롬 AI 오브제컬렉션 워시타워 세탁건조기 25/25kg (그레이/네이...,http://www.ssg.com/item/itemView.ssg?itemId=1000809544841&siteNo=6004&salestrNo=6005&ckwhere=ssg_naver&appPopYn=n&utm_medium=PCS&utm_source=naver&utm_campaign=naver_pcs,https://shopping-phinf.pstatic.net/main_5940051/59400511660.jpg,data\staging\wash_tower\타워형_세탁건조기\stg_0095.jpg,350,350,skipped_duplicate,2026-05-14T15:40:46
타워형 세탁건조기,LG 트롬 AI 오브제컬렉션 워시타워 세탁건조기 25/25kg (네이비/그레...,http://shinsegaemall.ssg.com/item/itemView.ssg?itemId=1000809544839&siteNo=6004&salestrNo=6005&ckwhere=s_naver&appPopYn=n&utm_medium=PCS&utm_source=naver&utm_campaign=naver_pcs,https://shopping-phinf.pstatic.net/main_5940055/59400550840.jpg,data\staging\wash_tower\타워형_세탁건조기\stg_0096.jpg,350,350,skipped_duplicate,2026-05-14T15:40:46
타워형 세탁건조기,LG 트롬 AI 오브제컬렉션 워시타워 세탁건조기 25/25kg (네이비/그레...,http://www.ssg.com/item/itemView.ssg?itemId=1000809544839&siteNo=6004&salestrNo=6005&ckwhere=ssg_naver&appPopYn=n&utm_medium=PCS&utm_source=naver&utm_campaign=naver_pcs,https://shopping-phinf.pstatic.net/main_5940061/59400616330.jpg,data\staging\wash_tower\타워형_세탁건조기\stg_0097.jpg,350,350,skipped_duplicate,2026-05-14T15:40:47
타워형 세탁건조기,LG 트롬 AI 오브제컬렉션 워시타워 세탁건조기 25/25kg (베이지/베이...,http://www.ssg.com/item/itemView.ssg?itemId=1000809544840&siteNo=6004&salestrNo=6005&ckwhere=ssg_naver&appPopYn=n&utm_medium=PCS&utm_source=naver&utm_campaign=naver_pcs,https://shopping-phinf.pstatic.net/main_5940048/59400481406.jpg,data\staging\wash_tower\타워형_세탁건조기\stg_0098.jpg,350,350,skipped_duplicate,2026-05-14T15:40:47
타워형 세탁건조기,LG 트롬 AI 오브제컬렉션 워시타워 세탁건조기 25/25kg (그레이/네이...,http://shinsegaemall.ssg.com/item/itemView.ssg?itemId=1000809544841&siteNo=6004&salestrNo=6005&ckwhere=s_naver&appPopYn=n&utm_medium=PCS&utm_source=naver&utm_campaign=naver_pcs,https://shopping-phinf.pstatic.net/main_5940055/59400552134.jpg,data\staging\wash_tower\타워형_세탁건조기\stg_0099.jpg,350,350,skipped_duplicate,2026-05-14T15:40:48
일체형 세탁건조기 타워,엘지 트롬 오브제컬렉션 일체형 세탁23kg 건조20kg 워시타워 원바디 그린 W20GGAN,https://smartstore.naver.com/main/products/11984197079,https://shopping-phinf.pstatic.net/main_8952870/89528707767.jpg,data\staging\wash_tower\일체형_세탁건조기_타워\stg_0000.jpg,1000,1000,skipped_duplicate,2026-05-14T15:40:49
일체형 세탁건조기 타워,픽온 일체형세탁건조기 미니 건조기 원룸세탁기 소형가전 자취 무소음 올인원 1인가구 워시타워,https://www.11st.co.kr/connect/Gateway.tmall?method=Xsite&prdNo=9024822284&tid=1000000061,https://shopping-phinf.pstatic.net/main_5854153/58541537059.jpg,data\staging\wash_tower\일체형_세탁건조기_타워\stg_0001.jpg,690,900,deleted,2026-05-14T15:40:49
일체형 세탁건조기 타워,픽온 일체형세탁건조기 가정용 10kg 20kg 대용량 세탁 저소음 건조 원룸 워시타워  20KG 가정용 모델  기본 모델명/품번,https://link.coupang.com/re/PCSNAVERPCSDP?pageKey=9195257236&ctag=9195257236&lptag=I27141305772&itemId=27141305772&vendorItemId=94109201084&spec=10305199,https://shopping-phinf.pstatic.net/main_5786072/57860728931.jpg,data\staging\wash_tower\일체형_세탁건조기_타워\stg_0002.jpg,800,800,deleted,2026-05-14T15:40:49
일체형 세탁건조기 타워,픽온 일체형세탁건조기 가정용 10kg 20kg 대용량 세탁 저소음 건조 원룸 워시타워  18KG 가정용 모델  기본 모델명/품번,https://link.coupang.com/re/PCSNAVERPCSDP?pageKey=9195257236&ctag=9195257236&lptag=I27141305789&itemId=27141305789&vendorItemId=94109201087&spec=10305199,https://shopping-phinf.pstatic.net/main_5785999/57859990672.jpg,data\staging\wash_tower\일체형_세탁건조기_타워\stg_0003.jpg,800,800,deleted,2026-05-14T15:40:50
일체형 세탁건조기 타워,일체형세탁건조기 올인원 미니건조기 워시타워 세탁건조일체형 A B. 위니아 8kg 통 세탁기,https://smartstore.naver.com/main/products/13357460068,https://shopping-phinf.pstatic.net/main_9090197/90901970401.jpg,data\staging\wash_tower\일체형_세탁건조기_타워\stg_0004.jpg,800,800,deleted,2026-05-14T15:40:50
일체형 세탁건조기 타워,삼성 비스코프 그랑데 AI 24kg 20kg 세탁기 건조기 일체형 워시타워 1등급  그레이지,https://link.coupang.com/re/PCSNAVERPCSDP?pageKey=9296344341&ctag=9296344341&lptag=I27536109338&itemId=27536109338&vendorItemId=94500640941&spec=10305199,https://shopping-phinf.pstatic.net/main_5951150/59511507029.jpg,data\staging\wash_tower\일체형_세탁건조기_타워\stg_0005.jpg,1000,1000,skipped_duplicate,2026-05-14T15:40:51
일체형 세탁건조기 타워,픽온 일체형세탁건조기 가정용 10kg 20kg 대용량 세탁 저소음 건조 원룸 워시타워,https://www.11st.co.kr/connect/Gateway.tmall?method=Xsite&prdNo=9024858258&tid=1000000061,https://shopping-phinf.pstatic.net/main_5854188/58541885035.jpg,data\staging\wash_tower\일체형_세탁건조기_타워\stg_0006.jpg,649,900,deleted,2026-05-14T15:40:51
일체형 세탁건조기 타워,7kg 드럼 세탁기 워시타워 드럼세탁기 일체형 소형 세탁건조기,https://link.coupang.com/re/PCSNAVERPCSDP?pageKey=9508814919&ctag=9508814919&lptag=I28334983252&itemId=28334983252&vendorItemId=95287292014&spec=10305199,https://shopping-phinf.pstatic.net/main_5979241/59792412342.jpg,data\staging\wash_tower\일체형_세탁건조기_타워\stg_0007.jpg,600,600,deleted,2026-05-14T15:40:52
일체형 세탁건조기 타워,7kg 드럼 세탁기 워시타워 드럼세탁기 일체형 소형 세탁건조기,https://smartstore.naver.com/main/products/13434423638,https://shopping-phinf.pstatic.net/main_9097893/90978933974.jpg,data\staging\wash_tower\일체형_세탁건조기_타워\stg_0008.jpg,600,600,deleted,2026-05-14T15:40:52
일체형 세탁건조기 타워,LG 트롬 세탁기 건조기 일체형 세트 W20WHN 워시타워,https://smartstore.naver.com/main/products/11962752785,https://shopping-phinf.pstatic.net/main_8950726/89507263473.jpg,data\staging\wash_tower\일체형_세탁건조기_타워\stg_0009.jpg,1000,1000,deleted,2026-05-14T15:40:53
일체형 세탁건조기 타워,세탁건조기 일체형 원바디 콤보 드럼 워시타워  6. 10kg 628PLUS벽걸이M60 세트,https://link.coupang.com/re/PCSNAVERPCSDP?pageKey=9399465910&ctag=9399465910&lptag=I27918446515&itemId=27918446515&vendorItemId=95124644444&spec=10305199,https://shopping-phinf.pstatic.net/main_5985015/59850159778.jpg,data\staging\wash_tower\일체형_세탁건조기_타워\stg_0010.jpg,750,1000,deleted,2026-05-14T15:40:53
일체형 세탁건조기 타워,에스앤씨 세탁기건조기일체형 집들이 워시타워 신혼 Z1 세탁기 건조기,https://smartstore.naver.com/main/products/13137584000,https://shopping-phinf.pstatic.net/main_9068209/90682095092.jpg,data\staging\wash_tower\일체형_세탁건조기_타워\stg_0011.jpg,800,800,deleted,2026-05-14T15:40:53
일체형 세탁건조기 타워,픽온 일체형세탁건조기 가정용 10kg 20kg 대용량 세탁 저소음 건조 원룸 워시타워 15KG 하이엔드 인버터,https://smartstore.naver.com/main/products/12703744040,https://shopping-phinf.pstatic.net/main_9024825/90248254964.jpg,data\staging\wash_tower\일체형_세탁건조기_타워\stg_0012.jpg,1385,1919,deleted,2026-05-14T15:40:54
일체형 세탁건조기 타워,LG 워시타워 트롬 오브제 올인원 트루스팀 세탁기 25kg 건조기 20kg 일체형,https://www.11st.co.kr/connect/Gateway.tmall?method=Xsite&prdNo=9202294238&tid=1000000061,https://shopping-phinf.pstatic.net/main_5932405/59324053661.jpg,data\staging\wash_tower\일체형_세탁건조기_타워\stg_0013.jpg,900,900,skipped_duplicate,2026-05-14T15:40:55
일체형 세탁건조기 타워,삼성 워시타워 그랑데 AI 원바디 올인원 일체형 세탁기 건조기 25kg 20kg 1등급 그레이지  WF2520HCEED,https://link.coupang.com/re/PCSNAVERPCSDP?pageKey=9068698954&ctag=9068698954&lptag=I26631740979&itemId=26631740979&vendorItemId=95307688024&spec=10305199,https://shopping-phinf.pstatic.net/main_5982060/59820603426.jpg,data\staging\wash_tower\일체형_세탁건조기_타워\stg_0014.jpg,1000,1000,skipped_duplicate,2026-05-14T15:40:55
일체형 세탁건조기 타워,LG 트롬 워시타워 세탁기 13kg 건조기 10kg 일체형 1등급 AI 올인원 블랙,https://link.coupang.com/re/PCSNAVERPCSDP?pageKey=7232502678&ctag=7232502678&lptag=I18355796093&itemId=18355796093&vendorItemId=92194318997&spec=10305199,https://shopping-phinf.pstatic.net/main_5933771/59337710226.jpg,data\staging\wash_tower\일체형_세탁건조기_타워\stg_0015.jpg,1000,1000,approved,2026-05-14T15:40:55
일체형 세탁건조기 타워,삼성 세탁기 건조기 세트 일체형 워시타워형WW90T3000KW + DV90TA040KE 신모델로,https://smartstore.naver.com/main/products/7943019984,https://shopping-phinf.pstatic.net/main_8548752/85487520307.3.jpg,data\staging\wash_tower\일체형_세탁건조기_타워\stg_0016.jpg,1080,1080,skipped_duplicate,2026-05-14T15:40:56
일체형 세탁건조기 타워,LG 트롬 워시타워 올인원 AI 세탁기 건조기 일체형 13kg 10kg 1등급 2026년형,https://www.11st.co.kr/connect/Gateway.tmall?method=Xsite&prdNo=9202266107&tid=1000000061,https://shopping-phinf.pstatic.net/main_5931098/59310988435.jpg,data\staging\wash_tower\일체형_세탁건조기_타워\stg_0017.jpg,900,900,skipped_duplicate,2026-05-14T15:40:56
일체형 세탁건조기 타워,올인원 워시타워 세탁건조기 12kg 드럼 일체형  2. 드라이,https://link.coupang.com/re/PCSNAVERPCSDP?pageKey=9401924121&ctag=9401924121&lptag=I27927804006&itemId=27927804006&vendorItemId=95048576784&spec=10305199,https://shopping-phinf.pstatic.net/main_5911231/59112318064.jpg,data\staging\wash_tower\일체형_세탁건조기_타워\stg_0018.jpg,750,1000,deleted,2026-05-14T15:40:57
일체형 세탁건조기 타워,에스앤씨 세탁기건조기일체형 집들이 워시타워 신혼  Z1 세탁기 건조기  기본 모델명/품번,https://link.coupang.com/re/PCSNAVERPCSDP?pageKey=9386303686&ctag=9386303686&lptag=I27870383828&itemId=27870383828&vendorItemId=94829588697&spec=10305199,https://shopping-phinf.pstatic.net/main_5919749/59197495358.jpg,data\staging\wash_tower\일체형_세탁건조기_타워\stg_0019.jpg,800,800,deleted,2026-05-14T15:40:57
일체형 세탁건조기 타워,건조기 일체형 저소음 의류 가정용 워시타워 원룸 컴팩트 드럼 빨래 세탁,https://www.11st.co.kr/connect/Gateway.tmall?method=Xsite&prdNo=8672502672&tid=1000000061,https://shopping-phinf.pstatic.net/main_5675644/56756446683.2.jpg,data\staging\wash_tower\일체형_세탁건조기_타워\stg_0020.jpg,900,900,deleted,2026-05-14T15:40:58
일체형 세탁건조기 타워,픽온 일체형세탁건조기 올인원 미니건조기 세탁기건조기일체형 워시타워 소형가전 10kg 세탁건조일체형 A,https://smartstore.naver.com/main/products/12703592526,https://shopping-phinf.pstatic.net/main_9024810/90248103449.jpg,data\staging\wash_tower\일체형_세탁건조기_타워\stg_0021.jpg,800,800,deleted,2026-05-14T15:40:58
일체형 세탁건조기 타워,픽온 일체형세탁건조기 가정용 10kg 20kg 대용량 세탁 저소음 건조 원룸 워시타워  15KG 하이엔드 인버터  기본 모델명/품번,https://link.coupang.com/re/PCSNAVERPCSDP?pageKey=9195257236&ctag=9195257236&lptag=I27141305785&itemId=27141305785&vendorItemId=94109201086&spec=10305199,https://shopping-phinf.pstatic.net/main_5791257/57912575128.jpg,data\staging\wash_tower\일체형_세탁건조기_타워\stg_0022.jpg,800,800,deleted,2026-05-14T15:40:58
일체형 세탁건조기 타워,픽온 일체형세탁건조기 가정용 10kg 20kg 대용량 세탁 저소음 건조 원룸 워시타워  18kg 하이엔드 디지털 인버터  기본 모델명/품번,https://link.coupang.com/re/PCSNAVERPCSDP?pageKey=9195257236&ctag=9195257236&lptag=I27141305794&itemId=27141305794&vendorItemId=94109201091&spec=10305199,https://shopping-phinf.pstatic.net/main_5786043/57860432855.jpg,data\staging\wash_tower\일체형_세탁건조기_타워\stg_0023.jpg,800,800,deleted,2026-05-14T15:40:59
일체형 세탁건조기 타워,삼성전자 비스포크 AI콤보 세탁기 25kg 건조기 15kg 일체형 신혼가전 워시타워,https://smartstore.naver.com/main/products/10169746348,https://shopping-phinf.pstatic.net/main_8771424/87714249690.1.jpg,data\staging\wash_tower\일체형_세탁건조기_타워\stg_0024.jpg,500,500,deleted,2026-05-14T15:40:59
일체형 세탁건조기 타워,픽온 일체형세탁건조기 올인원 미니건조기 세탁기건조기일체형 워시타워 소형가전  10kg 세탁건조기일체형 B  기본,https://link.coupang.com/re/PCSNAVERPCSDP?pageKey=9195183520&ctag=9195183520&lptag=I27140912282&itemId=27140912282&vendorItemId=94108809709&spec=10305199,https://shopping-phinf.pstatic.net/main_5789697/57896978358.1.jpg,data\staging\wash_tower\일체형_세탁건조기_타워\stg_0025.jpg,780,780,deleted,2026-05-14T15:41:00
일체형 세탁건조기 타워,LG 건조기 21kg 세탁기 24kg 일체형 AI 올인원 워시타워 1등급,https://www.11st.co.kr/connect/Gateway.tmall?method=Xsite&prdNo=7747276676&tid=1000000061,https://shopping-phinf.pstatic.net/main_5997179/59971799135.jpg,data\staging\wash_tower\일체형_세탁건조기_타워\stg_0026.jpg,900,900,approved,2026-05-14T15:41:01
일체형 세탁건조기 타워,픽온 일체형세탁건조기 올인원 미니건조기 세탁기건조기일체형 워시타워 소형가전  10kg 세탁건조일체형 A  기본,https://link.coupang.com/re/PCSNAVERPCSDP?pageKey=9195183520&ctag=9195183520&lptag=I27140912284&itemId=27140912284&vendorItemId=94108809710&spec=10305199,https://shopping-phinf.pstatic.net/main_5791209/57912098853.1.jpg,data\staging\wash_tower\일체형_세탁건조기_타워\stg_0027.jpg,780,780,deleted,2026-05-14T15:41:02
일체형 세탁건조기 타워,LG 워시타워 트롬 올인원 세탁기 25kg 건조기 25kg 일체형 세제자동투입 스팀살균 1,https://www.11st.co.kr/connect/Gateway.tmall?method=Xsite&prdNo=9202297926&tid=1000000061,https://shopping-phinf.pstatic.net/main_5932418/59324189764.jpg,data\staging\wash_tower\일체형_세탁건조기_타워\stg_0028.jpg,900,900,skipped_duplicate,2026-05-14T15:41:02
일체형 세탁건조기 타워,LG 워시타워 트롬 오브제컬렉션 일체형 AI 세탁기 24kg 건조기 20kg 올인원 트루스,https://www.11st.co.kr/connect/Gateway.tmall?method=Xsite&prdNo=9202291896&tid=1000000061,https://shopping-phinf.pstatic.net/main_5932394/59323948516.jpg,data\staging\wash_tower\일체형_세탁건조기_타워\stg_0029.jpg,900,900,skipped_duplicate,2026-05-14T15:41:03
일체형 세탁건조기 타워,삼성 원바디 워시 타워형 세탁기 건조기 일체형 24+20kg 1등급,https://smartstore.naver.com/main/products/9894312114,https://shopping-phinf.pstatic.net/main_8743881/87438814387.2.jpg,data\staging\wash_tower\일체형_세탁건조기_타워\stg_0030.jpg,1000,1000,skipped_duplicate,2026-05-14T15:41:03
일체형 세탁건조기 타워,LG  워시타워 렌탈 트롬AI 세탁기건조기 일체형 25kg WA2525KDF 5년약정,https://lghello-rental.com/product/detail.html?product_no=16503&cate_no=427&display_group=1&utm_source=naver&utm_medium=shopping&utm_campaign=knowledge_shopping&mkt_in=Y&ghost_mall_id=naver&ref=naver_open,https://shopping-phinf.pstatic.net/main_5924644/59246444553.jpg,data\staging\wash_tower\일체형_세탁건조기_타워\stg_0031.jpg,500,500,approved,2026-05-14T15:41:03
일체형 세탁건조기 타워,LG  워시타워 렌탈 트롬AI 세탁기건조기 일체형 25kg WA2525KDF 5년약정,https://coway-codi.com/product/detail.html?product_no=16503&cate_no=427&display_group=1&utm_source=naver&utm_medium=shopping&utm_campaign=knowledge_shopping&mkt_in=Y&ghost_mall_id=naver&ref=naver_open,https://shopping-phinf.pstatic.net/main_5924642/59246423858.jpg,data\staging\wash_tower\일체형_세탁건조기_타워\stg_0032.jpg,500,500,skipped_duplicate,2026-05-14T15:41:04
일체형 세탁건조기 타워,LG  워시타워 렌탈 트롬AI 세탁기건조기 일체형 25kg WA2525KDF 5년약정,https://60smart.co.kr/product/detail.html?product_no=16503&cate_no=427&display_group=1&utm_source=naver&utm_medium=shopping&utm_campaign=knowledge_shopping&mkt_in=Y&ghost_mall_id=naver&ref=naver_open,https://shopping-phinf.pstatic.net/main_5924643/59246430456.jpg,data\staging\wash_tower\일체형_세탁건조기_타워\stg_0033.jpg,500,500,skipped_duplicate,2026-05-14T15:41:04
일체형 세탁건조기 타워,LG  워시타워 렌탈 트롬AI 세탁기건조기 일체형 25kg WA2525KDF 5년약정,https://rental-home.co.kr/product/detail.html?product_no=16503&cate_no=427&display_group=1&utm_source=naver&utm_medium=shopping&utm_campaign=knowledge_shopping&mkt_in=Y&ghost_mall_id=naver&ref=naver_open,https://shopping-phinf.pstatic.net/main_5924643/59246437400.jpg,data\staging\wash_tower\일체형_세탁건조기_타워\stg_0034.jpg,500,500,skipped_duplicate,2026-05-14T15:41:05
일체형 세탁건조기 타워,삼성 워시타워 그랑데 AI 원바디 올인원 일체형 세탁기 건조기 25kg 20kg 1등급 그레이지  WF2520HCEED,https://link.coupang.com/re/PCSNAVERPCSDP?pageKey=9068698954&ctag=9068698954&lptag=V93604569765&itemId=26631740979&vendorItemId=93604569765&spec=10305199,https://shopping-phinf.pstatic.net/main_5982380/59823805500.jpg,data\staging\wash_tower\일체형_세탁건조기_타워\stg_0035.jpg,1000,1000,skipped_duplicate,2026-05-14T15:41:05
일체형 세탁건조기 타워,픽온 일체형세탁건조기 올인원 미니건조기 세탁기건조기일체형 워시타워 소형가전  MD100V36T 10KG 세탁 및 건조기  기본 모델명/품번,https://link.coupang.com/re/PCSNAVERPCSDP?pageKey=9219943128&ctag=9219943128&lptag=I27244636378&itemId=27244636378&vendorItemId=94211570848&spec=10305199,https://shopping-phinf.pstatic.net/main_5810927/58109279991.jpg,data\staging\wash_tower\일체형_세탁건조기_타워\stg_0036.jpg,800,800,deleted,2026-05-14T15:41:06
일체형 세탁건조기 타워,픽온 일체형세탁건조기 올인원 미니건조기 세탁기건조기일체형 워시타워 소형가전  MD120V36T 12KG 세탁 및 건조기  기본 모델명/품번,https://link.coupang.com/re/PCSNAVERPCSDP?pageKey=9219943128&ctag=9219943128&lptag=I27244636376&itemId=27244636376&vendorItemId=94211570849&spec=10305199,https://shopping-phinf.pstatic.net/main_5810876/58108764609.2.jpg,data\staging\wash_tower\일체형_세탁건조기_타워\stg_0037.jpg,800,800,deleted,2026-05-14T15:41:06
일체형 세탁건조기 타워,LG 워시타워 트롬 올인원 세탁기 건조기 25kg 21kg 일체형 세제자동투입 트루스팀 1,https://www.11st.co.kr/connect/Gateway.tmall?method=Xsite&prdNo=9202294939&tid=1000000061,https://shopping-phinf.pstatic.net/main_5988137/59881376495.jpg,data\staging\wash_tower\일체형_세탁건조기_타워\stg_0038.jpg,900,900,skipped_duplicate,2026-05-14T15:41:07
일체형 세탁건조기 타워,픽온 일체형세탁건조기 올인원 미니건조기 세탁기건조기일체형 워시타워 소형가전  12kg 세탁건조일체형(HL50DS)  기본 모델명/품번,https://link.coupang.com/re/PCSNAVERPCSDP?pageKey=9218017528&ctag=9218017528&lptag=I27236788973&itemId=27236788973&vendorItemId=94203893452&spec=10305199,https://shopping-phinf.pstatic.net/main_5851692/58516926100.jpg,data\staging\wash_tower\일체형_세탁건조기_타워\stg_0039.jpg,800,800,deleted,2026-05-14T15:41:08
일체형 세탁건조기 타워,픽온 일체형세탁건조기 올인원 미니건조기 세탁기건조기일체형 워시타워 소형가전  10kg 세탁건조일체형(HM AX29S)  기본 모델명/품번,https://link.coupang.com/re/PCSNAVERPCSDP?pageKey=9218017528&ctag=9218017528&lptag=I27236788968&itemId=27236788968&vendorItemId=94203893451&spec=10305199,https://shopping-phinf.pstatic.net/main_5812178/58121782473.jpg,data\staging\wash_tower\일체형_세탁건조기_타워\stg_0040.jpg,800,800,deleted,2026-05-14T15:41:08
일체형 세탁건조기 타워,픽온 일체형세탁건조기 20kg 건조기일체형 원룸 의류건조기 워시타워 자취생 저소음 신형 10kg 세탁기(건조X),https://smartstore.naver.com/main/products/12703769229,https://shopping-phinf.pstatic.net/main_9024828/90248280153.1.jpg,data\staging\wash_tower\일체형_세탁건조기_타워\stg_0041.jpg,750,1000,deleted,2026-05-14T15:41:09
일체형 세탁건조기 타워,LG 트롬 오브제 올인원 일체형 워시타워 AI 세탁기 건조기 24kg + 20kg 1등급 베이지  단일옵션,https://link.coupang.com/re/PCSNAVERPCSDP?pageKey=6908462902&ctag=6908462902&lptag=I16640762562&itemId=16640762562&vendorItemId=92190817793&spec=10305199,https://shopping-phinf.pstatic.net/main_5975551/59755519595.jpg,data\staging\wash_tower\일체형_세탁건조기_타워\stg_0042.jpg,1000,1000,skipped_duplicate,2026-05-14T15:41:10
일체형 세탁건조기 타워,드럼 세탁기 건조기 올인원 겸용 일체형 워시타워  4. 초슬림 워터큐브 618PLUS,https://link.coupang.com/re/PCSNAVERPCSDP?pageKey=9399580242&ctag=9399580242&lptag=I27918832670&itemId=27918832670&vendorItemId=94877422330&spec=10305199,https://shopping-phinf.pstatic.net/main_5911331/59113319234.jpg,data\staging\wash_tower\일체형_세탁건조기_타워\stg_0043.jpg,1440,1920,deleted,2026-05-14T15:41:10
일체형 세탁건조기 타워,픽온 일체형세탁건조기 20kg 건조기일체형 원룸 의류건조기 워시타워 자취생 저소음  신형 16kg(건조O)  기본 모델명/품번,https://link.coupang.com/re/PCSNAVERPCSDP?pageKey=9195269692&ctag=9195269692&lptag=I27141368665&itemId=27141368665&vendorItemId=94109264061&spec=10305199,https://shopping-phinf.pstatic.net/main_5785961/57859616899.1.jpg,data\staging\wash_tower\일체형_세탁건조기_타워\stg_0044.jpg,800,800,deleted,2026-05-14T15:41:11
일체형 세탁건조기 타워,픽온 일체형세탁건조기 올인원 미니건조기 세탁기건조기일체형 워시타워 소형가전 MG100V36T 10kg세탁기,https://smartstore.naver.com/main/products/12766809080,https://shopping-phinf.pstatic.net/main_9031132/90311320029.jpg,data\staging\wash_tower\일체형_세탁건조기_타워\stg_0045.jpg,800,800,deleted,2026-05-14T15:41:11
일체형 세탁건조기 타워,픽온 일체형세탁건조기 올인원 미니건조기 세탁기건조기일체형 워시타워 소형가전 세탁기(건조기능X),https://smartstore.naver.com/main/products/12766802040,https://shopping-phinf.pstatic.net/main_9031131/90311312989.1.jpg,data\staging\wash_tower\일체형_세탁건조기_타워\stg_0046.jpg,792,751,deleted,2026-05-14T15:41:12
일체형 세탁건조기 타워,픽온 일체형세탁건조기 올인원 미니건조기 세탁기건조기일체형 워시타워 소형가전 10kg 세탁기(M AX29S),https://smartstore.naver.com/main/products/12761967258,https://shopping-phinf.pstatic.net/main_9030647/90306478207.jpg,data\staging\wash_tower\일체형_세탁건조기_타워\stg_0047.jpg,738,787,deleted,2026-05-14T15:41:12
일체형 세탁건조기 타워,픽온 일체형세탁건조기 올인원 미니건조기 세탁기건조기일체형 워시타워 소형가전  MD100V36T 10kg세탁건조일체형  기본 모델명/품번,https://link.coupang.com/re/PCSNAVERPCSDP?pageKey=9219946923&ctag=9219946923&lptag=I27244653536&itemId=27244653536&vendorItemId=94211587840&spec=10305199,https://shopping-phinf.pstatic.net/main_5830877/58308777936.jpg,data\staging\wash_tower\일체형_세탁건조기_타워\stg_0048.jpg,800,800,deleted,2026-05-14T15:41:12
일체형 세탁건조기 타워,픽온 일체형세탁건조기 20kg 건조기일체형 원룸 의류건조기 워시타워 자취생 저소음  신형 10kg 세탁기(건조X)  기본 모델명/품번,https://link.coupang.com/re/PCSNAVERPCSDP?pageKey=9195269692&ctag=9195269692&lptag=I27141368662&itemId=27141368662&vendorItemId=94109264062&spec=10305199,https://shopping-phinf.pstatic.net/main_5792576/57925763423.1.jpg,data\staging\wash_tower\일체형_세탁건조기_타워\stg_0049.jpg,1332,1332,deleted,2026-05-14T15:41:13
일체형 세탁건조기 타워,LG  워시타워 렌탈 트롬AI 세탁기건조기 일체형 25kg WA2525KDF 6년 구독 방문관리포함,https://rental-home.co.kr/product/detail.html?product_no=16500&cate_no=427&display_group=1&utm_source=naver&utm_medium=shopping&utm_campaign=knowledge_shopping&mkt_in=Y&ghost_mall_id=naver&ref=naver_open,https://shopping-phinf.pstatic.net/main_5924644/59246441658.jpg,data\staging\wash_tower\일체형_세탁건조기_타워\stg_0050.jpg,500,500,skipped_duplicate,2026-05-14T15:41:13
일체형 세탁건조기 타워,LG  워시타워 렌탈 트롬AI 세탁기건조기 일체형 25kg WA2525KDF 6년 구독 방문관리포함,https://60smart.co.kr/product/detail.html?product_no=16500&cate_no=427&display_group=1&utm_source=naver&utm_medium=shopping&utm_campaign=knowledge_shopping&mkt_in=Y&ghost_mall_id=naver&ref=naver_open,https://shopping-phinf.pstatic.net/main_5924643/59246431168.jpg,data\staging\wash_tower\일체형_세탁건조기_타워\stg_0051.jpg,500,500,skipped_duplicate,2026-05-14T15:41:14
일체형 세탁건조기 타워,LG  워시타워 렌탈 트롬AI 세탁기건조기 일체형 25kg WA2525KDF 6년 구독 방문관리포함,https://coway-codi.com/product/detail.html?product_no=16500&cate_no=427&display_group=1&utm_source=naver&utm_medium=shopping&utm_campaign=knowledge_shopping&mkt_in=Y&ghost_mall_id=naver&ref=naver_open,https://shopping-phinf.pstatic.net/main_5924642/59246425871.jpg,data\staging\wash_tower\일체형_세탁건조기_타워\stg_0052.jpg,500,500,skipped_duplicate,2026-05-14T15:41:14
일체형 세탁건조기 타워,LG  워시타워 렌탈 트롬AI 세탁기건조기 일체형 25kg WA2525KDF 6년 구독 방문관리포함,https://lghello-rental.com/product/detail.html?product_no=16500&cate_no=427&display_group=1&utm_source=naver&utm_medium=shopping&utm_campaign=knowledge_shopping&mkt_in=Y&ghost_mall_id=naver&ref=naver_open,https://shopping-phinf.pstatic.net/main_5924645/59246453964.jpg,data\staging\wash_tower\일체형_세탁건조기_타워\stg_0053.jpg,500,500,skipped_duplicate,2026-05-14T15:41:15
일체형 세탁건조기 타워,LG전자 워시타워 FX24WJN + RD20WJN (W20WHN),https://search.shopping.naver.com/catalog/37988116618,https://shopping-phinf.pstatic.net/main_3798811/37988116618.20251015223645.jpg,data\staging\wash_tower\일체형_세탁건조기_타워\stg_0054.jpg,350,350,skipped_duplicate,2026-05-14T15:41:15
일체형 세탁건조기 타워,LG 트롬 일체형 워시타워 AI 세탁기 23kg 건조기 20kg 올인원 1등급 화이트  W20WAN  릴리 화이트,https://link.coupang.com/re/PCSNAVERPCSDP?pageKey=6744097949&ctag=6744097949&lptag=V92190636939&itemId=15752550572&vendorItemId=92190636939&spec=10305199,https://shopping-phinf.pstatic.net/main_5986398/59863984994.jpg,data\staging\wash_tower\일체형_세탁건조기_타워\stg_0055.jpg,1000,1000,skipped_duplicate,2026-05-14T15:41:16
일체형 세탁건조기 타워,삼성 비스포크 AI 원바디 세탁기 건조기 25/20KG 1등급 일체형 실버스틸,https://smartstore.naver.com/main/products/12548330929,https://shopping-phinf.pstatic.net/main_9009284/90092841782.jpg,data\staging\wash_tower\일체형_세탁건조기_타워\stg_0056.jpg,1080,1080,approved,2026-05-14T15:41:16
일체형 세탁건조기 타워,LG 컴팩트 워시타워 렌탈 세탁기 13kg + 건조기 10kg W1310BHN 60개월약정,https://onepickrental.com/model/compare.php?model_idx=55101,https://shopping-phinf.pstatic.net/main_5916370/59163708316.jpg,data\staging\wash_tower\일체형_세탁건조기_타워\stg_0057.jpg,600,600,skipped_duplicate,2026-05-14T15:41:17
일체형 세탁건조기 타워,[렌탈/구독] LG 25kg+20kg 세탁기건조기세트렌탈 오브제컬렉션 워시타워 등록비 전액지원 세탁기+건조기 엘지 트롬 올인원 일체형 패키지 세트 가전제품 구독 임대 대여 렌트 할,https://rentalfriend.co.kr/product/detail.html?product_no=14654&cate_no=373&display_group=1&utm_source=naver&utm_medium=shopping&utm_campaign=knowledge_shopping&mkt_in=Y&ghost_mall_id=naver&ref=naver_open,https://shopping-phinf.pstatic.net/main_5842280/58422803228.jpg,data\staging\wash_tower\일체형_세탁건조기_타워\stg_0058.jpg,1000,1000,approved,2026-05-14T15:41:17
일체형 세탁건조기 타워,삼성 비스포크AI 원바디 워시 타워형 세탁기 건조기 일체형 21+17kg 1등급,https://smartstore.naver.com/main/products/12942628675,https://shopping-phinf.pstatic.net/main_9048713/90487139685.jpg,data\staging\wash_tower\일체형_세탁건조기_타워\stg_0059.jpg,492,492,skipped_duplicate,2026-05-14T15:41:18
일체형 세탁건조기 타워,삼성 세탁기건조기 일체형 그랑데 ai 비스포크 워시 타워형 21+17kg,https://smartstore.naver.com/main/products/12238069810,https://shopping-phinf.pstatic.net/main_8978258/89782580526.1.jpg,data\staging\wash_tower\일체형_세탁건조기_타워\stg_0060.jpg,600,600,skipped_duplicate,2026-05-14T15:41:18
일체형 세탁건조기 타워,LG 워시타워 세탁 건조기 일체형 WA2525KDF 1등급 블랙,https://smartstore.naver.com/main/products/12057502358,https://shopping-phinf.pstatic.net/main_8960201/89602013057.jpg,data\staging\wash_tower\일체형_세탁건조기_타워\stg_0061.jpg,1080,1080,skipped_duplicate,2026-05-14T15:41:19
일체형 세탁건조기 타워,세탁 건조기 일체형 미니 워시타워 세탁건조기일체형 소형 내마모 Folding 160cm,https://smartstore.naver.com/main/products/11819710920,https://shopping-phinf.pstatic.net/main_8936422/89364221507.jpg,data\staging\wash_tower\일체형_세탁건조기_타워\stg_0062.jpg,1000,1000,deleted,2026-05-14T15:41:19
일체형 세탁건조기 타워,1등급 엘지 오브제 트롬 원바디 워시타워 25+21KG 일체형 베이지그린 WL21EGN,https://smartstore.naver.com/main/products/12697479196,https://shopping-phinf.pstatic.net/main_9024199/90241990120.jpg,data\staging\wash_tower\일체형_세탁건조기_타워\stg_0063.jpg,1000,1000,skipped_duplicate,2026-05-14T15:41:19
일체형 세탁건조기 타워,LG 트롬 세탁기 건조기세트 25Kg/21Kg 타워형 세탁건조기 일체형,https://smartstore.naver.com/main/products/10433793543,https://shopping-phinf.pstatic.net/main_8797829/87978298579.jpg,data\staging\wash_tower\일체형_세탁건조기_타워\stg_0064.jpg,1000,1000,approved,2026-05-14T15:41:20
일체형 세탁건조기 타워,일체형 세탁 건조기 3통 12.5kg 워시타워 컴팩트,https://smartstore.naver.com/main/products/13207121079,https://shopping-phinf.pstatic.net/main_9075163/90751632176.jpg,data\staging\wash_tower\일체형_세탁건조기_타워\stg_0065.jpg,800,800,deleted,2026-05-14T15:41:20
일체형 세탁건조기 타워,LG 트롬 오브제컬렉션 워시타워 25/20kg 1등급 W2520WHM 일체형세탁건조기,http://emart.ssg.com/item/itemView.ssg?itemId=1000741270319&siteNo=6001&ckwhere=naver&appPopYn=n&utm_medium=PCS&utm_source=naver&utm_campaign=naver_pcs,https://shopping-phinf.pstatic.net/main_5739730/57397303775.jpg,data\staging\wash_tower\일체형_세탁건조기_타워\stg_0066.jpg,350,350,skipped_duplicate,2026-05-14T15:41:21
일체형 세탁건조기 타워,LG 트롬 오브제컬렉션 워시타워 25/20kg 1등급 W2520WHM 일체형세탁건조기,http://shinsegaemall.ssg.com/item/itemView.ssg?itemId=1000741270319&siteNo=6004&salestrNo=6005&ckwhere=s_naver&appPopYn=n&utm_medium=PCS&utm_source=naver&utm_campaign=naver_pcs,https://shopping-phinf.pstatic.net/main_5739724/57397249175.jpg,data\staging\wash_tower\일체형_세탁건조기_타워\stg_0067.jpg,350,350,skipped_duplicate,2026-05-14T15:41:21
일체형 세탁건조기 타워,LG 트롬 오브제컬렉션 워시타워 25/20kg 1등급 W2520WHM 일체형세탁건조기,https://smartstore.naver.com/main/products/12592803579,https://shopping-phinf.pstatic.net/main_9013731/90137314435.jpg,data\staging\wash_tower\일체형_세탁건조기_타워\stg_0068.jpg,1000,1000,skipped_duplicate,2026-05-14T15:41:22
일체형 세탁건조기 타워,트롬 LG 트롬 오브제컬렉션 워시타워 25/20kg 1등급 W2520WHM 일체형세탁건조기,https://link.auction.co.kr/gate/pcs?item-no=F380957659&sub-id=1&service-code=10000003,https://shopping-phinf.pstatic.net/main_5738622/57386223829.2.jpg,data\staging\wash_tower\일체형_세탁건조기_타워\stg_0069.jpg,600,600,skipped_duplicate,2026-05-14T15:41:23
일체형 세탁건조기 타워,LG 트롬 오브제컬렉션 워시타워 25/20kg 1등급 W2520WHM 일체형세탁건조기,https://www.11st.co.kr/connect/Gateway.tmall?method=Xsite&prdNo=8787361837&tid=1000000061,https://shopping-phinf.pstatic.net/main_5738650/57386502374.2.jpg,data\staging\wash_tower\일체형_세탁건조기_타워\stg_0070.jpg,900,900,skipped_duplicate,2026-05-14T15:41:23
일체형 세탁건조기 타워,LG 트롬 오브제컬렉션 워시타워 25/20kg 1등급 W2520WHM 일체형세탁건조기,http://www.ssg.com/item/itemView.ssg?itemId=1000741270319&siteNo=6001&salestrNo=6005&ckwhere=ssg_naver&appPopYn=n&utm_medium=PCS&utm_source=naver&utm_campaign=naver_pcs,https://shopping-phinf.pstatic.net/main_5739719/57397194239.jpg,data\staging\wash_tower\일체형_세탁건조기_타워\stg_0071.jpg,350,350,skipped_duplicate,2026-05-14T15:41:24
일체형 세탁건조기 타워,미니 워시타워 세탁건조기일체형 소형 내마모 Folding 160cm 48 0 25 원룸,https://smartstore.naver.com/main/products/12430112328,https://shopping-phinf.pstatic.net/main_8997462/89974623075.jpg,data\staging\wash_tower\일체형_세탁건조기_타워\stg_0072.jpg,1000,1000,deleted,2026-05-14T15:41:24
일체형 세탁건조기 타워,삼성 비스포크 워시타워형 세탁건조기세트 일체형 13kg+10kg 세제자동투입 소형 1등급,https://smartstore.naver.com/main/products/13068067937,https://shopping-phinf.pstatic.net/main_9061257/90612579029.jpg,data\staging\wash_tower\일체형_세탁건조기_타워\stg_0073.jpg,1080,1080,skipped_duplicate,2026-05-14T15:41:25
일체형 세탁건조기 타워,LG전자 26년형 소용량 13+10kg 세탁건조기 일체형세트 컴팩트 화이트,https://smartstore.naver.com/main/products/13329817962,https://shopping-phinf.pstatic.net/main_9087432/90874328294.jpg,data\staging\wash_tower\일체형_세탁건조기_타워\stg_0074.jpg,1024,1024,approved,2026-05-14T15:41:25
일체형 세탁건조기 타워,워시타워 세탁건조기 일체형 대용량 원바디 콤보,https://smartstore.naver.com/main/products/13320487521,https://shopping-phinf.pstatic.net/main_9086499/90864997853.jpg,data\staging\wash_tower\일체형_세탁건조기_타워\stg_0075.jpg,1440,1440,deleted,2026-05-14T15:41:26
일체형 세탁건조기 타워,LG 일체형 세탁기 트롬 워시타워 세탁건조기일체형,https://smartstore.naver.com/main/products/10807186859,https://shopping-phinf.pstatic.net/main_8835169/88351692849.jpg,data\staging\wash_tower\일체형_세탁건조기_타워\stg_0076.jpg,1000,1000,skipped_duplicate,2026-05-14T15:41:26
일체형 세탁건조기 타워,LG 일체형 세탁기 트롬 워시타워 세탁건조기일체형,https://www.11st.co.kr/connect/Gateway.tmall?method=Xsite&prdNo=7529939847&tid=1000000061,https://shopping-phinf.pstatic.net/main_5521345/55213454269.1.jpg,data\staging\wash_tower\일체형_세탁건조기_타워\stg_0077.jpg,900,900,skipped_duplicate,2026-05-14T15:41:27
일체형 세탁건조기 타워,LG 오브제 25+25 워시타워형 일체형 세탁건조기 KX25KF-5KS,https://smartstore.naver.com/main/products/12967216998,https://shopping-phinf.pstatic.net/main_9051172/90511728008.jpg,data\staging\wash_tower\일체형_세탁건조기_타워\stg_0078.jpg,2000,2000,approved,2026-05-14T15:41:28
일체형 세탁건조기 타워,LG 일체형 세탁기 트롬 오브제컬렉션 워시타워 세탁건조기일체형,https://smartstore.naver.com/main/products/10807158887,https://shopping-phinf.pstatic.net/main_8835166/88351664877.jpg,data\staging\wash_tower\일체형_세탁건조기_타워\stg_0079.jpg,1000,1000,skipped_duplicate,2026-05-14T15:41:28
일체형 세탁건조기 타워,LG 일체형 세탁기 트롬 오브제컬렉션 워시타워 세탁건조기일체형,https://www.11st.co.kr/connect/Gateway.tmall?method=Xsite&prdNo=7529941036&tid=1000000061,https://shopping-phinf.pstatic.net/main_5011158/50111586615.2.jpg,data\staging\wash_tower\일체형_세탁건조기_타워\stg_0080.jpg,900,900,skipped_duplicate,2026-05-14T15:41:29
일체형 세탁건조기 타워,LG 트롬 일체형 세탁기 오브제컬렉션 워시타워 세탁건조기일체형,https://smartstore.naver.com/main/products/10807149194,https://shopping-phinf.pstatic.net/main_8835165/88351655184.jpg,data\staging\wash_tower\일체형_세탁건조기_타워\stg_0081.jpg,1000,1000,skipped_duplicate,2026-05-14T15:41:29
일체형 세탁건조기 타워,LG 트롬 일체형 세탁기 오브제컬렉션 워시타워 세탁건조기일체형,https://www.11st.co.kr/connect/Gateway.tmall?method=Xsite&prdNo=7529941521&tid=1000000061,https://shopping-phinf.pstatic.net/main_5011165/50111655829.2.jpg,data\staging\wash_tower\일체형_세탁건조기_타워\stg_0082.jpg,900,900,skipped_duplicate,2026-05-14T15:41:30
일체형 세탁건조기 타워,LG 트롬 일체형 세탁기 오브제컬렉션 워시타워 세탁건조기일체형,https://www.11st.co.kr/connect/Gateway.tmall?method=Xsite&prdNo=7529941912&tid=1000000061,https://shopping-phinf.pstatic.net/main_5521382/55213828086.1.jpg,data\staging\wash_tower\일체형_세탁건조기_타워\stg_0083.jpg,900,900,skipped_duplicate,2026-05-14T15:41:31
일체형 세탁건조기 타워,LG 트롬 일체형 세탁기 오브제컬렉션 워시타워 세탁건조기일체형,https://smartstore.naver.com/main/products/10807142429,https://shopping-phinf.pstatic.net/main_8835164/88351648419.jpg,data\staging\wash_tower\일체형_세탁건조기_타워\stg_0084.jpg,1000,1000,skipped_duplicate,2026-05-14T15:41:31
일체형 세탁건조기 타워,LG 트롬 일체형 세탁기 오브제컬렉션 워시타워 세탁건조기일체형,https://smartstore.naver.com/main/products/10807172294,https://shopping-phinf.pstatic.net/main_8835167/88351678284.jpg,data\staging\wash_tower\일체형_세탁건조기_타워\stg_0085.jpg,1000,1000,skipped_duplicate,2026-05-14T15:41:32
일체형 세탁건조기 타워,LG 트롬 세탁기건조기 일체형 워시타워형 1등급 12KG +10KG 화이트,https://smartstore.naver.com/main/products/11725649302,https://shopping-phinf.pstatic.net/main_8927015/89270159815.jpg,data\staging\wash_tower\일체형_세탁건조기_타워\stg_0086.jpg,1080,1080,skipped_duplicate,2026-05-14T15:41:33
일체형 세탁건조기 타워,미니 워시타워 세탁건조기일체형 소형 모델 펜션 699 겨울 미니세탁기 럭셔리 160CM,https://www.11st.co.kr/connect/Gateway.tmall?method=Xsite&prdNo=8836671420&tid=1000000061,https://shopping-phinf.pstatic.net/main_5772657/57726572760.1.jpg,data\staging\wash_tower\일체형_세탁건조기_타워\stg_0087.jpg,900,900,deleted,2026-05-14T15:41:33
일체형 세탁건조기 타워,일체형 세탁 건조기 드럼 워시타워 신발세탁 겸용,https://smartstore.naver.com/main/products/13263309754,https://shopping-phinf.pstatic.net/main_9080782/90807820086.jpg,data\staging\wash_tower\일체형_세탁건조기_타워\stg_0088.jpg,800,800,deleted,2026-05-14T15:41:34
일체형 세탁건조기 타워,일체형 세탁 건조기 드럼 워시타워 3통 컴팩트 세트,https://smartstore.naver.com/main/products/13263785521,https://shopping-phinf.pstatic.net/main_9080829/90808295853.jpg,data\staging\wash_tower\일체형_세탁건조기_타워\stg_0089.jpg,1440,1920,deleted,2026-05-14T15:41:34
일체형 세탁건조기 타워,(LG)LG 트롬 오브제컬렉션 워시타워 25/20kg 1등급 W2520WHM 일체형세탁건조기,https://link.auction.co.kr/gate/pcs?item-no=F382202291&sub-id=1&service-code=10000003,https://shopping-phinf.pstatic.net/main_5740030/57400307676.1.jpg,data\staging\wash_tower\일체형_세탁건조기_타워\stg_0090.jpg,600,600,skipped_duplicate,2026-05-14T15:41:35
일체형 세탁건조기 타워,LG전자 (LG)LG 트롬 오브제컬렉션 워시타워 25/20kg 1등급 W2520WHM 일체형세탁건조기,https://link.gmarket.co.kr/gate/pcs?item-no=4576648041&sub-id=1003&service-code=10000003&lcd=100000092,https://shopping-phinf.pstatic.net/main_5740556/57405569202.1.jpg,data\staging\wash_tower\일체형_세탁건조기_타워\stg_0091.jpg,600,600,skipped_duplicate,2026-05-14T15:41:35
일체형 세탁건조기 타워,LG전자 LG 트롬 오브제컬렉션 워시타워 25/20kg 1등급 W2520WHM 일체형세탁건조기,https://www.lotteon.com/p/product/LO2567135929?sitmNo=LO2567135929_2567135930&ch_no=100065&ch_dtl_no=1000030&entryPoint=pcs&dp_infw_cd=CHT,https://shopping-phinf.pstatic.net/main_5738620/57386202097.jpg,data\staging\wash_tower\일체형_세탁건조기_타워\stg_0092.jpg,1000,1000,skipped_duplicate,2026-05-14T15:41:36
일체형 세탁건조기 타워,LG전자 LG 트롬 오브제컬렉션 워시타워 25/20kg 1등급 W2520WHM 일체형세탁건조기,https://link.gmarket.co.kr/gate/pcs?item-no=4575316459&sub-id=1003&service-code=10000003&lcd=100000092,https://shopping-phinf.pstatic.net/main_5738622/57386227309.1.jpg,data\staging\wash_tower\일체형_세탁건조기_타워\stg_0093.jpg,1000,1000,skipped_duplicate,2026-05-14T15:41:37
일체형 세탁건조기 타워,LG 세탁기건조기 일체형 세트 24+20kg 엘지오브제세탁기 트롬 워시타워,https://smartstore.naver.com/main/products/9887381806,https://shopping-phinf.pstatic.net/main_8743188/87431884079.jpg,data\staging\wash_tower\일체형_세탁건조기_타워\stg_0094.jpg,1000,1000,skipped_duplicate,2026-05-14T15:41:37
일체형 세탁건조기 타워,미니 세탁건조기일체형 소형 가정용 속옷 양말 원룸 티타늄 데스크탑 sh-fj341,https://smartstore.naver.com/main/products/11806998089,https://shopping-phinf.pstatic.net/main_8935150/89351508676.jpg,data\staging\wash_tower\일체형_세탁건조기_타워\stg_0095.jpg,800,800,deleted,2026-05-14T15:41:38
일체형 세탁건조기 타워,LG 세탁건조기 일체형 워시타워 25kg 렌탈 WL22YEZU 6년 구독 방문관리포함,https://rental-home.co.kr/product/detail.html?product_no=13333&cate_no=427&display_group=1&utm_source=naver&utm_medium=shopping&utm_campaign=knowledge_shopping&mkt_in=Y&ghost_mall_id=naver&ref=naver_open,https://shopping-phinf.pstatic.net/main_5102034/51020345388.jpg,data\staging\wash_tower\일체형_세탁건조기_타워\stg_0096.jpg,500,500,approved,2026-05-14T15:41:38
일체형 세탁건조기 타워,LG 세탁건조기 일체형 워시타워 25kg 렌탈 WL22YGZU 6년 구독 방문관리포함,https://60smart.co.kr/product/detail.html?product_no=13332&cate_no=427&display_group=1&utm_source=naver&utm_medium=shopping&utm_campaign=knowledge_shopping&mkt_in=Y&ghost_mall_id=naver&ref=naver_open,https://shopping-phinf.pstatic.net/main_5102049/51020496903.jpg,data\staging\wash_tower\일체형_세탁건조기_타워\stg_0097.jpg,500,500,approved,2026-05-14T15:41:39
일체형 세탁건조기 타워,LG 세탁건조기 일체형 워시타워 25kg 렌탈 WL21EEN 6년구독 방문관리포함,https://lghello-rental.com/product/detail.html?product_no=13337&cate_no=427&display_group=1&utm_source=naver&utm_medium=shopping&utm_campaign=knowledge_shopping&mkt_in=Y&ghost_mall_id=naver&ref=naver_open,https://shopping-phinf.pstatic.net/main_5102057/51020577638.jpg,data\staging\wash_tower\일체형_세탁건조기_타워\stg_0098.jpg,500,500,skipped_duplicate,2026-05-14T15:41:39
일체형 세탁건조기 타워,LG 세탁건조기 일체형 워시타워 25kg 렌탈 W20WZNM 6년 구독 방문관리포함,https://rental-home.co.kr/product/detail.html?product_no=13335&cate_no=427&display_group=1&utm_source=naver&utm_medium=shopping&utm_campaign=knowledge_shopping&mkt_in=Y&ghost_mall_id=naver&ref=naver_open,https://shopping-phinf.pstatic.net/main_5102022/51020222683.jpg,data\staging\wash_tower\일체형_세탁건조기_타워\stg_0099.jpg,500,500,skipped_duplicate,2026-05-14T15:41:40
세탁기 건조기 세트 타워형,LG전자 워시타워 FX24WXD + RD20WXD (W20WD),https://search.shopping.naver.com/catalog/30402965618,https://shopping-phinf.pstatic.net/main_3040296/30402965618.20220103155159.jpg,data\staging\wash_tower\세탁기_건조기_세트_타워형\stg_0000.jpg,1000,1000,skipped_duplicate,2026-05-14T15:41:41
세탁기 건조기 세트 타워형,LG전자 워시타워 FX24WJN + RD20WJN (W20WHN),https://search.shopping.naver.com/catalog/37988116618,https://shopping-phinf.pstatic.net/main_3798811/37988116618.20251015223645.jpg,data\staging\wash_tower\세탁기_건조기_세트_타워형\stg_0001.jpg,350,350,skipped_duplicate,2026-05-14T15:41:41
세탁기 건조기 세트 타워형,LG전자 워시타워 FX24WJAD + RD21WJAD (W21WAM),https://search.shopping.naver.com/catalog/48863997618,https://shopping-phinf.pstatic.net/main_4886399/48863997618.20240702110736.jpg,data\staging\wash_tower\세탁기_건조기_세트_타워형\stg_0002.jpg,1000,1000,skipped_duplicate,2026-05-14T15:41:42
세탁기 건조기 세트 타워형,삼성 세탁기 건조기 세트 일체형 워시타워형WW90T3000KW + DV90TA040KE 신모델로,https://smartstore.naver.com/main/products/7943019984,https://shopping-phinf.pstatic.net/main_8548752/85487520307.3.jpg,data\staging\wash_tower\세탁기_건조기_세트_타워형\stg_0003.jpg,1080,1080,approved,2026-05-14T15:41:42
세탁기 건조기 세트 타워형,LG 트롬 오브제 워시타워 원바디 세탁기 건조기 세트 화이트 트루스팀,https://smartstore.naver.com/main/products/11277590770,https://shopping-phinf.pstatic.net/main_8882210/88822101101.4.jpg,data\staging\wash_tower\세탁기_건조기_세트_타워형\stg_0004.jpg,1000,1000,skipped_duplicate,2026-05-14T15:41:42
세탁기 건조기 세트 타워형,LG전자 FA25GJF + RA25EJF (WA2525GEHF) 1개,https://search.shopping.naver.com/catalog/59469488118,https://shopping-phinf.pstatic.net/main_5946948/59469488118.20260331103847.jpg,data\staging\wash_tower\세탁기_건조기_세트_타워형\stg_0005.jpg,700,700,skipped_duplicate,2026-05-14T15:41:43
세탁기 건조기 세트 타워형,삼성 원바디 워시 타워형 세탁기 건조기 일체형 24+20kg 1등급,https://smartstore.naver.com/main/products/9894312114,https://shopping-phinf.pstatic.net/main_8743881/87438814387.2.jpg,data\staging\wash_tower\세탁기_건조기_세트_타워형\stg_0006.jpg,1000,1000,approved,2026-05-14T15:41:43
세탁기 건조기 세트 타워형,LG전자 워시타워 FX23WXNW + RD20WXNW (W20WAN),https://search.shopping.naver.com/catalog/31368381619,https://shopping-phinf.pstatic.net/main_3136838/31368381619.20220318144716.jpg,data\staging\wash_tower\세탁기_건조기_세트_타워형\stg_0007.jpg,1000,1000,skipped_duplicate,2026-05-14T15:41:44
세탁기 건조기 세트 타워형,LG전자 워시타워 FA25EJFB + RA25GJFB (WA2525EGZF),https://search.shopping.naver.com/catalog/53758514760,https://shopping-phinf.pstatic.net/main_5375851/53758514760.20250325192337.jpg,data\staging\wash_tower\세탁기_건조기_세트_타워형\stg_0008.jpg,1000,1201,skipped_duplicate,2026-05-14T15:41:44
세탁기 건조기 세트 타워형,LG 트롬 워시타워 오브제 원바디 세탁기 건조기 세트 그린/베이지 색상선택,https://smartstore.naver.com/main/products/11277616151,https://shopping-phinf.pstatic.net/main_8882212/88822126482.4.jpg,data\staging\wash_tower\세탁기_건조기_세트_타워형\stg_0009.jpg,1000,1000,skipped_duplicate,2026-05-14T15:41:44
세탁기 건조기 세트 타워형,LG전자 FA25EJF + RA25EJF (WA2525EEHF) 1개,https://search.shopping.naver.com/catalog/59307134966,https://shopping-phinf.pstatic.net/main_5930713/59307134966.20260318171025.jpg,data\staging\wash_tower\세탁기_건조기_세트_타워형\stg_0010.jpg,700,700,skipped_duplicate,2026-05-14T15:41:45
세탁기 건조기 세트 타워형,LG전자 워시타워 FX23WJN + RD20WJN (W20WANQ),https://search.shopping.naver.com/catalog/36170503618,https://shopping-phinf.pstatic.net/main_3617050/36170503618.20221129135056.jpg,data\staging\wash_tower\세탁기_건조기_세트_타워형\stg_0011.jpg,934,935,skipped_duplicate,2026-05-14T15:41:45
세탁기 건조기 세트 타워형,삼성 비스포크 24kg+20kg 그랑데 원바디 세탁기건조기 세트 워시 타워형,https://smartstore.naver.com/main/products/9221779838,https://shopping-phinf.pstatic.net/main_8676628/86766280161.1.jpg,data\staging\wash_tower\세탁기_건조기_세트_타워형\stg_0012.jpg,651,650,skipped_duplicate,2026-05-14T15:41:46
세탁기 건조기 세트 타워형,LG전자 혜택가 207만원대 LG전자 트롬 워시타워 W20WD 세탁24kg 건조20kg,https://link.gmarket.co.kr/gate/pcs?item-no=2344305507&sub-id=1003&service-code=10000003&lcd=100000092,https://shopping-phinf.pstatic.net/main_3551409/35514091238.163.jpg,data\staging\wash_tower\세탁기_건조기_세트_타워형\stg_0013.jpg,600,600,skipped_duplicate,2026-05-14T15:41:46
세탁기 건조기 세트 타워형,LG전자 워시타워 FX25WJNS + RD20WJNS (W20WZNM),https://search.shopping.naver.com/catalog/39651683623,https://shopping-phinf.pstatic.net/main_3965168/39651683623.20230821155023.jpg,data\staging\wash_tower\세탁기_건조기_세트_타워형\stg_0014.jpg,1000,1000,skipped_duplicate,2026-05-14T15:41:46
세탁기 건조기 세트 타워형,LG전자 워시타워 FL25EJUE + RL21GJUG (WL21EGZU) 1개,https://search.shopping.naver.com/catalog/59400904984,https://shopping-phinf.pstatic.net/main_5940090/59400904984.20260326151352.jpg,data\staging\wash_tower\세탁기_건조기_세트_타워형\stg_0015.jpg,350,350,skipped_duplicate,2026-05-14T15:41:47
세탁기 건조기 세트 타워형,LG전자 워시타워 FX24EJAD + RD21GJAD (W21EGAM),https://search.shopping.naver.com/catalog/48864705619,https://shopping-phinf.pstatic.net/main_4886470/48864705619.20240702115012.jpg,data\staging\wash_tower\세탁기_건조기_세트_타워형\stg_0016.jpg,1000,1000,skipped_duplicate,2026-05-14T15:41:47
세탁기 건조기 세트 타워형,LG전자 워시타워 FL25EJN + RL21GJN (WL21EGN),https://search.shopping.naver.com/catalog/42303231618,https://shopping-phinf.pstatic.net/main_4230323/42303231618.20230829174315.jpg,data\staging\wash_tower\세탁기_건조기_세트_타워형\stg_0017.jpg,750,750,skipped_duplicate,2026-05-14T15:41:47
세탁기 건조기 세트 타워형,LG전자 워시타워 FX24GJAD + RD21EJAD (W21GEAM),https://search.shopping.naver.com/catalog/48864793618,https://shopping-phinf.pstatic.net/main_4886479/48864793618.20240702120116.jpg,data\staging\wash_tower\세탁기_건조기_세트_타워형\stg_0018.jpg,1000,1000,skipped_duplicate,2026-05-14T15:41:48
세탁기 건조기 세트 타워형,LG전자 워시타워 FL25WJU + RL21WJU (WL21WDU),https://search.shopping.naver.com/catalog/39741085619,https://shopping-phinf.pstatic.net/main_3974108/39741085619.20251015224017.jpg,data\staging\wash_tower\세탁기_건조기_세트_타워형\stg_0019.jpg,350,350,skipped_duplicate,2026-05-14T15:41:48
세탁기 건조기 세트 타워형,LG전자 트롬 FA25IJF + RA25IJF (WA2525IIHF),https://search.shopping.naver.com/catalog/53758690302,https://shopping-phinf.pstatic.net/main_5375869/53758690302.20250402105431.jpg,data\staging\wash_tower\세탁기_건조기_세트_타워형\stg_0020.jpg,350,350,skipped_duplicate,2026-05-14T15:41:49
세탁기 건조기 세트 타워형,LG전자 워시타워 F13EJN + RH10GJN (W10EGN),https://search.shopping.naver.com/catalog/34643320621,https://shopping-phinf.pstatic.net/main_3464332/34643320621.20251015223703.jpg,data\staging\wash_tower\세탁기_건조기_세트_타워형\stg_0021.jpg,350,350,skipped_duplicate,2026-05-14T15:41:49
세탁기 건조기 세트 타워형,LG 워시타워 W21WAM 세탁기 24kg 건조기 21kg,https://smartstore.naver.com/main/products/10503741323,https://shopping-phinf.pstatic.net/main_8804824/88048246675.46.jpg,data\staging\wash_tower\세탁기_건조기_세트_타워형\stg_0022.jpg,1000,1000,approved,2026-05-14T15:41:49
세탁기 건조기 세트 타워형,삼성 세탁기건조기 일체형 그랑데 ai 비스포크 워시 타워형 21+17kg,https://smartstore.naver.com/main/products/12238069810,https://shopping-phinf.pstatic.net/main_8978258/89782580526.1.jpg,data\staging\wash_tower\세탁기_건조기_세트_타워형\stg_0023.jpg,600,600,approved,2026-05-14T15:41:50
세탁기 건조기 세트 타워형,LG전자 워시타워 F25WJDS + RD20WJDS (W2520WZM),https://search.shopping.naver.com/catalog/54812873672,https://shopping-phinf.pstatic.net/main_5481287/54812873672.20250703165116.jpg,data\staging\wash_tower\세탁기_건조기_세트_타워형\stg_0024.jpg,350,350,skipped_duplicate,2026-05-14T15:41:50
세탁기 건조기 세트 타워형,LG전자 워시타워 FX23GJN + RD20EJN (W20GEAN),https://search.shopping.naver.com/catalog/31368825619,https://shopping-phinf.pstatic.net/main_3136882/31368825619.20220614142254.jpg,data\staging\wash_tower\세탁기_건조기_세트_타워형\stg_0025.jpg,750,750,skipped_duplicate,2026-05-14T15:41:51
세탁기 건조기 세트 타워형,1등급 엘지 오브제 트롬 원바디 워시타워 25+21KG 일체형 베이지그린 WL21EGN,https://smartstore.naver.com/main/products/12697479196,https://shopping-phinf.pstatic.net/main_9024199/90241990120.jpg,data\staging\wash_tower\세탁기_건조기_세트_타워형\stg_0026.jpg,1000,1000,skipped_duplicate,2026-05-14T15:41:51
세탁기 건조기 세트 타워형,LG전자 워시타워 W20EGZ,https://search.shopping.naver.com/catalog/32002566618,https://shopping-phinf.pstatic.net/main_3200256/32002566618.20251015224450.jpg,data\staging\wash_tower\세탁기_건조기_세트_타워형\stg_0027.jpg,350,350,skipped_duplicate,2026-05-14T15:41:51
세탁기 건조기 세트 타워형,LG전자 워시타워 F13WJANR + RH10WJAN (W1310WAN) 1개,https://search.shopping.naver.com/catalog/59618537084,https://shopping-phinf.pstatic.net/main_5961853/59618537084.20260410142606.jpg,data\staging\wash_tower\세탁기_건조기_세트_타워형\stg_0028.jpg,1000,1000,skipped_duplicate,2026-05-14T15:41:52
세탁기 건조기 세트 타워형,LG전자 워시타워 FX24WJADR+RD21WJAD (W2421WAMR) 1개,https://search.shopping.naver.com/catalog/59645379413,https://shopping-phinf.pstatic.net/main_5964537/59645379413.20260413153635.jpg,data\staging\wash_tower\세탁기_건조기_세트_타워형\stg_0029.jpg,1000,1000,skipped_duplicate,2026-05-14T15:41:52
세탁기 건조기 세트 타워형,[혜택가 226만] LG 트롬 오브제컬렉션 워시타워 W21WAM 세탁기건조기 24/21kg,https://www.11st.co.kr/connect/Gateway.tmall?method=Xsite&prdNo=7311004275&tid=1000000061,https://shopping-phinf.pstatic.net/main_4875484/48754845765.15.jpg,data\staging\wash_tower\세탁기_건조기_세트_타워형\stg_0030.jpg,900,900,skipped_duplicate,2026-05-14T15:41:53
세탁기 건조기 세트 타워형,삼성 비스포크AI 원바디 워시 타워형 세탁기 건조기 일체형 21+17kg 1등급,https://smartstore.naver.com/main/products/12942628675,https://shopping-phinf.pstatic.net/main_9048713/90487139685.jpg,data\staging\wash_tower\세탁기_건조기_세트_타워형\stg_0031.jpg,492,492,skipped_duplicate,2026-05-14T15:41:53
세탁기 건조기 세트 타워형,LG전자 워시타워 FX23EJN + D20GJN (W20EGAN),https://search.shopping.naver.com/catalog/31912971619,https://shopping-phinf.pstatic.net/main_3191297/31912971619.20220419180148.jpg,data\staging\wash_tower\세탁기_건조기_세트_타워형\stg_0032.jpg,1000,1000,skipped_duplicate,2026-05-14T15:41:53
세탁기 건조기 세트 타워형,LG전자 워시타워 FX24EJAD + RD21EJAD (W21EEAM),https://search.shopping.naver.com/catalog/48864503618,https://shopping-phinf.pstatic.net/main_4886450/48864503618.20240702113726.jpg,data\staging\wash_tower\세탁기_건조기_세트_타워형\stg_0033.jpg,1000,1000,skipped_duplicate,2026-05-14T15:41:54
세탁기 건조기 세트 타워형,LG전자 워시타워 W20EEZ,https://search.shopping.naver.com/catalog/38118191623,https://shopping-phinf.pstatic.net/main_3811819/38118191623.20230404145937.jpg,data\staging\wash_tower\세탁기_건조기_세트_타워형\stg_0034.jpg,1000,1000,skipped_duplicate,2026-05-14T15:41:54
세탁기 건조기 세트 타워형,LG전자 오브제컬렉션 F13EJNR + RH10GJN (W1310EGN) 1개,https://search.shopping.naver.com/catalog/59245106444,https://shopping-phinf.pstatic.net/main_5924510/59245106444.20260313161346.jpg,data\staging\wash_tower\세탁기_건조기_세트_타워형\stg_0035.jpg,500,500,skipped_duplicate,2026-05-14T15:41:54
세탁기 건조기 세트 타워형,LG전자 워시타워 FA25GJFB + RA25EJFB (WA2525GEZF),https://search.shopping.naver.com/catalog/53758689776,https://shopping-phinf.pstatic.net/main_5375868/53758689776.20250325194735.jpg,data\staging\wash_tower\세탁기_건조기_세트_타워형\stg_0036.jpg,1000,1000,skipped_duplicate,2026-05-14T15:41:55
세탁기 건조기 세트 타워형,LG전자 워시타워 FX23GJAD + RD21EJAD (W2321GEAM),https://search.shopping.naver.com/catalog/56017873907,https://shopping-phinf.pstatic.net/main_5601787/56017873907.20250806163411.jpg,data\staging\wash_tower\세탁기_건조기_세트_타워형\stg_0037.jpg,350,350,skipped_duplicate,2026-05-14T15:41:55
세탁기 건조기 세트 타워형,LG전자 트롬 FA25KJF + RA25KJF (WA2525KDF),https://search.shopping.naver.com/catalog/54894648421,https://shopping-phinf.pstatic.net/main_5489464/54894648421.20250521170447.jpg,data\staging\wash_tower\세탁기_건조기_세트_타워형\stg_0038.jpg,1000,1000,approved,2026-05-14T15:41:56
세탁기 건조기 세트 타워형,LG전자 워시타워 F13WJAN + RH10WJAN (W10WAN) 1개,https://search.shopping.naver.com/catalog/59771422382,https://shopping-phinf.pstatic.net/main_5977142/59771422382.20260423100438.jpg,data\staging\wash_tower\세탁기_건조기_세트_타워형\stg_0039.jpg,350,350,skipped_duplicate,2026-05-14T15:41:56
세탁기 건조기 세트 타워형,LG전자 워시타워 FX23GJN + RD20GJN (W20GGAN) 1개,https://search.shopping.naver.com/catalog/59772477645,https://shopping-phinf.pstatic.net/main_5977247/59772477645.20260423122252.jpg,data\staging\wash_tower\세탁기_건조기_세트_타워형\stg_0040.jpg,500,500,skipped_duplicate,2026-05-14T15:41:56
세탁기 건조기 세트 타워형,LG전자 워시타워 FA25EJFB + RA25EJFB (WA2525EEZF),https://search.shopping.naver.com/catalog/55399059483,https://shopping-phinf.pstatic.net/main_5539905/55399059483.20250620160911.jpg,data\staging\wash_tower\세탁기_건조기_세트_타워형\stg_0041.jpg,500,643,skipped_duplicate,2026-05-14T15:41:57
세탁기 건조기 세트 타워형,삼성 세탁기건조기 워시타워형 1등급 25KG +21KG 화이트/블랙 택1,https://smartstore.naver.com/main/products/12199379081,https://shopping-phinf.pstatic.net/main_8974388/89743889786.jpg,data\staging\wash_tower\세탁기_건조기_세트_타워형\stg_0042.jpg,1000,1000,approved,2026-05-14T15:41:57
세탁기 건조기 세트 타워형,LG전자 워시타워 F13BJN + RH10BJN (W10BN),https://search.shopping.naver.com/catalog/38174314619,https://shopping-phinf.pstatic.net/main_3817431/38174314619.20251015224550.jpg,data\staging\wash_tower\세탁기_건조기_세트_타워형\stg_0043.jpg,350,350,skipped_duplicate,2026-05-14T15:41:58
세탁기 건조기 세트 타워형,LG전자 워시타워 F13BJN + RH10BJHN (W10BHN),https://search.shopping.naver.com/catalog/42198991619,https://shopping-phinf.pstatic.net/main_4219899/42198991619.20251015224804.jpg,data\staging\wash_tower\세탁기_건조기_세트_타워형\stg_0044.jpg,350,350,skipped_duplicate,2026-05-14T15:41:58
세탁기 건조기 세트 타워형,LG전자 워시타워 FA25YJFB + RA25MJFB (WA2525YMZF),https://search.shopping.naver.com/catalog/54878322634,https://shopping-phinf.pstatic.net/main_5487832/54878322634.20250527162330.jpg,data\staging\wash_tower\세탁기_건조기_세트_타워형\stg_0045.jpg,750,750,skipped_duplicate,2026-05-14T15:41:58
세탁기 건조기 세트 타워형,[신세계백화점]LG전자 (LG)SLG전자 직영 트롬 워시타워 오브제컬렉션 W20WANQ,https://link.gmarket.co.kr/gate/pcs?item-no=4494611069&sub-id=1003&service-code=10000003&lcd=100000092,https://shopping-phinf.pstatic.net/main_5840088/58400882628.jpg,data\staging\wash_tower\세탁기_건조기_세트_타워형\stg_0046.jpg,600,600,skipped_duplicate,2026-05-14T15:41:59
세탁기 건조기 세트 타워형,LG전자 FA25GJF + RA25EJF (WA2525GEHF) 1개,https://search.shopping.naver.com/catalog/59386019760,https://shopping-phinf.pstatic.net/main_5938601/59386019760.20260325124158.jpg,data\staging\wash_tower\세탁기_건조기_세트_타워형\stg_0047.jpg,700,700,skipped_duplicate,2026-05-14T15:41:59
세탁기 건조기 세트 타워형,삼성 비스포크AI 원바디 25kg+20kg 세제자동+오토오픈도어 WH90F2520AAHY,https://smartstore.naver.com/main/products/13104023069,https://shopping-phinf.pstatic.net/main_9064853/90648534161.jpg,data\staging\wash_tower\세탁기_건조기_세트_타워형\stg_0048.jpg,1000,1000,approved,2026-05-14T15:42:00
세탁기 건조기 세트 타워형,LG전자 워시타워 FL25EJUER + RL22GJUG (WL22EGZU) 1개,https://search.shopping.naver.com/catalog/59401676601,https://shopping-phinf.pstatic.net/main_5940167/59401676601.20260326170132.jpg,data\staging\wash_tower\세탁기_건조기_세트_타워형\stg_0049.jpg,350,350,skipped_duplicate,2026-05-14T15:42:00
세탁기 건조기 세트 타워형,LG 트롬 AI 오브제컬렉션 워시타워 WA2525YMZF 네이비 크림,https://smartstore.naver.com/main/products/11926893846,https://shopping-phinf.pstatic.net/main_8947140/89471404534.jpg,data\staging\wash_tower\세탁기_건조기_세트_타워형\stg_0050.jpg,800,800,skipped_duplicate,2026-05-14T15:42:00
세탁기 건조기 세트 타워형,LG전자 워시타워 FA25MJFB + RA25YJFB (WA2525MYZF),https://search.shopping.naver.com/catalog/54878312008,https://shopping-phinf.pstatic.net/main_5487831/54878312008.20250527162503.jpg,data\staging\wash_tower\세탁기_건조기_세트_타워형\stg_0051.jpg,750,750,skipped_duplicate,2026-05-14T15:42:01
세탁기 건조기 세트 타워형,LG전자 워시타워 FX24EJADR+RD21EJAD (W2421EEAMR) 1개,https://search.shopping.naver.com/catalog/59645004437,https://shopping-phinf.pstatic.net/main_5964500/59645004437.20260413143948.jpg,data\staging\wash_tower\세탁기_건조기_세트_타워형\stg_0052.jpg,1000,1000,skipped_duplicate,2026-05-14T15:42:01
세탁기 건조기 세트 타워형,"LG전자 워시타워 FX24WXD + RD20WXD (W20WD) 방문주기12개월, 의무사용 72개월",https://search.shopping.naver.com/catalog/59128530012,https://shopping-phinf.pstatic.net/main_5912853/59128530012.20260303150053.jpg,data\staging\wash_tower\세탁기_건조기_세트_타워형\stg_0053.jpg,792,750,skipped_duplicate,2026-05-14T15:42:02
세탁기 건조기 세트 타워형,LG전자 워시타워 FL25GJN + RL21EJN (WL21GEN),https://search.shopping.naver.com/catalog/42303231619,https://shopping-phinf.pstatic.net/main_4230323/42303231619.20230829174548.jpg,data\staging\wash_tower\세탁기_건조기_세트_타워형\stg_0054.jpg,750,750,skipped_duplicate,2026-05-14T15:42:02
세탁기 건조기 세트 타워형,LG전자 워시타워 25kg+20kg W2520WHM 릴리화이트 전국무료배송,https://smartstore.naver.com/main/products/12628372024,https://shopping-phinf.pstatic.net/main_9017288/90172882880.1.jpg,data\staging\wash_tower\세탁기_건조기_세트_타워형\stg_0055.jpg,2048,2048,skipped_duplicate,2026-05-14T15:42:02
세탁기 건조기 세트 타워형,LG전자 워시타워 FL25WJUR + RL22WJU (WL22WDU),https://search.shopping.naver.com/catalog/45437828621,https://shopping-phinf.pstatic.net/main_4543782/45437828621.20240124175853.jpg,data\staging\wash_tower\세탁기_건조기_세트_타워형\stg_0056.jpg,350,350,skipped_duplicate,2026-05-14T15:42:03
세탁기 건조기 세트 타워형,삼성 비스포크 세탁기건조기 세트 일체형 24+20kg 원바디 워시 타워형,https://smartstore.naver.com/main/products/10223867719,https://shopping-phinf.pstatic.net/main_8776837/87768371256.jpg,data\staging\wash_tower\세탁기_건조기_세트_타워형\stg_0057.jpg,1000,1000,approved,2026-05-14T15:42:03
세탁기 건조기 세트 타워형,LG전자 워시타워 FX24WXDR+RD20WXD (W2420WDR) 1개,https://search.shopping.naver.com/catalog/59645780903,https://shopping-phinf.pstatic.net/main_5964578/59645780903.20260413163856.jpg,data\staging\wash_tower\세탁기_건조기_세트_타워형\stg_0058.jpg,1000,1000,skipped_duplicate,2026-05-14T15:42:04
세탁기 건조기 세트 타워형,LG전자 워시타워 FL25EJUER + RL22EJUE (WL22EEZU) 1개,https://search.shopping.naver.com/catalog/59816046802,https://shopping-phinf.pstatic.net/main_5981604/59816046802.20260427165712.jpg,data\staging\wash_tower\세탁기_건조기_세트_타워형\stg_0059.jpg,350,350,skipped_duplicate,2026-05-14T15:42:04
세탁기 건조기 세트 타워형,LG전자 워시타워 FX24GJDG + RD20EJDE (W20GEZ),https://search.shopping.naver.com/catalog/32004215621,https://shopping-phinf.pstatic.net/main_3200421/32004215621.20220425150033.jpg,data\staging\wash_tower\세탁기_건조기_세트_타워형\stg_0060.jpg,1000,1000,skipped_duplicate,2026-05-14T15:42:04
세탁기 건조기 세트 타워형,삼성/LG 드럼세탁기 14kg+ 건조기 14kg 세트,https://smartstore.naver.com/main/products/13100435006,https://shopping-phinf.pstatic.net/main_9064494/90644946098.jpg,data\staging\wash_tower\세탁기_건조기_세트_타워형\stg_0061.jpg,1000,1000,approved,2026-05-14T15:42:05
세탁기 건조기 세트 타워형,1등급 LG전자 워시타워 25kg+20kg W2520WHM 릴리화이트,https://link.coupang.com/re/PCSNAVERPCSDP?pageKey=9174727029&ctag=9174727029&lptag=I27045560617&itemId=27045560617&vendorItemId=94013988081&spec=10305199,https://shopping-phinf.pstatic.net/main_5774705/57747051735.jpg,data\staging\wash_tower\세탁기_건조기_세트_타워형\stg_0062.jpg,960,960,skipped_duplicate,2026-05-14T15:42:05
세탁기 건조기 세트 타워형,LG 트롬 세탁기건조기 일체형 워시타워형 1등급 12KG +10KG 화이트,https://smartstore.naver.com/main/products/11725649302,https://shopping-phinf.pstatic.net/main_8927015/89270159815.jpg,data\staging\wash_tower\세탁기_건조기_세트_타워형\stg_0063.jpg,1080,1080,skipped_duplicate,2026-05-14T15:42:05
세탁기 건조기 세트 타워형,LG전자 세탁기건조기세트 24+20kg 워시타워 FX24WJN+RD20WJN W20WHN,https://smartstore.naver.com/main/products/9889918968,https://shopping-phinf.pstatic.net/main_8743442/87434421241.jpg,data\staging\wash_tower\세탁기_건조기_세트_타워형\stg_0064.jpg,500,500,skipped_duplicate,2026-05-14T15:42:06
세탁기 건조기 세트 타워형,LG전자 트롬 워시타워 W17WTA 세탁기 24kg + 건조기 17kg 방문설치 릴리 화이트,https://link.coupang.com/re/PCSNAVERPCSDP?pageKey=5205176186&ctag=5205176186&lptag=I7266355837&itemId=7266355837&vendorItemId=80215165525&spec=10305199,https://shopping-phinf.pstatic.net/main_5905730/59057306251.jpg,data\staging\wash_tower\세탁기_건조기_세트_타워형\stg_0065.jpg,500,500,skipped_duplicate,2026-05-14T15:42:06
세탁기 건조기 세트 타워형,삼성전자 비스포크 WF80H24BBS + DV80H20BBS (WH80H2420BBHS),https://search.shopping.naver.com/catalog/59158006754,https://shopping-phinf.pstatic.net/main_5915800/59158006754.20260306124301.jpg,data\staging\wash_tower\세탁기_건조기_세트_타워형\stg_0066.jpg,1000,1000,approved,2026-05-14T15:42:07
세탁기 건조기 세트 타워형,LG전자 워시타워 FL25GJUGR + RL22EJUE (WL22GEZU),https://search.shopping.naver.com/catalog/45431786619,https://shopping-phinf.pstatic.net/main_4543178/45431786619.20240124111703.jpg,data\staging\wash_tower\세탁기_건조기_세트_타워형\stg_0067.jpg,350,350,skipped_duplicate,2026-05-14T15:42:07
세탁기 건조기 세트 타워형,LG전자 (LG)LG 트롬 오브제컬렉션 워시타워25/20kg W2520WHM 전국무료배송,https://link.gmarket.co.kr/gate/pcs?item-no=4737070106&sub-id=1003&service-code=10000003&lcd=100000092,https://shopping-phinf.pstatic.net/main_5978800/59788006751.jpg,data\staging\wash_tower\세탁기_건조기_세트_타워형\stg_0068.jpg,600,600,skipped_duplicate,2026-05-14T15:42:07
세탁기 건조기 세트 타워형,LG전자 트롬 AI 오브제컬렉션 워시타워 WA2525EGHF (G),https://link.auction.co.kr/gate/pcs?item-no=F209950482&sub-id=1&service-code=10000003,https://shopping-phinf.pstatic.net/main_5467241/54672416342.3.jpg,data\staging\wash_tower\세탁기_건조기_세트_타워형\stg_0069.jpg,600,600,skipped_duplicate,2026-05-14T15:42:08
세탁기 건조기 세트 타워형,(LG)LG전자 트롬 AI 오브제컬렉션 WA2525GEHF 워시타워 25/25kg P.H,https://link.gmarket.co.kr/gate/pcs?item-no=4585351482&sub-id=1003&service-code=10000003&lcd=100000092,https://shopping-phinf.pstatic.net/main_5760443/57604436326.1.jpg,data\staging\wash_tower\세탁기_건조기_세트_타워형\stg_0070.jpg,600,600,skipped_duplicate,2026-05-14T15:42:08
세탁기 건조기 세트 타워형,LG 세탁기건조기 일체형 세트 24+20kg 엘지오브제세탁기 트롬 워시타워,https://smartstore.naver.com/main/products/9887381806,https://shopping-phinf.pstatic.net/main_8743188/87431884079.jpg,data\staging\wash_tower\세탁기_건조기_세트_타워형\stg_0071.jpg,1000,1000,skipped_duplicate,2026-05-14T15:42:09
세탁기 건조기 세트 타워형,LG전자 트롬 워시타워 W16WTA 세탁기 21kg + 건조기 16kg 방문설치  릴리 화이트,https://link.coupang.com/re/PCSNAVERPCSDP?pageKey=1868809038&ctag=1868809038&lptag=I3176334251&itemId=3176334251&vendorItemId=80215343367&spec=10305199,https://shopping-phinf.pstatic.net/main_5905657/59056571754.jpg,data\staging\wash_tower\세탁기_건조기_세트_타워형\stg_0072.jpg,1000,1000,skipped_duplicate,2026-05-14T15:42:09
세탁기 건조기 세트 타워형,삼성 비스포크AI 원바디 일체형 세제자동투입 25kg+20kg WF2520HCEED 1등급,https://smartstore.naver.com/main/products/10087195780,https://shopping-phinf.pstatic.net/main_8763169/87631698438.40.jpg,data\staging\wash_tower\세탁기_건조기_세트_타워형\stg_0073.jpg,1000,1000,approved,2026-05-14T15:42:09
세탁기 건조기 세트 타워형,LG전자 워시타워 FX24GJADR+RD21EJAD (W2421GEAMR) 1개,https://search.shopping.naver.com/catalog/59645227741,https://shopping-phinf.pstatic.net/main_5964522/59645227741.20260413151303.jpg,data\staging\wash_tower\세탁기_건조기_세트_타워형\stg_0074.jpg,1000,1000,skipped_duplicate,2026-05-14T15:42:10
세탁기 건조기 세트 타워형,삼성 세탁기건조기 일체형 세트 21키로 세탁기 + 17키로 건조기 1등급 워시타워형,https://smartstore.naver.com/main/products/8252286927,https://shopping-phinf.pstatic.net/main_8579678/85796787250.8.jpg,data\staging\wash_tower\세탁기_건조기_세트_타워형\stg_0075.jpg,500,500,skipped_duplicate,2026-05-14T15:42:10
세탁기 건조기 세트 타워형,LG전자 워시타워 FX23EJN + RD20EJN (W20EEAN) 1개,https://search.shopping.naver.com/catalog/59307355588,https://shopping-phinf.pstatic.net/main_5930735/59307355588.20260318171516.jpg,data\staging\wash_tower\세탁기_건조기_세트_타워형\stg_0076.jpg,1000,1000,skipped_duplicate,2026-05-14T15:42:10
세탁기 건조기 세트 타워형,LG 트롬 워시타워 원바디 세탁기 건조기 세트 화이트 트루스팀,https://smartstore.naver.com/main/products/11277547564,https://shopping-phinf.pstatic.net/main_8882205/88822057895.4.jpg,data\staging\wash_tower\세탁기_건조기_세트_타워형\stg_0077.jpg,1000,1000,approved,2026-05-14T15:42:11
세탁기 건조기 세트 타워형,LG 워시타워 W20WANQ 오브제컬렉션 세탁기 + 건조기 일체형 / 화이트,https://smartstore.naver.com/main/products/10795842637,https://shopping-phinf.pstatic.net/main_8834034/88340348627.3.jpg,data\staging\wash_tower\세탁기_건조기_세트_타워형\stg_0078.jpg,568,532,skipped_duplicate,2026-05-14T15:42:11
세탁기 건조기 세트 타워형,"LG전자 워시타워 FL25EJN + RL21GJN (WL21EGN) 방문주기12개월, 의무사용 72개월",https://search.shopping.naver.com/catalog/59166113485,https://shopping-phinf.pstatic.net/main_5916611/59166113485.20260306154536.jpg,data\staging\wash_tower\세탁기_건조기_세트_타워형\stg_0079.jpg,1000,1000,skipped_duplicate,2026-05-14T15:42:12
세탁기 건조기 세트 타워형,[으뜸효율] 2025 삼성 비스포크 AI 원바디 25/22 자동세제투입 다크스틸 실버스틸,https://smartstore.naver.com/main/products/12374623164,https://shopping-phinf.pstatic.net/main_8991913/89919133881.jpg,data\staging\wash_tower\세탁기_건조기_세트_타워형\stg_0080.jpg,1080,1080,approved,2026-05-14T15:42:12
세탁기 건조기 세트 타워형,LG전자 워시타워 W20GEHN,https://search.shopping.naver.com/catalog/32456134620,https://shopping-phinf.pstatic.net/main_3245613/32456134620.20220520095953.jpg,data\staging\wash_tower\세탁기_건조기_세트_타워형\stg_0081.jpg,500,500,skipped_duplicate,2026-05-14T15:42:12
세탁기 건조기 세트 타워형,LG전자 워시타워 FX24WJN + RD20WJN (W20WHN),https://smartstore.naver.com/main/products/11514974297,https://shopping-phinf.pstatic.net/main_8905948/89059484670.jpg,data\staging\wash_tower\세탁기_건조기_세트_타워형\stg_0082.jpg,640,640,skipped_duplicate,2026-05-14T15:42:13
세탁기 건조기 세트 타워형,LG 트롬 워시타워 W20VAN 세탁기 23kg + 건조기 20kg 메탈릭 실버 방문설치,https://link.coupang.com/re/PCSNAVERPCSDP?pageKey=6681148528&ctag=6681148528&lptag=I15406817549&itemId=15406817549&vendorItemId=83744923128&spec=10305199,https://shopping-phinf.pstatic.net/main_4967059/49670595064.jpg,data\staging\wash_tower\세탁기_건조기_세트_타워형\stg_0083.jpg,532,532,skipped_duplicate,2026-05-14T15:42:13
세탁기 건조기 세트 타워형,LG전자 워시타워 FL25YJUYR + RL22MJUM (WL22YMZU),https://search.shopping.naver.com/catalog/45412645624,https://shopping-phinf.pstatic.net/main_4541264/45412645624.20240123180248.jpg,data\staging\wash_tower\세탁기_건조기_세트_타워형\stg_0084.jpg,350,350,skipped_duplicate,2026-05-14T15:42:14
세탁기 건조기 세트 타워형,LG전자 워시타워 FL25KJUR + RL22KJU (WL22KDU),https://search.shopping.naver.com/catalog/45436865619,https://shopping-phinf.pstatic.net/main_4543686/45436865619.20240124163556.jpg,data\staging\wash_tower\세탁기_건조기_세트_타워형\stg_0085.jpg,350,350,skipped_duplicate,2026-05-14T15:42:14
세탁기 건조기 세트 타워형,LG 트롬 세탁기건조기 일체형 세트 W20WHN 워시타워 24+20,https://smartstore.naver.com/main/products/10412545527,https://shopping-phinf.pstatic.net/main_8795705/87957050503.jpg,data\staging\wash_tower\세탁기_건조기_세트_타워형\stg_0086.jpg,1080,1080,skipped_duplicate,2026-05-14T15:42:14
세탁기 건조기 세트 타워형,LG전자 세탁기건조기세트 일체형 트루스팀 세탁기 24kg 건조기 21kg,https://smartstore.naver.com/main/products/10648660870,https://shopping-phinf.pstatic.net/main_8819316/88193166768.5.jpg,data\staging\wash_tower\세탁기_건조기_세트_타워형\stg_0087.jpg,1000,1000,deleted,2026-05-14T15:42:15
세탁기 건조기 세트 타워형,LG전자 세탁기건조기세트 24+20kg 워시타워 FX24WJN+RD20WJN W20WHN,https://smartstore.naver.com/main/products/10341312514,https://shopping-phinf.pstatic.net/main_8788581/87885816883.1.jpg,data\staging\wash_tower\세탁기_건조기_세트_타워형\stg_0088.jpg,1000,1000,skipped_duplicate,2026-05-14T15:42:15
세탁기 건조기 세트 타워형,LG전자 LG 트롬 AI 오브제컬렉션 워시타워 WA2525YMZF 그레이 네이비 _JS,https://link.gmarket.co.kr/gate/pcs?item-no=4439539374&sub-id=1003&service-code=10000003&lcd=100000092,https://shopping-phinf.pstatic.net/main_5522915/55229155523.5.jpg,data\staging\wash_tower\세탁기_건조기_세트_타워형\stg_0089.jpg,600,600,skipped_duplicate,2026-05-14T15:42:16
세탁기 건조기 세트 타워형,LG 트롬 오브제컬렉션 워시타워25/20kg2등급 W2520WHM 전국무료배송,https://smartstore.naver.com/main/products/13365211041,https://shopping-phinf.pstatic.net/main_9090972/90909721373.jpg,data\staging\wash_tower\세탁기_건조기_세트_타워형\stg_0090.jpg,1000,1000,skipped_duplicate,2026-05-14T15:42:16
세탁기 건조기 세트 타워형,LG전자 워시타워 FL25MJUMR + RL22YJUY (WL22MYZU),https://search.shopping.naver.com/catalog/45431893619,https://shopping-phinf.pstatic.net/main_4543189/45431893619.20240124104859.jpg,data\staging\wash_tower\세탁기_건조기_세트_타워형\stg_0091.jpg,350,350,skipped_duplicate,2026-05-14T15:42:16
세탁기 건조기 세트 타워형,삼성 비스포크 그랑데 원바디 세탁기건조기 세트 24+20 1등급 워시 타워형 블랙,https://smartstore.naver.com/main/products/9221738441,https://shopping-phinf.pstatic.net/main_8676623/86766238764.jpg,data\staging\wash_tower\세탁기_건조기_세트_타워형\stg_0092.jpg,699,699,approved,2026-05-14T15:42:17
세탁기 건조기 세트 타워형,LG 트롬 세탁기 건조기 일체형 세트 W20WHN 워시타워,https://smartstore.naver.com/main/products/11962752785,https://shopping-phinf.pstatic.net/main_8950726/89507263473.jpg,data\staging\wash_tower\세탁기_건조기_세트_타워형\stg_0093.jpg,1000,1000,deleted,2026-05-14T15:42:17
세탁기 건조기 세트 타워형,LG전자 워시타워 FL25EJUR + RL22GJU (WL22EGHU),https://search.shopping.naver.com/catalog/49071516621,https://shopping-phinf.pstatic.net/main_4907151/49071516621.20240718145649.jpg,data\staging\wash_tower\세탁기_건조기_세트_타워형\stg_0094.jpg,1000,1000,skipped_duplicate,2026-05-14T15:42:18
세탁기 건조기 세트 타워형,삼성 비스포크 AI원바디 25KG워시타워 세탁기건조기세트 WH90F2520GBHS 5년의무,http://servicebox14.godomall.com/goods/goods_view.php?goodsNo=1000002867&inflow=naver,https://shopping-phinf.pstatic.net/main_5967567/59675672538.jpg,data\staging\wash_tower\세탁기_건조기_세트_타워형\stg_0095.jpg,1000,1000,skipped_duplicate,2026-05-14T15:42:18
세탁기 건조기 세트 타워형,삼성전자 AI 25+21kg 세탁기건조기세트 워시타워 직렬설치 WF25DG8250BW2T,https://smartstore.naver.com/main/products/12412712753,https://shopping-phinf.pstatic.net/main_8995722/89957223478.jpg,data\staging\wash_tower\세탁기_건조기_세트_타워형\stg_0096.jpg,1000,1000,skipped_duplicate,2026-05-14T15:42:18
세탁기 건조기 세트 타워형,LG전자 워시타워 FL25MJUR + RL22YJU (WL22MYHU),https://search.shopping.naver.com/catalog/47785184619,https://shopping-phinf.pstatic.net/main_4778518/47785184619.20240517095730.jpg,data\staging\wash_tower\세탁기_건조기_세트_타워형\stg_0097.jpg,600,600,skipped_duplicate,2026-05-14T15:42:19
세탁기 건조기 세트 타워형,LG전자 오브제컬렉션 WL21EEHU 워시타워,https://search.shopping.naver.com/catalog/39765034619,https://shopping-phinf.pstatic.net/main_3976503/39765034619.20230503113546.jpg,data\staging\wash_tower\세탁기_건조기_세트_타워형\stg_0098.jpg,1000,1000,skipped_duplicate,2026-05-14T15:42:20
세탁기 건조기 세트 타워형,LG전자 오브제컬렉션 FX24EJN + RD20GJN (W20EGHN),https://search.shopping.naver.com/catalog/32456425619,https://shopping-phinf.pstatic.net/main_3245642/32456425619.20220520094336.jpg,data\staging\wash_tower\세탁기_건조기_세트_타워형\stg_0099.jpg,500,500,approved,2026-05-14T15:42:20
상하 결합 세탁기 건조기,LG 세탁기 건조기 렌탈 트롬 오브제컬렉션 워시콤보 25+15kg + 키높이 수납함 FH25EAEF 6년의무기간 12개월관리 구독,https://caresolution-rental.co.kr/product/detail.html?product_no=32319,https://shopping-phinf.pstatic.net/main_4695287/46952879003.jpg,data\staging\wash_tower\상하_결합_세탁기_건조기\stg_0000.jpg,662,662,deleted,2026-05-14T15:42:21
상하 결합 세탁기 건조기,삼성 상업용 세탁기/건조기 2단 키트 상하 직렬설치,https://link.gmarket.co.kr/gate/pcs?item-no=4519368960&sub-id=1003&service-code=10000003&lcd=100000092,https://shopping-phinf.pstatic.net/main_5649891/56498917266.2.jpg,data\staging\wash_tower\상하_결합_세탁기_건조기\stg_0001.jpg,600,600,deleted,2026-05-14T15:42:22
상하 결합 세탁기 건조기,삼성 상업용 세탁기/건조기 2단 키트 상하 직렬설치,https://link.coupang.com/re/PCSNAVERPCSDP?pageKey=8968435268&ctag=8968435268&lptag=I26247404120&itemId=26247404120&vendorItemId=93225988253&spec=10305199,https://shopping-phinf.pstatic.net/main_5615938/56159387254.jpg,data\staging\wash_tower\상하_결합_세탁기_건조기\stg_0002.jpg,800,800,deleted,2026-05-14T15:42:22
상하 결합 세탁기 건조기,삼성 상업용 세탁기/건조기 2단 키트 상하 직렬설치,https://link.auction.co.kr/gate/pcs?item-no=F323328709&sub-id=1&service-code=10000003,https://shopping-phinf.pstatic.net/main_5649891/56498918014.2.jpg,data\staging\wash_tower\상하_결합_세탁기_건조기\stg_0003.jpg,600,600,deleted,2026-05-14T15:42:23
상하 결합 세탁기 건조기,LG 세탁건조기렌탈 트롬 17kg+18kg F17HTP+RG18WNT 6년약정,https://rental-all.co.kr/product/detail.html?product_no=15459,https://shopping-phinf.pstatic.net/main_5921519/59215190346.jpg,data\staging\wash_tower\상하_결합_세탁기_건조기\stg_0004.jpg,450,450,deleted,2026-05-14T15:42:23
상하 결합 세탁기 건조기,LG케어솔루션 트롬 오브제컬렉션 워시타워 렌탈 25kg+22kg WL22WDU 6년의무기간 6개월관리 구독,https://caresolution-rental.co.kr/product/detail.html?product_no=29745,https://shopping-phinf.pstatic.net/main_4554538/45545386191.jpg,data\staging\wash_tower\상하_결합_세탁기_건조기\stg_0005.jpg,640,640,skipped_duplicate,2026-05-14T15:42:24
상하 결합 세탁기 건조기,LG전자 트롬 오브제컬렉션 워시타워 WL22GEHU 세탁기 건조기 세트 그린 베이지 상하,https://www.11st.co.kr/connect/Gateway.tmall?method=Xsite&prdNo=9318594979&tid=1000000061,https://shopping-phinf.pstatic.net/main_5985753/59857532449.4.jpg,data\staging\wash_tower\상하_결합_세탁기_건조기\stg_0006.jpg,855,900,approved,2026-05-14T15:42:25
상하 결합 세탁기 건조기,LG전자 트롬 오브제컬렉션 워시타워 WL22EGHU 세탁기 건조기 세트 베이지 그린 상하,https://www.11st.co.kr/connect/Gateway.tmall?method=Xsite&prdNo=9318590572&tid=1000000061,https://shopping-phinf.pstatic.net/main_5985730/59857304009.4.jpg,data\staging\wash_tower\상하_결합_세탁기_건조기\stg_0007.jpg,847,900,skipped_duplicate,2026-05-14T15:42:25
상하 결합 세탁기 건조기,LG전자 트롬 오브제컬렉션 워시타워 W20EGAN 세탁기 건조기 세트 베이지 그린 상하,https://www.11st.co.kr/connect/Gateway.tmall?method=Xsite&prdNo=8963779264&tid=1000000061,https://shopping-phinf.pstatic.net/main_5930825/59308259994.jpg,data\staging\wash_tower\상하_결합_세탁기_건조기\stg_0008.jpg,900,900,skipped_duplicate,2026-05-14T15:42:26
상하 결합 세탁기 건조기,LG전자 트롬 오브제컬렉션 워시타워 W20WZNM 세탁기 건조기 세트 화이트 상하,https://www.11st.co.kr/connect/Gateway.tmall?method=Xsite&prdNo=8963785883&tid=1000000061,https://shopping-phinf.pstatic.net/main_5824488/58244883352.jpg,data\staging\wash_tower\상하_결합_세탁기_건조기\stg_0009.jpg,900,900,approved,2026-05-14T15:42:26
상하 결합 세탁기 건조기,삼성전자 비스포크 그랑데 AI 원바디 Top-Fit WH90F2520BBHT 세탁기 건조기 세트 실버스틸 상하,https://www.11st.co.kr/connect/Gateway.tmall?method=Xsite&prdNo=9256364897&tid=1000000061,https://shopping-phinf.pstatic.net/main_5957348/59573485416.jpg,data\staging\wash_tower\상하_결합_세탁기_건조기\stg_0010.jpg,900,885,approved,2026-05-14T15:42:27
상하 결합 세탁기 건조기,XiKe W10447783 세탁조 베어링 설치 및 도구 W10435302 상하 월풀 메이태그 AP5325072,https://link.gmarket.co.kr/gate/pcs?item-no=4743956585&sub-id=1003&service-code=10000003&lcd=100000092,https://shopping-phinf.pstatic.net/main_5988563/59885638053.jpg,data\staging\wash_tower\상하_결합_세탁기_건조기\stg_0011.jpg,1457,1421,deleted,2026-05-14T15:42:28
상하 결합 세탁기 건조기,LG전자 WA2525YMHF 트롬 AI 오브제컬렉션 워시타워세탁기 건조기 세트 네이비 그레이 상하,https://www.11st.co.kr/connect/Gateway.tmall?method=Xsite&prdNo=9271270500&tid=1000000061,https://shopping-phinf.pstatic.net/main_5964528/59645282961.1.jpg,data\staging\wash_tower\상하_결합_세탁기_건조기\stg_0012.jpg,900,900,approved,2026-05-14T15:42:29
상하 결합 세탁기 건조기,LG전자 WA2525MYHF 트롬 AI 오브제컬렉션 워시타워 세탁기 건조기 세트 그레이 네이비 상하,https://www.11st.co.kr/connect/Gateway.tmall?method=Xsite&prdNo=9271266915&tid=1000000061,https://shopping-phinf.pstatic.net/main_5964529/59645297472.1.jpg,data\staging\wash_tower\상하_결합_세탁기_건조기\stg_0013.jpg,900,900,approved,2026-05-14T15:42:29
상하 결합 세탁기 건조기,LG전자 WA2525EGHF 트롬 AI 오브제컬렉션 워시타워세탁기 건조기 세트 베이지 그린 상하,https://www.11st.co.kr/connect/Gateway.tmall?method=Xsite&prdNo=9271274956&tid=1000000061,https://shopping-phinf.pstatic.net/main_5964528/59645282400.1.jpg,data\staging\wash_tower\상하_결합_세탁기_건조기\stg_0014.jpg,900,900,approved,2026-05-14T15:42:30
상하 결합 세탁기 건조기,LG전자 WA2525GGHF 트롬 AI 오브제컬렉션 워시타워 세탁기 건조기 세트 네이처그린 상하,https://www.11st.co.kr/connect/Gateway.tmall?method=Xsite&prdNo=9271288168&tid=1000000061,https://shopping-phinf.pstatic.net/main_5964526/59645262390.2.jpg,data\staging\wash_tower\상하_결합_세탁기_건조기\stg_0015.jpg,900,900,approved,2026-05-14T15:42:30
상하 결합 세탁기 건조기,(IN)삼성전자 비스포크 그랑데 AI 원바디 Top-Fit WH90F2520GBHW 세탁기 건조기 세트 상하,https://www.11st.co.kr/connect/Gateway.tmall?method=Xsite&prdNo=8987723915&tid=1000000061,https://shopping-phinf.pstatic.net/main_5836397/58363971998.jpg,data\staging\wash_tower\상하_결합_세탁기_건조기\stg_0016.jpg,900,900,skipped_duplicate,2026-05-14T15:42:31
상하 결합 세탁기 건조기,LG전자 트롬 AI 오브제컬렉션 워시타워 WA2525EGZF 세탁기 건조기 세트 베이지 그린 상하,https://www.11st.co.kr/connect/Gateway.tmall?method=Xsite&prdNo=8963727947&tid=1000000061,https://shopping-phinf.pstatic.net/main_5824490/58244909313.jpg,data\staging\wash_tower\상하_결합_세탁기_건조기\stg_0017.jpg,900,900,approved,2026-05-14T15:42:31
상하 결합 세탁기 건조기,LG전자 트롬 AI 오브제컬렉션 워시타워 WA2525GEHF 세탁기 건조기 세트 네이처그린 네이처베이지 상하,https://www.11st.co.kr/connect/Gateway.tmall?method=Xsite&prdNo=8985464180&tid=1000000061,https://shopping-phinf.pstatic.net/main_5836209/58362095048.jpg,data\staging\wash_tower\상하_결합_세탁기_건조기\stg_0018.jpg,900,798,approved,2026-05-14T15:42:32
상하 결합 세탁기 건조기,LG전자 트롬 AI 오브제컬렉션 워시타워 WA2525EGHF 세탁기 건조기 세트 베이지 그린 상하 물류 전국일부 레몬,https://www.11st.co.kr/connect/Gateway.tmall?method=Xsite&prdNo=9254796263&tid=1000000061,https://shopping-phinf.pstatic.net/main_5956996/59569963599.1.jpg,data\staging\wash_tower\상하_결합_세탁기_건조기\stg_0019.jpg,900,898,approved,2026-05-14T15:42:33
상하 결합 세탁기 건조기,샌셰어 히트 프레스 커버 15x15/16x20/16x24 상하 플래튼 2종 세트 재사용 가능한 테플론 시트 소재 (15x15),https://smartstore.naver.com/main/products/12361312106,https://shopping-phinf.pstatic.net/main_8990582/89905822823.jpg,data\staging\wash_tower\상하_결합_세탁기_건조기\stg_0020.jpg,1000,1000,deleted,2026-05-14T15:42:33
상하 결합 세탁기 건조기,LG전자 트롬 오브제컬렉션 워시타워 W21EGAM 세탁기 건조기 세트 베이지 그린 상하_킴스,https://www.11st.co.kr/connect/Gateway.tmall?method=Xsite&prdNo=9278948907&tid=1000000061,https://shopping-phinf.pstatic.net/main_5968725/59687255093.jpg,data\staging\wash_tower\상하_결합_세탁기_건조기\stg_0021.jpg,900,900,approved,2026-05-14T15:42:34
상하 결합 세탁기 건조기,옷장형 건조기 원룸용 냄새 제거 미니 접이식 옷걸이 연회색 1000W 1 . 4M 이중층 상하,https://smartstore.naver.com/main/products/13489281212,https://shopping-phinf.pstatic.net/main_9103379/91033791564.jpg,data\staging\wash_tower\상하_결합_세탁기_건조기\stg_0022.jpg,800,800,deleted,2026-05-14T15:42:34
상하 결합 세탁기 건조기,이동식 테이블 전동 상하 세탁기 조절 바닥 거치대 리프트형 다용도 스테인리스 받침대 거치대,https://www.11st.co.kr/connect/Gateway.tmall?method=Xsite&prdNo=9342172314&tid=1000000061,https://shopping-phinf.pstatic.net/main_5998923/59989237099.jpg,data\staging\wash_tower\상하_결합_세탁기_건조기\stg_0023.jpg,675,900,deleted,2026-05-14T15:42:35
상하 결합 세탁기 건조기,이동식 테이블 전동 상하 세탁기 조절 바닥 거치대 리프트형 다용도 스테인리스 받침대 거치대,https://smartstore.naver.com/main/products/13509329033,https://shopping-phinf.pstatic.net/main_9105383/91053839385.jpg,data\staging\wash_tower\상하_결합_세탁기_건조기\stg_0024.jpg,1000,1000,deleted,2026-05-14T15:42:36
상하 결합 세탁기 건조기,상하 연결 도구 세탁기 건조기 연결 브래킷 서랍형,https://smartstore.naver.com/main/products/10382979726,https://shopping-phinf.pstatic.net/main_8792748/87927484475.jpg,data\staging\wash_tower\상하_결합_세탁기_건조기\stg_0025.jpg,1000,1000,approved,2026-05-14T15:42:36
상하 결합 세탁기 건조기,LG케어솔루션 트롬 오브제컬렉션 워시타워 컴팩트 13kg+10kg 렌탈 W10WAN 6년의무기간 6개월 관리 구독,https://caresolution-rental.co.kr/product/detail.html?product_no=29423,https://shopping-phinf.pstatic.net/main_4543500/45435001050.jpg,data\staging\wash_tower\상하_결합_세탁기_건조기\stg_0026.jpg,600,600,approved,2026-05-14T15:42:37
상하 결합 세탁기 건조기,LG케어솔루션 트롬 오브제컬렉션 워시타워 컴팩트 13kg+10kg 렌탈 W10WAN 5년의무기간 6개월 관리 구독,https://caresolution-rental.co.kr/product/detail.html?product_no=29422,https://shopping-phinf.pstatic.net/main_4543506/45435062058.jpg,data\staging\wash_tower\상하_결합_세탁기_건조기\stg_0027.jpg,600,600,skipped_duplicate,2026-05-14T15:42:37
상하 결합 세탁기 건조기,LG케어솔루션 트롬 오브제컬렉션 워시타워 컴팩트 13kg+10kg 렌탈 W10EGN 4년의무기간 6개월 관리 구독,https://caresolution-rental.co.kr/product/detail.html?product_no=29418,https://shopping-phinf.pstatic.net/main_4543500/45435007587.jpg,data\staging\wash_tower\상하_결합_세탁기_건조기\stg_0028.jpg,1080,1080,approved,2026-05-14T15:42:38
상하 결합 세탁기 건조기,에어 상하90도 써큘레이터 초절전 유니맥스3535 8형 내열강화유리 유리 내열유리 공기순환,https://smartstore.naver.com/main/products/11790788162,https://shopping-phinf.pstatic.net/main_8933529/89335298749.jpg,data\staging\wash_tower\상하_결합_세탁기_건조기\stg_0029.jpg,1000,1000,deleted,2026-05-14T15:42:39
상하 결합 세탁기 건조기,셀프빨래방창업 코인 세탁기 건조기 버블맨24 무인매장 호텔 모텔 팬션 헬스장 병원 업소용 세탁장비 설치 AS 판매 20평창업,https://smartstore.naver.com/main/products/11871956368,https://shopping-phinf.pstatic.net/main_8941646/89416466976.jpg,data\staging\wash_tower\상하_결합_세탁기_건조기\stg_0030.jpg,1000,1000,deleted,2026-05-14T15:42:40
상하 결합 세탁기 건조기,셀프빨래방창업 코인 세탁기 건조기 버블맨24 무인매장 호텔 모텔 팬션 헬스장 병원 업소용 세탁장비 설치 AS 판매 25평창업,https://smartstore.naver.com/main/products/11871964904,https://shopping-phinf.pstatic.net/main_8941647/89416475498.jpg,data\staging\wash_tower\상하_결합_세탁기_건조기\stg_0031.jpg,1000,1000,deleted,2026-05-14T15:42:41
상하 결합 세탁기 건조기,셀프빨래방창업 코인 세탁기 건조기 버블맨24 무인매장 호텔 모텔 팬션 헬스장 병원 업소용 세탁장비 설치 AS 판매 15평창업,https://smartstore.naver.com/main/products/11871928674,https://shopping-phinf.pstatic.net/main_8941643/89416439268.2.jpg,data\staging\wash_tower\상하_결합_세탁기_건조기\stg_0032.jpg,1000,1000,deleted,2026-05-14T15:42:42
상하 결합 세탁기 건조기,셀프빨래방창업 코인 세탁기 건조기 버블맨24 무인매장 호텔 모텔 팬션 헬스장 병원 업소용 세탁장비 설치 AS 판매 30평창업,https://smartstore.naver.com/main/products/11871974583,https://shopping-phinf.pstatic.net/main_8941648/89416485177.jpg,data\staging\wash_tower\상하_결합_세탁기_건조기\stg_0033.jpg,1000,1000,deleted,2026-05-14T15:42:42
상하 결합 세탁기 건조기,셀프빨래방창업 코인 세탁기 건조기 버블맨24 무인매장 호텔 모텔 팬션 헬스장 병원 업소용 세탁장비 설치 AS 판매 10평창업,https://smartstore.naver.com/main/products/11871796396,https://shopping-phinf.pstatic.net/main_8941630/89416306990.jpg,data\staging\wash_tower\상하_결합_세탁기_건조기\stg_0034.jpg,1000,1000,deleted,2026-05-14T15:42:43
상하 결합 세탁기 건조기,회전 리모컨 바닥건조기 상하좌우 산업용 드라이기,https://smartstore.naver.com/main/products/12844070311,https://shopping-phinf.pstatic.net/main_9038858/90388581303.jpg,data\staging\wash_tower\상하_결합_세탁기_건조기\stg_0035.jpg,1000,1000,deleted,2026-05-14T15:42:43
상하 결합 세탁기 건조기,회전형 바닥 건조기 송풍기 냉온풍 리모컨 제습기 (냉방) 흰색 상하 수동,https://smartstore.naver.com/main/products/12983551534,https://shopping-phinf.pstatic.net/main_9052806/90528062544.jpg,data\staging\wash_tower\상하_결합_세탁기_건조기\stg_0036.jpg,1000,1000,deleted,2026-05-14T15:42:44
상하 결합 세탁기 건조기,카페트건조기 호텔 복도 바닥 러그 드라이기 송풍기 화이트 리모컨 (좌우자동-상하수동),https://smartstore.naver.com/main/products/13031640321,https://shopping-phinf.pstatic.net/main_9057615/90576151413.jpg,data\staging\wash_tower\상하_결합_세탁기_건조기\stg_0037.jpg,1000,1000,deleted,2026-05-14T15:42:44
상하 결합 세탁기 건조기,회전형 바닥 건조기 냉온풍 송풍기 리모컨 제습 냉풍화이트(좌우자동상하수동),https://smartstore.naver.com/main/products/12983550208,https://shopping-phinf.pstatic.net/main_9052806/90528061218.jpg,data\staging\wash_tower\상하_결합_세탁기_건조기\stg_0038.jpg,1000,1000,deleted,2026-05-14T15:42:45
상하 결합 세탁기 건조기,세탁기 연결 선반 폴딩 올리기 앵글랙 상하 액세서리,https://smartstore.naver.com/main/products/9920365767,https://shopping-phinf.pstatic.net/main_8746486/87464868040.jpg,data\staging\wash_tower\상하_결합_세탁기_건조기\stg_0039.jpg,1000,1000,deleted,2026-05-14T15:42:46
상하 결합 세탁기 건조기,카펫 건조기 환기 드라이기 21A 로드 DL661180 상하 블로우 제습 롤러 파워 젖은,https://smartstore.naver.com/main/products/12091427508,https://shopping-phinf.pstatic.net/main_8963593/89635938213.jpg,data\staging\wash_tower\상하_결합_세탁기_건조기\stg_0040.jpg,1000,1000,deleted,2026-05-14T15:42:46
상하 결합 세탁기 건조기,카펫 건조기 환기 드라이기 카페트 송풍기 화장실 로비 제습 화이트 리모컨+상하 좌우 회전,https://smartstore.naver.com/main/products/12052293485,https://shopping-phinf.pstatic.net/main_8959680/89596804184.jpg,data\staging\wash_tower\상하_결합_세탁기_건조기\stg_0041.jpg,1000,1000,deleted,2026-05-14T15:42:47
상하 결합 세탁기 건조기,카펫 건조기 환기 드라이기 21A 로드 DL661180 상하 블로우 제습 롤러 파워 젖은,https://smartstore.naver.com/main/products/12091427765,https://shopping-phinf.pstatic.net/main_8963593/89635938470.jpg,data\staging\wash_tower\상하_결합_세탁기_건조기\stg_0042.jpg,1000,1000,deleted,2026-05-14T15:42:47
상하 결합 세탁기 건조기,카페트건조기 호텔 복도 바닥 드라이기 송풍기 러그 화이트 리모컨 (좌우자동-상하수동),https://smartstore.naver.com/main/products/12079975239,https://shopping-phinf.pstatic.net/main_8962448/89624485937.jpg,data\staging\wash_tower\상하_결합_세탁기_건조기\stg_0043.jpg,1000,1000,deleted,2026-05-14T15:42:48
상하 결합 세탁기 건조기,교체 수리 보수 세탁기 호스 연결구 상하 커넥터 배관 파이프 38mm 일자형 배수 연장,https://link.auction.co.kr/gate/pcs?item-no=E868377241&sub-id=1&service-code=10000003,https://shopping-phinf.pstatic.net/main_5255420/52554204586.1.jpg,data\staging\wash_tower\상하_결합_세탁기_건조기\stg_0044.jpg,992,1000,deleted,2026-05-14T15:42:48
상하 결합 세탁기 건조기,교체 수리 보수 세탁기 호스 연결구 상하 커넥터 배관 파이프 38mm 일자형 배수 연장,https://link.gmarket.co.kr/gate/pcs?item-no=4290587216&sub-id=1003&service-code=10000003&lcd=100000014,https://shopping-phinf.pstatic.net/main_5255440/52554409693.1.jpg,data\staging\wash_tower\상하_결합_세탁기_건조기\stg_0045.jpg,992,1000,deleted,2026-05-14T15:42:49
상하 결합 세탁기 건조기,바닥 제습기 드라이어 수영장 타일바닥 폭설 카펫 220v 상하 블로워 단일상품 욕실,https://smartstore.naver.com/main/products/11911680502,https://shopping-phinf.pstatic.net/main_8945619/89456191111.jpg,data\staging\wash_tower\상하_결합_세탁기_건조기\stg_0046.jpg,1000,1000,deleted,2026-05-14T15:42:50
상하 결합 세탁기 건조기,스크린 높이 조절식 27인치 키보드지원 모니터 상하 스탠드V200 티비 듀얼스크린 침대,https://smartstore.naver.com/main/products/12307261462,https://shopping-phinf.pstatic.net/main_8985177/89851772179.jpg,data\staging\wash_tower\상하_결합_세탁기_건조기\stg_0047.jpg,1000,1000,deleted,2026-05-14T15:42:50
상하 결합 세탁기 건조기,스크린 높이 조절식 듀얼스크린 키보드지원 스탠드V200 27인치 상하 침대 티비 모니터,https://smartstore.naver.com/main/products/12379056123,https://shopping-phinf.pstatic.net/main_8992356/89923566840.jpg,data\staging\wash_tower\상하_결합_세탁기_건조기\stg_0048.jpg,1000,1000,deleted,2026-05-14T15:42:51
상하 결합 세탁기 건조기,이동식 전동 테이블 리프트 높이조절 핸드카 상하 구르마 소형,https://smartstore.naver.com/main/products/12207240046,https://shopping-phinf.pstatic.net/main_8975175/89751750751.jpg,data\staging\wash_tower\상하_결합_세탁기_건조기\stg_0049.jpg,1000,1000,deleted,2026-05-14T15:42:52
상하 결합 세탁기 건조기,세탁실 상단설치키트 연결 적층 상하단 스태킹 하중,https://link.auction.co.kr/gate/pcs?item-no=D557114572&sub-id=1&service-code=10000003,https://shopping-phinf.pstatic.net/main_5415410/54154104554.1.jpg,data\staging\wash_tower\상하_결합_세탁기_건조기\stg_0050.jpg,1000,1000,deleted,2026-05-14T15:42:52
상하 결합 세탁기 건조기,대용량 접이식 의류 건조기 상하 분리형 저온 살균,https://link.gmarket.co.kr/gate/pcs?item-no=4726705241&sub-id=1003&service-code=10000003&lcd=100000092,https://shopping-phinf.pstatic.net/main_5964802/59648020147.jpg,data\staging\wash_tower\상하_결합_세탁기_건조기\stg_0051.jpg,1000,1000,deleted,2026-05-14T15:42:53
상하 결합 세탁기 건조기,대용량 접이식 의류 건조기 상하 분리형 저온 살균,https://www.11st.co.kr/connect/Gateway.tmall?method=Xsite&prdNo=9271953857&tid=1000000061,https://shopping-phinf.pstatic.net/main_5964772/59647721338.jpg,data\staging\wash_tower\상하_결합_세탁기_건조기\stg_0052.jpg,900,900,deleted,2026-05-14T15:42:53
상하 결합 세탁기 건조기,대용량 접이식 의류 건조기 상하 분리형 저온 살균,https://link.auction.co.kr/gate/pcs?item-no=F534105319&sub-id=1&service-code=10000003,https://shopping-phinf.pstatic.net/main_5964764/59647641259.jpg,data\staging\wash_tower\상하_결합_세탁기_건조기\stg_0053.jpg,1000,1000,deleted,2026-05-14T15:42:54
상하 결합 세탁기 건조기,대용량 접이식 의류 건조기 상하 분리형 저온 살균,https://smartstore.naver.com/main/products/13394224792,https://shopping-phinf.pstatic.net/main_9093873/90938735128.jpg,data\staging\wash_tower\상하_결합_세탁기_건조기\stg_0054.jpg,1000,1000,deleted,2026-05-14T15:42:55
상하 결합 세탁기 건조기,소형 바닥 건조기 상하바람 회전 업소용 송풍기,https://smartstore.naver.com/main/products/9610017094,https://shopping-phinf.pstatic.net/main_8715451/87154519364.jpg,data\staging\wash_tower\상하_결합_세탁기_건조기\stg_0055.jpg,1000,1000,deleted,2026-05-14T15:42:55
상하 결합 세탁기 건조기,세탁기 건조기 리프팅기 높이조절 상하 위치조절,https://link.gmarket.co.kr/gate/pcs?item-no=4739854523&sub-id=1003&service-code=10000003&lcd=100000076,https://shopping-phinf.pstatic.net/main_5981977/59819778642.jpg,data\staging\wash_tower\상하_결합_세탁기_건조기\stg_0056.jpg,1000,1000,deleted,2026-05-14T15:42:56
상하 결합 세탁기 건조기,세탁기 건조기 리프팅기 높이조절 상하 위치조절,https://www.11st.co.kr/connect/Gateway.tmall?method=Xsite&prdNo=9310975140&tid=1000000061,https://shopping-phinf.pstatic.net/main_5981869/59818693418.1.jpg,data\staging\wash_tower\상하_결합_세탁기_건조기\stg_0057.jpg,900,900,deleted,2026-05-14T15:42:57
상하 결합 세탁기 건조기,세탁기 건조기 리프팅기 높이조절 상하 위치조절,https://link.auction.co.kr/gate/pcs?item-no=F547476951&sub-id=1&service-code=10000003,https://shopping-phinf.pstatic.net/main_5981856/59818564670.jpg,data\staging\wash_tower\상하_결합_세탁기_건조기\stg_0058.jpg,1000,1000,deleted,2026-05-14T15:42:58
상하 결합 세탁기 건조기,이동식 리프트형 거치대 거치대 전동 다용도 조절 세탁기 상하 스테인리스 받침대 테이블 바닥,https://smartstore.naver.com/main/products/12983199748,https://shopping-phinf.pstatic.net/main_9052771/90527710758.jpg,data\staging\wash_tower\상하_결합_세탁기_건조기\stg_0059.jpg,1000,1000,deleted,2026-05-14T15:42:59
상하 결합 세탁기 건조기,바닥건조기 회전 리모컨 냉풍 바닥기 냉온 좌우 카펫 모델 냉풍 봄여름 화이트 상하 자동,https://smartstore.naver.com/main/products/13500423722,https://shopping-phinf.pstatic.net/main_9104493/91044934074.jpg,data\staging\wash_tower\상하_결합_세탁기_건조기\stg_0060.jpg,800,800,deleted,2026-05-14T15:42:59
상하 결합 세탁기 건조기,이동식 전동 테이블 거치대 바닥 세탁기 받침대 상하 거치대 조절 스테인리스 리프트형 다용도,https://smartstore.naver.com/main/products/13500744278,https://shopping-phinf.pstatic.net/main_9104525/91045254630.jpg,data\staging\wash_tower\상하_결합_세탁기_건조기\stg_0061.jpg,1000,1000,deleted,2026-05-14T15:43:00
상하 결합 세탁기 건조기,카펫 건조기 드라이기 카페트 호텔 바닥 송풍기 냉풍 봄여름 블랙 상하 자동,https://smartstore.naver.com/main/products/13358731604,https://shopping-phinf.pstatic.net/main_9090324/90903241936.jpg,data\staging\wash_tower\상하_결합_세탁기_건조기\stg_0062.jpg,800,800,deleted,2026-05-14T15:43:00
상하 결합 세탁기 건조기,접이식 양말 전용 미니세탁기 행주 세탁기 웜핑크 12L 블루라이트 + 상하배수관,https://smartstore.naver.com/main/products/13336374392,https://shopping-phinf.pstatic.net/main_9088088/90880884724.jpg,data\staging\wash_tower\상하_결합_세탁기_건조기\stg_0063.jpg,1440,1622,deleted,2026-05-14T15:43:01
상하 결합 세탁기 건조기,듀얼 릴레이 출력 및 도징 펌프를 갖춘 pH 컨트롤러 제어 상하 자동 온도,https://link.auction.co.kr/gate/pcs?item-no=F556965834&sub-id=1&service-code=10000003,https://shopping-phinf.pstatic.net/main_5997207/59972073001.jpg,data\staging\wash_tower\상하_결합_세탁기_건조기\stg_0064.jpg,1500,1262,deleted,2026-05-14T15:43:02
상하 결합 세탁기 건조기,삼성 상업용 세탁기/건조기 2단 키트 상하 직렬설치,https://smartstore.naver.com/main/products/11529870604,https://shopping-phinf.pstatic.net/main_8907438/89074381010.jpg,data\staging\wash_tower\상하_결합_세탁기_건조기\stg_0065.jpg,800,800,deleted,2026-05-14T15:43:03
상하 결합 세탁기 건조기,람작 열풍다리미 의류빨래건조기 만능다리미 상하세트,https://link.gmarket.co.kr/gate/pcs?item-no=4377665360&sub-id=1003&service-code=10000003&lcd=100000092,https://shopping-phinf.pstatic.net/main_5404338/54043380785.1.jpg,data\staging\wash_tower\상하_결합_세탁기_건조기\stg_0066.jpg,550,550,deleted,2026-05-14T15:43:04
상하 결합 세탁기 건조기,이동식 상하 리프트형 테이블 세탁기 받침대 조절 거치대 거치대 전동 바닥 스테인리스 다용도,https://smartstore.naver.com/main/products/13311661272,https://shopping-phinf.pstatic.net/main_9085617/90856171604.jpg,data\staging\wash_tower\상하_결합_세탁기_건조기\stg_0067.jpg,1000,1000,deleted,2026-05-14T15:43:04
상하 결합 세탁기 건조기,이동식 전동 상하 테이블 세탁기 받침대 스테인리스 거치대 조절 다용도 거치대 리프트형 바닥,https://smartstore.naver.com/main/products/13304572690,https://shopping-phinf.pstatic.net/main_9084908/90849083022.jpg,data\staging\wash_tower\상하_결합_세탁기_건조기\stg_0068.jpg,1000,1000,deleted,2026-05-14T15:43:05
상하 결합 세탁기 건조기,이동식 바닥 거치대 전동 받침대 조절 세탁기 거치대 다용도 스테인리스 상하 리프트형 테이블,https://smartstore.naver.com/main/products/13203601666,https://shopping-phinf.pstatic.net/main_9074811/90748112763.jpg,data\staging\wash_tower\상하_결합_세탁기_건조기\stg_0069.jpg,1000,1000,deleted,2026-05-14T15:43:05
상하 결합 세탁기 건조기,람작 열풍다리미 의류빨래건조기 만능다리미 상하세트,http://with.gsshop.com/alia/aliaGate.gs?media=OB&ecpid=65055020&vodFlag=N&prdseqnum=65055020&utm_source=price&utm_medium=affiliate&utm_campaign=naver,https://shopping-phinf.pstatic.net/main_5046507/50465075206.jpg,data\staging\wash_tower\상하_결합_세탁기_건조기\stg_0070.jpg,550,550,deleted,2026-05-14T15:43:06
상하 결합 세탁기 건조기,람작 열풍다리미 의류빨래건조기 만능다리미 상하세트,http://shinsegaemall.ssg.com/item/itemView.ssg?itemId=1000055292108&siteNo=6004&salestrNo=6005&ckwhere=s_naver&appPopYn=n&utm_medium=PCS&utm_source=naver&utm_campaign=naver_pcs,https://shopping-phinf.pstatic.net/main_2508777/25087777100.jpg,data\staging\wash_tower\상하_결합_세탁기_건조기\stg_0071.jpg,350,350,deleted,2026-05-14T15:43:06
상하 결합 세탁기 건조기,이동식 상하 테이블 거치대 다용도 스테인리스 거치대 세탁기 전동 조절 바닥 받침대 리프트형,https://smartstore.naver.com/main/products/13093775550,https://shopping-phinf.pstatic.net/main_9063828/90638286642.jpg,data\staging\wash_tower\상하_결합_세탁기_건조기\stg_0072.jpg,1000,1000,deleted,2026-05-14T15:43:07
상하 결합 세탁기 건조기,상하냉온수 세탁기 밸브 호스연결 설치 수압조절 자동잠금,https://smartstore.naver.com/main/products/11501655399,https://shopping-phinf.pstatic.net/main_8904616/89046165764.jpg,data\staging\wash_tower\상하_결합_세탁기_건조기\stg_0073.jpg,1000,1000,deleted,2026-05-14T15:43:08
상하 결합 세탁기 건조기,상하좌우 QMPSKFKO 운동화솔 색상랜덤 x5개 빨랫솔 세탁솔,https://smartstore.naver.com/main/products/13310649788,https://shopping-phinf.pstatic.net/main_9085516/90855160120.jpg,data\staging\wash_tower\상하_결합_세탁기_건조기\stg_0074.jpg,600,600,deleted,2026-05-14T15:43:08
상하 결합 세탁기 건조기,세탁기물빠짐호스 신형 대 상하좌우절곡형 길이조절배수구호스,https://smartstore.naver.com/main/products/10164275527,https://shopping-phinf.pstatic.net/main_8770877/87708778869.jpg,data\staging\wash_tower\상하_결합_세탁기_건조기\stg_0075.jpg,1000,1000,deleted,2026-05-14T15:43:09
상하 결합 세탁기 건조기,세탁기 배수관 완전 자동 드럼 연장 파이프 범용 다운 워터 배출 상하 수도관 호스,https://smartstore.naver.com/main/products/6550010782,https://shopping-phinf.pstatic.net/main_8409451/84094511115.jpg,data\staging\wash_tower\상하_결합_세탁기_건조기\stg_0076.jpg,800,800,deleted,2026-05-14T15:43:10
상하 결합 세탁기 건조기,호텔 복도 바닥 송풍기 화이트 (좌우자동-상하수동) 리모컨 드라이기 러그,https://smartstore.naver.com/main/products/12094332817,https://shopping-phinf.pstatic.net/main_8963884/89638843522.jpg,data\staging\wash_tower\상하_결합_세탁기_건조기\stg_0077.jpg,1000,1000,deleted,2026-05-14T15:43:11
상하 결합 세탁기 건조기,운동화 신발 가정용 쇼어랙 보관자외선오존 4층 제로 6단 상하 빨리 168L,https://smartstore.naver.com/main/products/11946595615,https://shopping-phinf.pstatic.net/main_8949110/89491106302.jpg,data\staging\wash_tower\상하_결합_세탁기_건조기\stg_0078.jpg,1000,1000,deleted,2026-05-14T15:43:11
상하 결합 세탁기 건조기,변기 부품 상하 커버 나사 퀵 릴리스 시트 화장실 액세서리 플라스틱,https://smartstore.naver.com/main/products/6534761348,https://shopping-phinf.pstatic.net/main_8407926/84079261681.jpg,data\staging\wash_tower\상하_결합_세탁기_건조기\stg_0079.jpg,800,800,deleted,2026-05-14T15:43:12
상하 결합 세탁기 건조기,변기 부품 상하 커버 고정 수리에 사용되는 플라스틱 나사 가정용 원형,https://smartstore.naver.com/main/products/6534752448,https://shopping-phinf.pstatic.net/main_8407925/84079252781.jpg,data\staging\wash_tower\상하_결합_세탁기_건조기\stg_0080.jpg,750,750,deleted,2026-05-14T15:43:12
상하 결합 세탁기 건조기,세탁실 상단설치키트 연결 적층 상하단 스태킹 하중 실버/ 폭 600 깊이 620,https://smartstore.naver.com/main/products/9104512854,https://shopping-phinf.pstatic.net/main_8664901/86649013177.jpg,data\staging\wash_tower\상하_결합_세탁기_건조기\stg_0081.jpg,1000,1000,deleted,2026-05-14T15:43:13
상하 결합 세탁기 건조기,신발 건조기 슬리퍼운동화 소독기 캐비닛 세탁기 양문형 380L+상하 독립 제어 블랙 오존,https://smartstore.naver.com/main/products/13478864503,https://shopping-phinf.pstatic.net/main_9102337/91023374855.jpg,data\staging\wash_tower\상하_결합_세탁기_건조기\stg_0082.jpg,750,1000,deleted,2026-05-14T15:43:14
상하 결합 세탁기 건조기,이동식 상하 테이블 거치대 다용도 스테인리스 거치대 세탁기 전기식 바닥 리프트형 받침대 조절,https://smartstore.naver.com/main/products/13456260144,https://shopping-phinf.pstatic.net/main_9100077/91000770496.jpg,data\staging\wash_tower\상하_결합_세탁기_건조기\stg_0083.jpg,551,1000,deleted,2026-05-14T15:43:14
상하 결합 세탁기 건조기,접이식 수건 양말 전용 미니세탁기 미니 세탁기 행주 그레이화이트 12L 상하 배수관,https://smartstore.naver.com/main/products/13385295088,https://shopping-phinf.pstatic.net/main_9092980/90929805424.jpg,data\staging\wash_tower\상하_결합_세탁기_건조기\stg_0084.jpg,1440,1440,deleted,2026-05-14T15:43:15
상하 결합 세탁기 건조기,상하좌우 꺽이는 세탁기 배수구호스 소 세탁기 배수 주름호스,https://smartstore.naver.com/main/products/10253723052,https://shopping-phinf.pstatic.net/main_8779822/87798226750.jpg,data\staging\wash_tower\상하_결합_세탁기_건조기\stg_0085.jpg,1000,1000,deleted,2026-05-14T15:43:15
상하 결합 세탁기 건조기,카펫 건조기 환기 드라이기 바닥 화장실 욕실 말리기 21AR 화이트상하진동자동 270x240x320mm,https://smartstore.naver.com/main/products/13086314803,https://shopping-phinf.pstatic.net/main_9063082/90630825894.jpg,data\staging\wash_tower\상하_결합_세탁기_건조기\stg_0086.jpg,1200,1600,deleted,2026-05-14T15:43:16
상하 결합 세탁기 건조기,접이식 양말 전용 미니세탁기 행주 세탁기 웜핑크 12L 블루라이트 + 상하배수관,https://smartstore.naver.com/main/products/13143178645,https://shopping-phinf.pstatic.net/main_9068768/90687689738.jpg,data\staging\wash_tower\상하_결합_세탁기_건조기\stg_0087.jpg,1440,1622,deleted,2026-05-14T15:43:16
상하 결합 세탁기 건조기,가정용 신발건조기 소형 향온 신발 건조기 보라색 10항균 상하조절,https://smartstore.naver.com/main/products/11387608970,https://shopping-phinf.pstatic.net/main_8893211/88932119335.jpg,data\staging\wash_tower\상하_결합_세탁기_건조기\stg_0088.jpg,800,800,deleted,2026-05-14T15:43:17
상하 결합 세탁기 건조기,카펫 건조기 환기 드라이기 송풍기 화이트 산업용 화장실 21AR 상하 냉풍 270x240x320mm,https://smartstore.naver.com/main/products/12240040637,https://shopping-phinf.pstatic.net/main_8978455/89784551353.jpg,data\staging\wash_tower\상하_결합_세탁기_건조기\stg_0089.jpg,1000,1000,deleted,2026-05-14T15:43:17
상하 결합 세탁기 건조기,상하좌우 꺽이는 세탁기 배수구호스 소 세탁기 배수 주름호스,https://link.gmarket.co.kr/gate/pcs?item-no=3427510178&sub-id=1003&service-code=10000003&lcd=100000092,https://shopping-phinf.pstatic.net/main_5310917/53109175125.1.jpg,data\staging\wash_tower\상하_결합_세탁기_건조기\stg_0090.jpg,600,600,deleted,2026-05-14T15:43:18
상하 결합 세탁기 건조기,의류건조기 자동다리미이불 건조기 소독 장롱 아동 상하 접이식 팬티 출력측 공방용 실물,https://smartstore.naver.com/main/products/5344513368,https://shopping-phinf.pstatic.net/main_8288900/82889006228.jpg,data\staging\wash_tower\상하_결합_세탁기_건조기\stg_0091.jpg,400,400,deleted,2026-05-14T15:43:18
상하 결합 세탁기 건조기,E90 E91 E92 E84용 패드 상하 마운트 프론트 스프링 커버 더스트 X1 스트럿 1 SET,https://smartstore.naver.com/main/products/13343299013,https://shopping-phinf.pstatic.net/main_9088780/90887809345.jpg,data\staging\wash_tower\상하_결합_세탁기_건조기\stg_0092.jpg,1000,1000,deleted,2026-05-14T15:43:19
상하 결합 세탁기 건조기,충전용 탈수기 속옷 양말 웜핑크 12l 블루라이트 + 상하배수관,https://smartstore.naver.com/main/products/13023398588,https://shopping-phinf.pstatic.net/main_9056790/90567909680.jpg,data\staging\wash_tower\상하_결합_세탁기_건조기\stg_0093.jpg,1440,1920,deleted,2026-05-14T15:43:20
상하 결합 세탁기 건조기,충전용 탈수기 빤스 속옷 양말 미니 만능 웜핑크 12L 블루라이트+상하배수관,https://smartstore.naver.com/main/products/12943914146,https://shopping-phinf.pstatic.net/main_9048842/90488425156.jpg,data\staging\wash_tower\상하_결합_세탁기_건조기\stg_0094.jpg,1179,1179,deleted,2026-05-14T15:43:20
상하 결합 세탁기 건조기,더패스터 의류관리기 건조기 스타일러 소형  380L 상하문 자외선+오존+적외선  표준 구성,https://link.coupang.com/re/PCSNAVERPCSDP?pageKey=9287746319&ctag=9287746319&lptag=I27504458403&itemId=27504458403&vendorItemId=94469483852&spec=10305199,https://shopping-phinf.pstatic.net/main_5998380/59983803270.jpg,data\staging\wash_tower\상하_결합_세탁기_건조기\stg_0095.jpg,800,800,deleted,2026-05-14T15:43:21
상하 결합 세탁기 건조기,카페트 건조기 바닥 송풍기 화장실 제습 업소용 호텔 냉난방/화이트/리모컨/상하좌우,https://smartstore.naver.com/main/products/9308003443,https://shopping-phinf.pstatic.net/main_8685250/86852503766.3.jpg,data\staging\wash_tower\상하_결합_세탁기_건조기\stg_0096.jpg,1000,1000,deleted,2026-05-14T15:43:21
상하 결합 세탁기 건조기,XiKe W10447783 세탁조 베어링 설치 및 제거 도구 W10435302 상하 월풀 메이태그 AP5325072 2118925 W10435274 W10435285,https://smartstore.naver.com/main/products/13507602438,https://shopping-phinf.pstatic.net/main_9105211/91052112790.jpg,data\staging\wash_tower\상하_결합_세탁기_건조기\stg_0097.jpg,1457,1421,deleted,2026-05-14T15:43:22
상하 결합 세탁기 건조기,XiKe W10447783 세탁조 베어링 설치 및 제거 도구 W10435302 상하 월풀 메이태그 AP5325072 2118925 W10435274 W10435285,https://smartstore.naver.com/main/products/13499304092,https://shopping-phinf.pstatic.net/main_9104381/91043814444.jpg,data\staging\wash_tower\상하_결합_세탁기_건조기\stg_0098.jpg,1457,1421,deleted,2026-05-14T15:43:23
상하 결합 세탁기 건조기,XiKe W10447783 세탁조 베어링 설치 및 제거 도구 W10435302 상하 월풀 메이태그 AP5325072 2118925 W10435274 W10435285,https://smartstore.naver.com/main/products/13456283124,https://shopping-phinf.pstatic.net/main_9100079/91000793476.jpg,data\staging\wash_tower\상하_결합_세탁기_건조기\stg_0099.jpg,1457,1421,deleted,2026-05-14T15:43:23
